# OBJ
# COMPAS
# version: 2.1.1
# precision: 3
# V F E: 6940 8793 15701

o Mesh 0
v -1.595 -0.091 0.022
v -1.595 -0.091 0.009
v -1.682 0.061 0.022
v -1.682 0.061 0.009
v -1.607 -0.069 0.022
v -1.620 -0.047 0.022
v -1.632 -0.026 0.022
v -1.645 -0.004 0.022
v -1.657 0.018 0.022
v -1.669 0.040 0.022
v -1.664 0.031 0.009
v -1.647 0.000 0.009
v -1.630 -0.030 0.009
v -1.612 -0.060 0.009
v -1.673 0.115 0.022
v -1.657 0.087 0.022
v -1.641 0.059 0.022
v -1.625 0.030 0.022
v -1.609 0.002 0.022
v -1.593 -0.026 0.022
v -1.576 -0.054 0.022
v -1.560 -0.082 0.022
v -1.544 -0.111 0.022
v -1.644 0.132 0.022
v -1.628 0.104 0.022
v -1.611 0.076 0.022
v -1.595 0.047 0.022
v -1.579 0.019 0.022
v -1.563 -0.009 0.022
v -1.547 -0.037 0.022
v -1.531 -0.065 0.022
v -1.515 -0.094 0.022
v -1.614 0.149 0.022
v -1.598 0.121 0.022
v -1.582 0.093 0.022
v -1.566 0.064 0.022
v -1.550 0.036 0.022
v -1.533 0.008 0.022
v -1.517 -0.020 0.022
v -1.501 -0.048 0.022
v -1.485 -0.077 0.022
v -1.585 0.166 0.022
v -1.568 0.138 0.022
v -1.552 0.109 0.022
v -1.536 0.081 0.022
v -1.520 0.053 0.022
v -1.504 0.025 0.022
v -1.488 -0.003 0.022
v -1.472 -0.031 0.022
v -1.455 -0.060 0.022
v -1.555 0.183 0.022
v -1.539 0.155 0.022
v -1.523 0.126 0.022
v -1.507 0.098 0.022
v -1.490 0.070 0.022
v -1.474 0.042 0.022
v -1.458 0.014 0.022
v -1.442 -0.015 0.022
v -1.426 -0.043 0.022
v -1.526 0.200 0.022
v -1.509 0.172 0.022
v -1.493 0.143 0.022
v -1.477 0.115 0.022
v -1.461 0.087 0.022
v -1.445 0.059 0.022
v -1.429 0.031 0.022
v -1.412 0.002 0.022
v -1.396 -0.026 0.022
v -1.496 0.217 0.022
v -1.431 0.104 0.022
v -1.367 -0.009 0.022
v -1.466 0.234 0.022
v -1.402 0.121 0.022
v -1.337 0.008 0.022
v -1.437 0.251 0.022
v -1.421 0.222 0.022
v -1.404 0.194 0.022
v -1.388 0.166 0.022
v -1.372 0.138 0.022
v -1.356 0.110 0.022
v -1.340 0.081 0.022
v -1.324 0.053 0.022
v -1.307 0.025 0.022
v -1.407 0.268 0.022
v -1.391 0.239 0.022
v -1.375 0.211 0.022
v -1.359 0.183 0.022
v -1.343 0.155 0.022
v -1.326 0.127 0.022
v -1.310 0.098 0.022
v -1.294 0.070 0.022
v -1.278 0.042 0.022
v -1.297 -0.007 0.022
v -1.319 -0.019 0.022
v -1.341 -0.031 0.022
v -1.362 -0.044 0.022
v -1.384 -0.056 0.022
v -1.406 -0.069 0.022
v -1.427 -0.081 0.022
v -1.449 -0.094 0.022
v -1.471 -0.106 0.022
v -1.492 -0.118 0.022
v -1.269 0.096 0.022
v -1.266 0.090 0.022
v -1.264 0.084 0.022
v -1.262 0.078 0.022
v -1.261 0.072 0.022
v -1.260 0.065 0.022
v -1.260 0.058 0.022
v -1.260 0.052 0.022
v -1.261 0.045 0.022
v -1.262 0.038 0.022
v -1.265 0.032 0.022
v -1.267 0.025 0.022
v -1.270 0.020 0.022
v -1.274 0.014 0.022
v -1.278 0.009 0.022
v -1.283 0.004 0.022
v -1.287 0.000 0.022
v -1.293 -0.004 0.022
v -1.279 0.079 0.022
v -1.302 0.084 0.022
v -1.295 0.107 0.022
v -1.287 0.093 0.022
v -1.286 0.056 0.022
v -1.271 0.065 0.022
v -1.299 0.011 0.022
v -1.293 0.034 0.022
v -1.285 0.019 0.022
v -1.329 -0.006 0.022
v -1.322 0.017 0.022
v -1.314 0.002 0.022
v -1.295 0.004 0.022
v -1.310 -0.005 0.022
v -1.307 0.007 0.022
v -1.303 -0.000 0.022
v -1.356 0.248 0.022
v -1.344 0.226 0.022
v -1.332 0.204 0.022
v -1.319 0.183 0.022
v -1.307 0.161 0.022
v -1.294 0.139 0.022
v -1.282 0.118 0.022
v -1.459 0.275 0.022
v -1.453 0.278 0.022
v -1.447 0.281 0.022
v -1.441 0.283 0.022
v -1.435 0.284 0.022
v -1.428 0.285 0.022
v -1.421 0.285 0.022
v -1.415 0.285 0.022
v -1.408 0.284 0.022
v -1.401 0.283 0.022
v -1.395 0.280 0.022
v -1.388 0.278 0.022
v -1.383 0.274 0.022
v -1.377 0.271 0.022
v -1.372 0.267 0.022
v -1.367 0.262 0.022
v -1.363 0.258 0.022
v -1.359 0.252 0.022
v -1.445 0.265 0.022
v -1.452 0.242 0.022
v -1.474 0.248 0.022
v -1.460 0.256 0.022
v -1.422 0.259 0.022
v -1.430 0.273 0.022
v -1.376 0.248 0.022
v -1.399 0.254 0.022
v -1.384 0.262 0.022
v -1.360 0.220 0.022
v -1.383 0.225 0.022
v -1.368 0.234 0.022
v -1.361 0.238 0.022
v -1.372 0.241 0.022
v -1.369 0.252 0.022
v -1.365 0.245 0.022
v -1.595 -0.091 0.022
v -1.607 -0.069 0.022
v -1.620 -0.047 0.022
v -1.632 -0.026 0.022
v -1.645 -0.004 0.022
v -1.657 0.018 0.022
v -1.669 0.040 0.022
v -1.682 0.061 0.022
v -1.498 -0.121 0.022
v -1.504 -0.124 0.022
v -1.510 -0.126 0.022
v -1.517 -0.127 0.022
v -1.523 -0.128 0.022
v -1.530 -0.128 0.022
v -1.537 -0.128 0.022
v -1.544 -0.127 0.022
v -1.550 -0.126 0.022
v -1.557 -0.123 0.022
v -1.563 -0.121 0.022
v -1.569 -0.117 0.022
v -1.574 -0.114 0.022
v -1.579 -0.110 0.022
v -1.584 -0.105 0.022
v -1.588 -0.101 0.022
v -1.592 -0.095 0.022
v -1.477 -0.091 0.022
v -1.506 -0.108 0.022
v -1.500 -0.085 0.022
v -1.492 -0.099 0.022
v -1.529 -0.102 0.022
v -1.521 -0.116 0.022
v -1.552 -0.096 0.022
v -1.575 -0.091 0.022
v -1.567 -0.105 0.022
v -1.568 -0.068 0.022
v -1.591 -0.063 0.022
v -1.583 -0.077 0.022
v -1.579 -0.084 0.022
v -1.582 -0.095 0.022
v -1.591 -0.081 0.022
v -1.586 -0.088 0.022
v -1.654 0.164 0.022
v -1.632 0.176 0.022
v -1.611 0.188 0.022
v -1.589 0.201 0.022
v -1.567 0.213 0.022
v -1.546 0.226 0.022
v -1.524 0.238 0.022
v -1.502 0.251 0.022
v -1.481 0.263 0.022
v -1.684 0.066 0.022
v -1.687 0.072 0.022
v -1.689 0.078 0.022
v -1.690 0.084 0.022
v -1.691 0.091 0.022
v -1.692 0.097 0.022
v -1.692 0.104 0.022
v -1.691 0.111 0.022
v -1.689 0.117 0.022
v -1.687 0.124 0.022
v -1.685 0.130 0.022
v -1.682 0.136 0.022
v -1.678 0.142 0.022
v -1.674 0.147 0.022
v -1.669 0.152 0.022
v -1.665 0.156 0.022
v -1.660 0.160 0.022
v -1.649 0.073 0.022
v -1.656 0.050 0.022
v -1.672 0.078 0.022
v -1.664 0.064 0.022
v -1.668 0.071 0.022
v -1.671 0.060 0.022
v -1.679 0.074 0.022
v -1.675 0.067 0.022
v -1.665 0.101 0.022
v -1.680 0.092 0.022
v -1.652 0.146 0.022
v -1.659 0.124 0.022
v -1.667 0.138 0.022
v -1.622 0.163 0.022
v -1.629 0.140 0.022
v -1.637 0.155 0.022
v -1.359 0.031 0.022
v -1.358 0.032 0.022
v -1.357 0.033 0.022
v -1.345 0.022 0.022
v -1.352 -0.000 0.022
v -1.375 0.005 0.022
v -1.360 0.014 0.022
v -1.349 0.029 0.022
v -1.353 0.018 0.022
v -1.364 0.021 0.022
v -1.357 0.025 0.022
v -1.316 0.039 0.022
v -1.338 0.045 0.022
v -1.330 0.031 0.022
v -1.351 0.033 0.022
v -1.353 0.027 0.022
v -1.359 0.029 0.022
v -1.355 0.031 0.022
v -1.332 0.067 0.022
v -1.334 0.038 0.022
v -1.338 0.026 0.022
v -1.346 0.041 0.022
v -1.342 0.034 0.022
v -1.354 0.036 0.022
v -1.352 0.040 0.022
v -1.350 0.044 0.022
v -1.349 0.048 0.022
v -1.347 0.052 0.022
v -1.347 0.057 0.022
v -1.346 0.061 0.022
v -1.346 0.066 0.022
v -1.347 0.070 0.022
v -1.348 0.074 0.022
v -1.349 0.078 0.022
v -1.350 0.083 0.022
v -1.352 0.086 0.022
v -1.355 0.090 0.022
v -1.357 0.094 0.022
v -1.361 0.097 0.022
v -1.364 0.099 0.022
v -1.368 0.102 0.022
v -1.372 0.104 0.022
v -1.376 0.105 0.022
v -1.380 0.106 0.022
v -1.384 0.106 0.022
v -1.389 0.106 0.022
v -1.393 0.106 0.022
v -1.397 0.105 0.022
v -1.402 0.103 0.022
v -1.405 0.101 0.022
v -1.409 0.099 0.022
v -1.412 0.096 0.022
v -1.415 0.092 0.022
v -1.418 0.089 0.022
v -1.420 0.085 0.022
v -1.422 0.081 0.022
v -1.424 0.077 0.022
v -1.425 0.073 0.022
v -1.426 0.069 0.022
v -1.426 0.064 0.022
v -1.426 0.060 0.022
v -1.426 0.056 0.022
v -1.425 0.051 0.022
v -1.424 0.047 0.022
v -1.422 0.043 0.022
v -1.420 0.039 0.022
v -1.418 0.035 0.022
v -1.416 0.031 0.022
v -1.413 0.028 0.022
v -1.411 0.024 0.022
v -1.408 0.021 0.022
v -1.405 0.017 0.022
v -1.403 0.014 0.022
v -1.400 0.010 0.022
v -1.397 0.008 0.022
v -1.393 0.006 0.022
v -1.389 0.005 0.022
v -1.384 0.006 0.022
v -1.381 0.009 0.022
v -1.377 0.011 0.022
v -1.374 0.015 0.022
v -1.371 0.018 0.022
v -1.368 0.021 0.022
v -1.365 0.024 0.022
v -1.362 0.027 0.022
v -1.336 0.074 0.022
v -1.339 0.063 0.022
v -1.343 0.070 0.022
v -1.348 0.096 0.022
v -1.309 0.062 0.022
v -1.325 0.090 0.022
v -1.317 0.076 0.022
v -1.344 0.089 0.022
v -1.318 0.113 0.022
v -1.341 0.118 0.022
v -1.333 0.104 0.022
v -1.352 0.103 0.022
v -1.363 0.105 0.022
v -1.364 0.124 0.022
v -1.387 0.129 0.022
v -1.379 0.115 0.022
v -1.360 0.117 0.022
v -1.375 0.108 0.022
v -1.371 0.120 0.022
v -1.367 0.112 0.022
v -1.334 0.141 0.022
v -1.357 0.146 0.022
v -1.349 0.132 0.022
v -1.423 0.090 0.022
v -1.416 0.112 0.022
v -1.398 0.114 0.022
v -1.412 0.105 0.022
v -1.409 0.117 0.022
v -1.405 0.110 0.022
v -1.410 0.135 0.022
v -1.439 0.118 0.022
v -1.425 0.127 0.022
v -1.427 0.097 0.022
v -1.424 0.108 0.022
v -1.420 0.101 0.022
v -1.430 0.067 0.022
v -1.453 0.073 0.022
v -1.446 0.095 0.022
v -1.438 0.081 0.022
v -1.434 0.074 0.022
v -1.431 0.086 0.022
v -1.427 0.079 0.022
v -1.437 0.045 0.022
v -1.429 0.049 0.022
v -1.441 0.052 0.022
v -1.437 0.063 0.022
v -1.433 0.056 0.022
v -1.443 0.022 0.022
v -1.466 0.028 0.022
v -1.459 0.050 0.022
v -1.451 0.036 0.022
v -1.421 0.035 0.022
v -1.433 0.038 0.022
v -1.425 0.042 0.022
v -1.420 0.017 0.022
v -1.413 0.021 0.022
v -1.424 0.024 0.022
v -1.417 0.028 0.022
v -1.427 -0.006 0.022
v -1.450 -0.000 0.022
v -1.435 0.008 0.022
v -1.405 0.007 0.022
v -1.416 0.009 0.022
v -1.409 0.014 0.022
v -1.381 -0.017 0.022
v -1.404 -0.012 0.022
v -1.390 -0.003 0.022
v -1.397 -0.007 0.022
v -1.408 -0.005 0.022
v -1.401 -0.000 0.022
v -1.411 -0.034 0.022
v -1.434 -0.029 0.022
v -1.419 -0.020 0.022
v -1.382 0.001 0.022
v -1.367 0.010 0.022
v -1.486 0.167 0.022
v -1.486 0.163 0.022
v -1.485 0.159 0.022
v -1.484 0.156 0.022
v -1.483 0.152 0.022
v -1.482 0.149 0.022
v -1.480 0.146 0.022
v -1.478 0.143 0.022
v -1.476 0.140 0.022
v -1.473 0.137 0.022
v -1.470 0.135 0.022
v -1.467 0.132 0.022
v -1.464 0.130 0.022
v -1.461 0.129 0.022
v -1.458 0.127 0.022
v -1.454 0.126 0.022
v -1.450 0.126 0.022
v -1.447 0.125 0.022
v -1.443 0.125 0.022
v -1.439 0.126 0.022
v -1.436 0.126 0.022
v -1.432 0.127 0.022
v -1.429 0.128 0.022
v -1.425 0.130 0.022
v -1.422 0.132 0.022
v -1.419 0.134 0.022
v -1.417 0.136 0.022
v -1.414 0.139 0.022
v -1.412 0.142 0.022
v -1.410 0.145 0.022
v -1.408 0.148 0.022
v -1.407 0.152 0.022
v -1.406 0.155 0.022
v -1.405 0.159 0.022
v -1.405 0.163 0.022
v -1.405 0.166 0.022
v -1.405 0.170 0.022
v -1.406 0.174 0.022
v -1.407 0.177 0.022
v -1.408 0.181 0.022
v -1.410 0.184 0.022
v -1.411 0.187 0.022
v -1.414 0.190 0.022
v -1.416 0.193 0.022
v -1.419 0.196 0.022
v -1.421 0.198 0.022
v -1.425 0.200 0.022
v -1.428 0.202 0.022
v -1.431 0.203 0.022
v -1.435 0.204 0.022
v -1.438 0.205 0.022
v -1.442 0.206 0.022
v -1.446 0.206 0.022
v -1.449 0.206 0.022
v -1.453 0.207 0.022
v -1.457 0.207 0.022
v -1.460 0.207 0.022
v -1.464 0.207 0.022
v -1.468 0.207 0.022
v -1.471 0.207 0.022
v -1.475 0.206 0.022
v -1.478 0.205 0.022
v -1.481 0.203 0.022
v -1.483 0.200 0.022
v -1.484 0.196 0.022
v -1.485 0.193 0.022
v -1.485 0.189 0.022
v -1.485 0.185 0.022
v -1.486 0.181 0.022
v -1.486 0.178 0.022
v -1.486 0.174 0.022
v -1.486 0.170 0.022
v -1.501 0.157 0.022
v -1.495 0.180 0.022
v -1.488 0.203 0.022
v -1.517 0.186 0.022
v -1.511 0.208 0.022
v -1.503 0.194 0.022
v -1.486 0.148 0.022
v -1.497 0.150 0.022
v -1.494 0.162 0.022
v -1.490 0.155 0.022
v -1.462 0.124 0.022
v -1.485 0.129 0.022
v -1.508 0.135 0.022
v -1.531 0.141 0.022
v -1.524 0.163 0.022
v -1.516 0.149 0.022
v -1.478 0.134 0.022
v -1.489 0.136 0.022
v -1.482 0.141 0.022
v -1.492 0.107 0.022
v -1.515 0.112 0.022
v -1.500 0.121 0.022
v -1.470 0.119 0.022
v -1.481 0.122 0.022
v -1.474 0.126 0.022
v -1.469 0.101 0.022
v -1.454 0.110 0.022
v -1.447 0.114 0.022
v -1.458 0.117 0.022
v -1.451 0.121 0.022
v -1.432 0.122 0.022
v -1.417 0.131 0.022
v -1.380 0.152 0.022
v -1.403 0.158 0.022
v -1.395 0.143 0.022
v -1.399 0.151 0.022
v -1.402 0.139 0.022
v -1.406 0.146 0.022
v -1.396 0.180 0.022
v -1.392 0.173 0.022
v -1.396 0.162 0.022
v -1.404 0.176 0.022
v -1.400 0.169 0.022
v -1.367 0.197 0.022
v -1.374 0.175 0.022
v -1.390 0.203 0.022
v -1.382 0.189 0.022
v -1.400 0.187 0.022
v -1.413 0.208 0.022
v -1.435 0.214 0.022
v -1.408 0.201 0.022
v -1.420 0.204 0.022
v -1.416 0.197 0.022
v -1.406 0.231 0.022
v -1.398 0.217 0.022
v -1.417 0.215 0.022
v -1.431 0.207 0.022
v -1.428 0.218 0.022
v -1.424 0.211 0.022
v -1.429 0.237 0.022
v -1.458 0.220 0.022
v -1.443 0.228 0.022
v -1.443 0.210 0.022
v -1.439 0.221 0.022
v -1.454 0.213 0.022
v -1.451 0.224 0.022
v -1.447 0.217 0.022
v -1.481 0.225 0.022
v -1.473 0.211 0.022
v -1.466 0.215 0.022
v -1.480 0.207 0.022
v -1.499 0.187 0.022
v -1.495 0.198 0.022
v -1.491 0.191 0.022
v -1.297 -0.007 0.009
v -1.330 -0.025 0.009
v -1.362 -0.044 0.009
v -1.395 -0.062 0.009
v -1.427 -0.081 0.009
v -1.460 -0.100 0.009
v -1.492 -0.118 0.009
v -1.476 0.079 0.009
v -1.435 0.008 0.009
v -1.394 0.125 0.009
v -1.354 0.055 0.009
v -1.557 0.032 0.009
v -1.517 -0.039 0.009
v -1.269 0.096 0.009
v -1.266 0.090 0.009
v -1.264 0.084 0.009
v -1.262 0.078 0.009
v -1.261 0.072 0.009
v -1.260 0.065 0.009
v -1.260 0.058 0.009
v -1.260 0.052 0.009
v -1.261 0.045 0.009
v -1.262 0.038 0.009
v -1.265 0.032 0.009
v -1.267 0.025 0.009
v -1.270 0.020 0.009
v -1.274 0.014 0.009
v -1.278 0.009 0.009
v -1.283 0.004 0.009
v -1.287 0.000 0.009
v -1.293 -0.004 0.009
v -1.334 0.019 0.009
v -1.313 0.078 0.009
v -1.293 0.043 0.009
v -1.273 0.054 0.009
v -1.303 0.060 0.009
v -1.293 0.090 0.009
v -1.283 0.072 0.009
v -1.374 0.090 0.009
v -1.354 0.148 0.009
v -1.333 0.113 0.009
v -1.516 0.149 0.009
v -1.435 0.196 0.009
v -1.273 0.078 0.009
v -1.288 0.081 0.009
v -1.283 0.095 0.009
v -1.278 0.087 0.009
v -1.323 0.096 0.009
v -1.313 0.125 0.009
v -1.303 0.107 0.009
v -1.263 0.060 0.009
v -1.278 0.063 0.009
v -1.268 0.069 0.009
v -1.283 0.025 0.009
v -1.278 0.016 0.009
v -1.324 0.002 0.009
v -1.313 0.031 0.009
v -1.303 0.013 0.009
v -1.415 -0.027 0.009
v -1.395 0.031 0.009
v -1.374 -0.004 0.009
v -1.298 0.005 0.009
v -1.293 0.019 0.009
v -1.288 0.010 0.009
v -1.319 -0.007 0.009
v -1.313 0.008 0.009
v -1.308 -0.001 0.009
v -1.364 -0.022 0.009
v -1.354 0.008 0.009
v -1.344 -0.010 0.009
v -1.356 0.248 0.009
v -1.339 0.217 0.009
v -1.322 0.187 0.009
v -1.304 0.157 0.009
v -1.287 0.126 0.009
v -1.459 0.275 0.009
v -1.453 0.278 0.009
v -1.447 0.281 0.009
v -1.441 0.283 0.009
v -1.435 0.284 0.009
v -1.428 0.285 0.009
v -1.421 0.285 0.009
v -1.415 0.285 0.009
v -1.408 0.284 0.009
v -1.401 0.283 0.009
v -1.395 0.280 0.009
v -1.388 0.278 0.009
v -1.383 0.274 0.009
v -1.377 0.271 0.009
v -1.372 0.267 0.009
v -1.367 0.262 0.009
v -1.363 0.258 0.009
v -1.359 0.252 0.009
v -1.394 0.219 0.009
v -1.455 0.231 0.009
v -1.414 0.254 0.009
v -1.424 0.272 0.009
v -1.435 0.243 0.009
v -1.465 0.249 0.009
v -1.445 0.260 0.009
v -1.475 0.172 0.009
v -1.536 0.184 0.009
v -1.496 0.208 0.009
v -1.597 0.102 0.009
v -1.450 0.269 0.009
v -1.455 0.254 0.009
v -1.470 0.257 0.009
v -1.460 0.263 0.009
v -1.475 0.219 0.009
v -1.506 0.225 0.009
v -1.485 0.237 0.009
v -1.429 0.281 0.009
v -1.435 0.266 0.009
v -1.440 0.275 0.009
v -1.394 0.266 0.009
v -1.374 0.231 0.009
v -1.404 0.237 0.009
v -1.384 0.248 0.009
v -1.415 0.160 0.009
v -1.374 0.184 0.009
v -1.374 0.254 0.009
v -1.389 0.257 0.009
v -1.379 0.263 0.009
v -1.364 0.236 0.009
v -1.379 0.239 0.009
v -1.369 0.245 0.009
v -1.354 0.195 0.009
v -1.384 0.201 0.009
v -1.364 0.213 0.009
v -1.595 -0.091 0.009
v -1.612 -0.060 0.009
v -1.630 -0.030 0.009
v -1.647 0.000 0.009
v -1.664 0.031 0.009
v -1.682 0.061 0.009
v -1.498 -0.121 0.009
v -1.504 -0.124 0.009
v -1.510 -0.126 0.009
v -1.517 -0.127 0.009
v -1.523 -0.128 0.009
v -1.530 -0.128 0.009
v -1.537 -0.128 0.009
v -1.544 -0.127 0.009
v -1.550 -0.126 0.009
v -1.557 -0.123 0.009
v -1.563 -0.121 0.009
v -1.569 -0.117 0.009
v -1.574 -0.114 0.009
v -1.579 -0.110 0.009
v -1.584 -0.105 0.009
v -1.588 -0.101 0.009
v -1.592 -0.095 0.009
v -1.496 -0.074 0.009
v -1.557 -0.062 0.009
v -1.537 -0.097 0.009
v -1.486 -0.091 0.009
v -1.527 -0.115 0.009
v -1.517 -0.085 0.009
v -1.507 -0.103 0.009
v -1.476 -0.015 0.009
v -1.456 -0.051 0.009
v -1.481 -0.100 0.009
v -1.502 -0.112 0.009
v -1.496 -0.097 0.009
v -1.491 -0.106 0.009
v -1.446 -0.068 0.009
v -1.476 -0.062 0.009
v -1.466 -0.080 0.009
v -1.522 -0.124 0.009
v -1.517 -0.109 0.009
v -1.512 -0.118 0.009
v -1.557 -0.109 0.009
v -1.547 -0.080 0.009
v -1.578 -0.074 0.009
v -1.567 -0.091 0.009
v -1.537 -0.003 0.009
v -1.598 0.009 0.009
v -1.577 -0.027 0.009
v -1.562 -0.100 0.009
v -1.578 -0.097 0.009
v -1.573 -0.106 0.009
v -1.573 -0.082 0.009
v -1.588 -0.079 0.009
v -1.583 -0.088 0.009
v -1.567 -0.044 0.009
v -1.598 -0.038 0.009
v -1.588 -0.056 0.009
v -1.654 0.164 0.009
v -1.622 0.182 0.009
v -1.589 0.201 0.009
v -1.556 0.220 0.009
v -1.524 0.238 0.009
v -1.491 0.257 0.009
v -1.684 0.066 0.009
v -1.687 0.072 0.009
v -1.689 0.078 0.009
v -1.690 0.084 0.009
v -1.691 0.091 0.009
v -1.692 0.097 0.009
v -1.692 0.104 0.009
v -1.691 0.111 0.009
v -1.689 0.117 0.009
v -1.687 0.124 0.009
v -1.685 0.130 0.009
v -1.682 0.136 0.009
v -1.678 0.142 0.009
v -1.674 0.147 0.009
v -1.669 0.152 0.009
v -1.665 0.156 0.009
v -1.660 0.160 0.009
v -1.618 0.138 0.009
v -1.638 0.079 0.009
v -1.658 0.114 0.009
v -1.648 0.097 0.009
v -1.658 0.067 0.009
v -1.679 0.103 0.009
v -1.668 0.085 0.009
v -1.577 0.067 0.009
v -1.618 0.044 0.009
v -1.663 0.076 0.009
v -1.669 0.062 0.009
v -1.679 0.079 0.009
v -1.674 0.070 0.009
v -1.628 0.061 0.009
v -1.638 0.032 0.009
v -1.648 0.050 0.009
v -1.674 0.094 0.009
v -1.684 0.088 0.009
v -1.668 0.132 0.009
v -1.673 0.141 0.009
v -1.628 0.155 0.009
v -1.638 0.126 0.009
v -1.648 0.144 0.009
v -1.557 0.126 0.009
v -1.577 0.161 0.009
v -1.653 0.152 0.009
v -1.658 0.138 0.009
v -1.663 0.147 0.009
v -1.633 0.164 0.009
v -1.638 0.149 0.009
v -1.643 0.158 0.009
v -1.587 0.179 0.009
v -1.597 0.149 0.009
v -1.607 0.167 0.009
v -1.356 0.248 0.022
v -1.356 0.248 0.009
v -1.269 0.096 0.022
v -1.269 0.096 0.009
v -1.344 0.226 0.022
v -1.332 0.204 0.022
v -1.319 0.183 0.022
v -1.307 0.161 0.022
v -1.294 0.139 0.022
v -1.282 0.118 0.022
v -1.287 0.126 0.009
v -1.304 0.157 0.009
v -1.322 0.187 0.009
v -1.339 0.217 0.009
v -1.269 0.096 0.009
v -1.266 0.090 0.009
v -1.264 0.084 0.009
v -1.262 0.078 0.009
v -1.261 0.072 0.009
v -1.260 0.065 0.009
v -1.260 0.058 0.009
v -1.260 0.052 0.009
v -1.261 0.045 0.009
v -1.262 0.038 0.009
v -1.265 0.032 0.009
v -1.267 0.025 0.009
v -1.270 0.020 0.009
v -1.274 0.014 0.009
v -1.278 0.009 0.009
v -1.283 0.004 0.009
v -1.287 0.000 0.009
v -1.293 -0.004 0.009
v -1.297 -0.007 0.009
v -1.269 0.096 0.022
v -1.266 0.090 0.022
v -1.264 0.084 0.022
v -1.262 0.078 0.022
v -1.261 0.072 0.022
v -1.260 0.065 0.022
v -1.260 0.058 0.022
v -1.260 0.052 0.022
v -1.261 0.045 0.022
v -1.262 0.038 0.022
v -1.265 0.032 0.022
v -1.267 0.025 0.022
v -1.270 0.020 0.022
v -1.274 0.014 0.022
v -1.278 0.009 0.022
v -1.283 0.004 0.022
v -1.287 0.000 0.022
v -1.293 -0.004 0.022
v -1.297 -0.007 0.022
v -1.459 0.275 0.009
v -1.453 0.278 0.009
v -1.447 0.281 0.009
v -1.441 0.283 0.009
v -1.435 0.284 0.009
v -1.428 0.285 0.009
v -1.421 0.285 0.009
v -1.415 0.285 0.009
v -1.408 0.284 0.009
v -1.401 0.283 0.009
v -1.395 0.280 0.009
v -1.388 0.278 0.009
v -1.383 0.274 0.009
v -1.377 0.271 0.009
v -1.372 0.267 0.009
v -1.367 0.262 0.009
v -1.363 0.258 0.009
v -1.359 0.252 0.009
v -1.356 0.248 0.009
v -1.459 0.275 0.022
v -1.453 0.278 0.022
v -1.447 0.281 0.022
v -1.441 0.283 0.022
v -1.435 0.284 0.022
v -1.428 0.285 0.022
v -1.421 0.285 0.022
v -1.415 0.285 0.022
v -1.408 0.284 0.022
v -1.401 0.283 0.022
v -1.395 0.280 0.022
v -1.388 0.278 0.022
v -1.383 0.274 0.022
v -1.377 0.271 0.022
v -1.372 0.267 0.022
v -1.367 0.262 0.022
v -1.363 0.258 0.022
v -1.359 0.252 0.022
v -1.356 0.248 0.022
v -1.297 -0.007 0.022
v -1.297 -0.007 0.009
v -1.492 -0.118 0.022
v -1.492 -0.118 0.009
v -1.319 -0.019 0.022
v -1.341 -0.031 0.022
v -1.362 -0.044 0.022
v -1.384 -0.056 0.022
v -1.406 -0.069 0.022
v -1.427 -0.081 0.022
v -1.449 -0.094 0.022
v -1.471 -0.106 0.022
v -1.460 -0.100 0.009
v -1.427 -0.081 0.009
v -1.395 -0.062 0.009
v -1.362 -0.044 0.009
v -1.330 -0.025 0.009
v -1.492 -0.118 0.009
v -1.498 -0.121 0.009
v -1.504 -0.124 0.009
v -1.510 -0.126 0.009
v -1.517 -0.127 0.009
v -1.523 -0.128 0.009
v -1.530 -0.128 0.009
v -1.537 -0.128 0.009
v -1.544 -0.127 0.009
v -1.550 -0.126 0.009
v -1.557 -0.123 0.009
v -1.563 -0.121 0.009
v -1.569 -0.117 0.009
v -1.574 -0.114 0.009
v -1.579 -0.110 0.009
v -1.584 -0.105 0.009
v -1.588 -0.101 0.009
v -1.592 -0.095 0.009
v -1.595 -0.091 0.009
v -1.492 -0.118 0.022
v -1.498 -0.121 0.022
v -1.504 -0.124 0.022
v -1.510 -0.126 0.022
v -1.517 -0.127 0.022
v -1.523 -0.128 0.022
v -1.530 -0.128 0.022
v -1.537 -0.128 0.022
v -1.544 -0.127 0.022
v -1.550 -0.126 0.022
v -1.557 -0.123 0.022
v -1.563 -0.121 0.022
v -1.569 -0.117 0.022
v -1.574 -0.114 0.022
v -1.579 -0.110 0.022
v -1.584 -0.105 0.022
v -1.588 -0.101 0.022
v -1.592 -0.095 0.022
v -1.595 -0.091 0.022
v -1.654 0.164 0.022
v -1.654 0.164 0.009
v -1.459 0.275 0.022
v -1.459 0.275 0.009
v -1.632 0.176 0.022
v -1.611 0.188 0.022
v -1.589 0.201 0.022
v -1.567 0.213 0.022
v -1.546 0.226 0.022
v -1.524 0.238 0.022
v -1.502 0.251 0.022
v -1.481 0.263 0.022
v -1.491 0.257 0.009
v -1.524 0.238 0.009
v -1.556 0.220 0.009
v -1.589 0.201 0.009
v -1.622 0.182 0.009
v -1.654 0.164 0.022
v -1.660 0.160 0.022
v -1.665 0.156 0.022
v -1.669 0.152 0.022
v -1.674 0.147 0.022
v -1.678 0.142 0.022
v -1.682 0.136 0.022
v -1.685 0.130 0.022
v -1.687 0.124 0.022
v -1.689 0.117 0.022
v -1.691 0.111 0.022
v -1.692 0.104 0.022
v -1.692 0.097 0.022
v -1.691 0.091 0.022
v -1.690 0.084 0.022
v -1.689 0.078 0.022
v -1.687 0.072 0.022
v -1.684 0.066 0.022
v -1.682 0.061 0.022
v -1.654 0.164 0.009
v -1.660 0.160 0.009
v -1.665 0.156 0.009
v -1.669 0.152 0.009
v -1.674 0.147 0.009
v -1.678 0.142 0.009
v -1.682 0.136 0.009
v -1.685 0.130 0.009
v -1.687 0.124 0.009
v -1.689 0.117 0.009
v -1.691 0.111 0.009
v -1.692 0.104 0.009
v -1.692 0.097 0.009
v -1.691 0.091 0.009
v -1.690 0.084 0.009
v -1.689 0.078 0.009
v -1.687 0.072 0.009
v -1.684 0.066 0.009
v -1.682 0.061 0.009
v -1.394 0.153 0.110
v -1.394 0.147 0.110
v -1.394 0.141 0.110
v -1.394 0.135 0.110
v -1.389 0.160 0.110
v -1.389 0.128 0.110
v -1.384 0.160 0.110
v -1.384 0.128 0.110
v -1.379 0.160 0.110
v -1.379 0.128 0.110
v -1.373 0.160 0.110
v -1.373 0.128 0.110
v -1.368 0.153 0.110
v -1.368 0.147 0.110
v -1.368 0.141 0.110
v -1.368 0.135 0.110
v -1.382 0.130 0.110
v -1.379 0.131 0.110
v -1.377 0.132 0.110
v -1.375 0.133 0.110
v -1.374 0.135 0.110
v -1.373 0.137 0.110
v -1.372 0.139 0.110
v -1.371 0.142 0.110
v -1.371 0.144 0.110
v -1.371 0.146 0.110
v -1.372 0.149 0.110
v -1.372 0.151 0.110
v -1.373 0.153 0.110
v -1.375 0.155 0.110
v -1.376 0.157 0.110
v -1.378 0.158 0.110
v -1.381 0.158 0.110
v -1.383 0.158 0.110
v -1.385 0.157 0.110
v -1.387 0.155 0.110
v -1.388 0.153 0.110
v -1.390 0.151 0.110
v -1.390 0.149 0.110
v -1.391 0.147 0.110
v -1.391 0.144 0.110
v -1.391 0.142 0.110
v -1.391 0.140 0.110
v -1.390 0.137 0.110
v -1.389 0.135 0.110
v -1.388 0.133 0.110
v -1.386 0.132 0.110
v -1.384 0.131 0.110
v -1.382 0.122 0.110
v -1.383 0.122 0.110
v -1.385 0.123 0.110
v -1.387 0.123 0.110
v -1.388 0.124 0.110
v -1.390 0.124 0.110
v -1.391 0.125 0.110
v -1.393 0.127 0.110
v -1.394 0.128 0.110
v -1.395 0.129 0.110
v -1.396 0.131 0.110
v -1.397 0.132 0.110
v -1.397 0.134 0.110
v -1.398 0.135 0.110
v -1.398 0.136 0.110
v -1.379 0.125 0.110
v -1.384 0.125 0.110
v -1.381 0.128 0.110
v -1.381 0.125 0.110
v -1.389 0.125 0.110
v -1.386 0.128 0.110
v -1.386 0.125 0.110
v -1.397 0.135 0.110
v -1.394 0.138 0.110
v -1.397 0.141 0.110
v -1.397 0.138 0.110
v -1.397 0.136 0.110
v -1.398 0.138 0.110
v -1.366 0.134 0.110
v -1.366 0.133 0.110
v -1.366 0.132 0.110
v -1.368 0.132 0.110
v -1.366 0.135 0.110
v -1.368 0.138 0.110
v -1.366 0.141 0.110
v -1.366 0.138 0.110
v -1.367 0.132 0.110
v -1.368 0.133 0.110
v -1.367 0.135 0.110
v -1.367 0.133 0.110
v -1.373 0.132 0.110
v -1.371 0.135 0.110
v -1.371 0.132 0.110
v -1.367 0.131 0.110
v -1.368 0.129 0.110
v -1.370 0.127 0.110
v -1.372 0.126 0.110
v -1.373 0.124 0.110
v -1.375 0.123 0.110
v -1.377 0.123 0.110
v -1.379 0.122 0.110
v -1.399 0.139 0.110
v -1.399 0.142 0.110
v -1.399 0.145 0.110
v -1.399 0.147 0.110
v -1.399 0.149 0.110
v -1.398 0.151 0.110
v -1.398 0.152 0.110
v -1.397 0.154 0.110
v -1.396 0.155 0.110
v -1.396 0.157 0.110
v -1.395 0.158 0.110
v -1.394 0.160 0.110
v -1.392 0.161 0.110
v -1.391 0.162 0.110
v -1.390 0.163 0.110
v -1.388 0.164 0.110
v -1.387 0.165 0.110
v -1.385 0.165 0.110
v -1.383 0.166 0.110
v -1.382 0.166 0.110
v -1.380 0.166 0.110
v -1.378 0.166 0.110
v -1.377 0.165 0.110
v -1.375 0.165 0.110
v -1.373 0.164 0.110
v -1.372 0.163 0.110
v -1.371 0.162 0.110
v -1.369 0.161 0.110
v -1.368 0.160 0.110
v -1.367 0.158 0.110
v -1.366 0.157 0.110
v -1.365 0.155 0.110
v -1.365 0.154 0.110
v -1.364 0.152 0.110
v -1.364 0.150 0.110
v -1.364 0.149 0.110
v -1.363 0.147 0.110
v -1.363 0.145 0.110
v -1.363 0.144 0.110
v -1.363 0.142 0.110
v -1.364 0.140 0.110
v -1.364 0.138 0.110
v -1.364 0.137 0.110
v -1.365 0.135 0.110
v -1.394 0.144 0.110
v -1.397 0.147 0.110
v -1.397 0.144 0.110
v -1.394 0.150 0.110
v -1.397 0.150 0.110
v -1.389 0.163 0.110
v -1.384 0.163 0.110
v -1.386 0.160 0.110
v -1.386 0.163 0.110
v -1.379 0.163 0.110
v -1.381 0.160 0.110
v -1.381 0.163 0.110
v -1.373 0.163 0.110
v -1.376 0.160 0.110
v -1.376 0.163 0.110
v -1.366 0.153 0.110
v -1.366 0.147 0.110
v -1.368 0.150 0.110
v -1.366 0.150 0.110
v -1.368 0.144 0.110
v -1.366 0.144 0.110
v -1.382 0.130 0.110
v -1.382 0.123 0.102
v -1.382 0.116 0.095
v -1.383 0.108 0.087
v -1.383 0.101 0.079
v -1.384 0.094 0.072
v -1.384 0.086 0.064
v -1.385 0.079 0.057
v -1.385 0.072 0.049
v -1.384 0.131 0.110
v -1.384 0.123 0.102
v -1.385 0.116 0.095
v -1.385 0.108 0.087
v -1.386 0.101 0.079
v -1.386 0.094 0.072
v -1.386 0.086 0.064
v -1.387 0.079 0.056
v -1.387 0.072 0.049
v -1.386 0.132 0.110
v -1.386 0.124 0.102
v -1.387 0.117 0.095
v -1.387 0.109 0.087
v -1.388 0.102 0.079
v -1.388 0.094 0.072
v -1.388 0.087 0.064
v -1.389 0.080 0.056
v -1.389 0.072 0.048
v -1.388 0.133 0.110
v -1.388 0.126 0.102
v -1.389 0.118 0.094
v -1.389 0.111 0.087
v -1.389 0.103 0.079
v -1.390 0.096 0.071
v -1.390 0.088 0.063
v -1.390 0.080 0.056
v -1.391 0.073 0.048
v -1.389 0.135 0.110
v -1.389 0.127 0.102
v -1.390 0.120 0.094
v -1.390 0.112 0.086
v -1.391 0.104 0.079
v -1.391 0.097 0.071
v -1.392 0.089 0.063
v -1.392 0.082 0.055
v -1.392 0.074 0.047
v -1.390 0.137 0.110
v -1.390 0.129 0.102
v -1.391 0.122 0.094
v -1.391 0.114 0.086
v -1.392 0.106 0.078
v -1.392 0.098 0.070
v -1.393 0.091 0.062
v -1.393 0.083 0.054
v -1.394 0.075 0.046
v -1.391 0.140 0.110
v -1.391 0.132 0.102
v -1.392 0.124 0.094
v -1.392 0.116 0.086
v -1.393 0.108 0.077
v -1.393 0.100 0.069
v -1.394 0.092 0.061
v -1.394 0.084 0.053
v -1.394 0.076 0.045
v -1.391 0.142 0.110
v -1.392 0.134 0.102
v -1.392 0.126 0.093
v -1.393 0.118 0.085
v -1.393 0.110 0.077
v -1.394 0.102 0.068
v -1.394 0.094 0.060
v -1.395 0.086 0.052
v -1.395 0.078 0.044
v -1.391 0.144 0.110
v -1.392 0.136 0.102
v -1.392 0.128 0.093
v -1.393 0.120 0.085
v -1.393 0.112 0.076
v -1.394 0.103 0.068
v -1.394 0.095 0.059
v -1.395 0.087 0.051
v -1.395 0.079 0.042
v -1.391 0.147 0.110
v -1.391 0.138 0.101
v -1.392 0.130 0.093
v -1.392 0.122 0.084
v -1.393 0.114 0.075
v -1.393 0.105 0.067
v -1.394 0.097 0.058
v -1.395 0.089 0.050
v -1.395 0.080 0.041
v -1.390 0.149 0.110
v -1.391 0.140 0.101
v -1.391 0.132 0.092
v -1.392 0.124 0.084
v -1.392 0.115 0.075
v -1.393 0.107 0.066
v -1.393 0.099 0.057
v -1.394 0.090 0.048
v -1.394 0.082 0.040
v -1.390 0.151 0.110
v -1.390 0.143 0.101
v -1.391 0.134 0.092
v -1.391 0.126 0.083
v -1.392 0.117 0.074
v -1.392 0.109 0.065
v -1.393 0.100 0.056
v -1.393 0.092 0.047
v -1.394 0.083 0.038
v -1.388 0.153 0.110
v -1.389 0.145 0.101
v -1.389 0.136 0.092
v -1.390 0.127 0.083
v -1.390 0.119 0.074
v -1.391 0.110 0.065
v -1.391 0.101 0.055
v -1.392 0.093 0.046
v -1.392 0.084 0.037
v -1.387 0.155 0.110
v -1.387 0.146 0.101
v -1.388 0.138 0.092
v -1.388 0.129 0.082
v -1.389 0.120 0.073
v -1.389 0.111 0.064
v -1.390 0.102 0.055
v -1.390 0.094 0.046
v -1.391 0.085 0.036
v -1.385 0.157 0.110
v -1.386 0.148 0.101
v -1.386 0.139 0.091
v -1.387 0.130 0.082
v -1.387 0.121 0.073
v -1.388 0.112 0.064
v -1.388 0.103 0.054
v -1.389 0.094 0.045
v -1.389 0.086 0.036
v -1.383 0.158 0.110
v -1.384 0.149 0.101
v -1.384 0.140 0.091
v -1.385 0.131 0.082
v -1.385 0.122 0.073
v -1.386 0.113 0.063
v -1.386 0.104 0.054
v -1.387 0.095 0.045
v -1.387 0.086 0.035
v -1.381 0.158 0.110
v -1.381 0.149 0.101
v -1.382 0.140 0.091
v -1.382 0.131 0.082
v -1.383 0.122 0.073
v -1.384 0.113 0.063
v -1.384 0.104 0.054
v -1.385 0.095 0.044
v -1.385 0.086 0.035
v -1.378 0.158 0.110
v -1.379 0.149 0.101
v -1.380 0.140 0.091
v -1.380 0.131 0.082
v -1.381 0.122 0.073
v -1.381 0.113 0.063
v -1.382 0.104 0.054
v -1.383 0.095 0.044
v -1.383 0.086 0.035
v -1.376 0.157 0.110
v -1.377 0.148 0.101
v -1.378 0.139 0.091
v -1.378 0.130 0.082
v -1.379 0.121 0.073
v -1.380 0.112 0.063
v -1.380 0.103 0.054
v -1.381 0.094 0.045
v -1.381 0.085 0.035
v -1.375 0.155 0.110
v -1.375 0.146 0.101
v -1.376 0.137 0.092
v -1.376 0.129 0.082
v -1.377 0.120 0.073
v -1.378 0.111 0.064
v -1.378 0.102 0.055
v -1.379 0.093 0.045
v -1.380 0.085 0.036
v -1.373 0.153 0.110
v -1.374 0.144 0.101
v -1.374 0.136 0.092
v -1.375 0.127 0.083
v -1.376 0.118 0.073
v -1.376 0.110 0.064
v -1.377 0.101 0.055
v -1.378 0.092 0.046
v -1.378 0.084 0.037
v -1.372 0.151 0.110
v -1.373 0.142 0.101
v -1.373 0.134 0.092
v -1.374 0.125 0.083
v -1.375 0.117 0.074
v -1.375 0.108 0.065
v -1.376 0.100 0.056
v -1.376 0.091 0.047
v -1.377 0.083 0.038
v -1.372 0.149 0.110
v -1.372 0.140 0.101
v -1.373 0.132 0.092
v -1.373 0.123 0.083
v -1.374 0.115 0.075
v -1.374 0.106 0.066
v -1.375 0.098 0.057
v -1.375 0.090 0.048
v -1.376 0.081 0.039
v -1.371 0.146 0.110
v -1.372 0.138 0.101
v -1.372 0.130 0.093
v -1.373 0.121 0.084
v -1.373 0.113 0.075
v -1.374 0.105 0.066
v -1.374 0.096 0.058
v -1.375 0.088 0.049
v -1.375 0.080 0.040
v -1.371 0.144 0.110
v -1.372 0.136 0.101
v -1.372 0.128 0.093
v -1.373 0.119 0.084
v -1.373 0.111 0.076
v -1.374 0.103 0.067
v -1.374 0.095 0.059
v -1.375 0.087 0.050
v -1.375 0.078 0.042
v -1.371 0.142 0.110
v -1.372 0.133 0.102
v -1.372 0.125 0.093
v -1.373 0.117 0.085
v -1.373 0.109 0.076
v -1.374 0.101 0.068
v -1.374 0.093 0.060
v -1.375 0.085 0.051
v -1.375 0.077 0.043
v -1.372 0.139 0.110
v -1.372 0.131 0.102
v -1.373 0.123 0.094
v -1.373 0.115 0.085
v -1.374 0.107 0.077
v -1.375 0.100 0.069
v -1.375 0.092 0.061
v -1.376 0.084 0.053
v -1.376 0.076 0.044
v -1.373 0.137 0.110
v -1.373 0.129 0.102
v -1.374 0.121 0.094
v -1.374 0.114 0.086
v -1.375 0.106 0.078
v -1.375 0.098 0.070
v -1.376 0.090 0.062
v -1.376 0.082 0.054
v -1.377 0.075 0.046
v -1.374 0.135 0.110
v -1.374 0.127 0.102
v -1.375 0.120 0.094
v -1.376 0.112 0.086
v -1.376 0.104 0.078
v -1.377 0.096 0.070
v -1.377 0.089 0.062
v -1.378 0.081 0.055
v -1.378 0.073 0.047
v -1.375 0.133 0.110
v -1.376 0.125 0.102
v -1.376 0.118 0.094
v -1.377 0.110 0.087
v -1.378 0.103 0.079
v -1.378 0.095 0.071
v -1.379 0.088 0.063
v -1.379 0.080 0.055
v -1.380 0.073 0.048
v -1.377 0.132 0.110
v -1.378 0.124 0.102
v -1.378 0.117 0.095
v -1.379 0.109 0.087
v -1.379 0.102 0.079
v -1.380 0.094 0.071
v -1.380 0.087 0.064
v -1.381 0.079 0.056
v -1.381 0.072 0.048
v -1.379 0.131 0.110
v -1.380 0.123 0.102
v -1.380 0.116 0.095
v -1.381 0.108 0.087
v -1.381 0.101 0.079
v -1.382 0.094 0.072
v -1.382 0.086 0.064
v -1.383 0.079 0.056
v -1.383 0.072 0.049
v -1.382 0.130 0.110
v -1.382 0.123 0.102
v -1.382 0.116 0.095
v -1.383 0.108 0.087
v -1.383 0.101 0.079
v -1.384 0.094 0.072
v -1.384 0.086 0.064
v -1.385 0.079 0.057
v -1.385 0.072 0.049
v -1.384 0.127 0.106
v -1.383 0.123 0.102
v -1.382 0.127 0.106
v -1.383 0.127 0.106
v -1.388 0.129 0.106
v -1.387 0.125 0.102
v -1.386 0.128 0.106
v -1.387 0.129 0.106
v -1.391 0.140 0.106
v -1.392 0.135 0.102
v -1.391 0.138 0.106
v -1.391 0.139 0.106
v -1.391 0.142 0.106
v -1.392 0.137 0.101
v -1.391 0.141 0.106
v -1.390 0.147 0.106
v -1.390 0.142 0.101
v -1.391 0.145 0.106
v -1.390 0.146 0.106
v -1.389 0.149 0.105
v -1.390 0.144 0.101
v -1.389 0.148 0.105
v -1.385 0.152 0.105
v -1.387 0.147 0.101
v -1.387 0.151 0.105
v -1.386 0.151 0.105
v -1.381 0.153 0.105
v -1.382 0.149 0.101
v -1.383 0.153 0.105
v -1.382 0.153 0.105
v -1.379 0.153 0.105
v -1.380 0.149 0.101
v -1.380 0.153 0.105
v -1.375 0.151 0.105
v -1.376 0.147 0.101
v -1.377 0.152 0.105
v -1.376 0.151 0.105
v -1.373 0.147 0.105
v -1.373 0.143 0.101
v -1.374 0.149 0.105
v -1.373 0.148 0.105
v -1.372 0.144 0.106
v -1.372 0.141 0.101
v -1.372 0.145 0.106
v -1.371 0.140 0.106
v -1.372 0.137 0.101
v -1.372 0.142 0.106
v -1.371 0.141 0.106
v -1.372 0.137 0.106
v -1.372 0.135 0.102
v -1.372 0.139 0.106
v -1.382 0.127 0.106
v -1.381 0.123 0.102
v -1.379 0.127 0.106
v -1.381 0.127 0.106
v -1.385 0.075 0.053
v -1.383 0.075 0.053
v -1.384 0.079 0.056
v -1.384 0.075 0.053
v -1.381 0.076 0.052
v -1.379 0.076 0.051
v -1.380 0.080 0.056
v -1.380 0.076 0.052
v -1.378 0.077 0.051
v -1.377 0.078 0.050
v -1.377 0.082 0.054
v -1.377 0.078 0.050
v -1.376 0.080 0.048
v -1.376 0.083 0.053
v -1.376 0.079 0.049
v -1.375 0.081 0.047
v -1.375 0.084 0.052
v -1.375 0.080 0.048
v -1.375 0.083 0.046
v -1.375 0.084 0.045
v -1.375 0.087 0.050
v -1.375 0.083 0.045
v -1.376 0.085 0.043
v -1.375 0.089 0.048
v -1.375 0.085 0.044
v -1.377 0.087 0.042
v -1.376 0.090 0.047
v -1.376 0.086 0.043
v -1.378 0.088 0.041
v -1.377 0.092 0.046
v -1.377 0.087 0.042
v -1.379 0.089 0.041
v -1.381 0.090 0.040
v -1.380 0.094 0.045
v -1.380 0.089 0.040
v -1.383 0.090 0.040
v -1.385 0.090 0.040
v -1.384 0.095 0.044
v -1.384 0.090 0.040
v -1.387 0.090 0.040
v -1.386 0.095 0.044
v -1.386 0.090 0.040
v -1.389 0.090 0.040
v -1.391 0.089 0.041
v -1.389 0.094 0.045
v -1.390 0.090 0.041
v -1.392 0.088 0.042
v -1.393 0.087 0.043
v -1.392 0.092 0.047
v -1.393 0.088 0.042
v -1.394 0.086 0.044
v -1.394 0.091 0.048
v -1.394 0.087 0.043
v -1.395 0.085 0.045
v -1.394 0.089 0.049
v -1.395 0.085 0.045
v -1.395 0.083 0.046
v -1.395 0.082 0.048
v -1.395 0.086 0.051
v -1.395 0.082 0.047
v -1.394 0.080 0.049
v -1.394 0.085 0.052
v -1.395 0.081 0.048
v -1.393 0.079 0.050
v -1.394 0.083 0.054
v -1.394 0.080 0.050
v -1.392 0.078 0.051
v -1.393 0.082 0.055
v -1.393 0.078 0.051
v -1.391 0.077 0.052
v -1.389 0.076 0.052
v -1.390 0.080 0.056
v -1.390 0.076 0.052
v -1.387 0.075 0.053
v -1.385 0.075 0.053
v -1.386 0.079 0.057
v -1.386 0.075 0.053
v -1.382 0.122 0.110
v -1.390 0.005 0.025
v -1.383 0.122 0.110
v -1.385 0.106 0.098
v -1.386 0.089 0.086
v -1.388 0.072 0.074
v -1.389 0.056 0.061
v -1.391 0.039 0.049
v -1.392 0.023 0.037
v -1.385 0.123 0.110
v -1.387 0.106 0.098
v -1.389 0.090 0.086
v -1.390 0.074 0.074
v -1.392 0.057 0.061
v -1.394 0.041 0.049
v -1.396 0.025 0.037
v -1.387 0.123 0.110
v -1.389 0.107 0.098
v -1.391 0.091 0.086
v -1.392 0.075 0.074
v -1.394 0.059 0.061
v -1.396 0.043 0.049
v -1.398 0.027 0.037
v -1.388 0.124 0.110
v -1.390 0.108 0.098
v -1.392 0.092 0.086
v -1.395 0.077 0.074
v -1.397 0.061 0.061
v -1.399 0.045 0.049
v -1.401 0.029 0.037
v -1.390 0.124 0.110
v -1.392 0.109 0.098
v -1.394 0.094 0.086
v -1.396 0.078 0.074
v -1.399 0.063 0.061
v -1.401 0.047 0.049
v -1.403 0.032 0.037
v -1.391 0.125 0.110
v -1.394 0.110 0.098
v -1.396 0.095 0.086
v -1.398 0.080 0.074
v -1.401 0.065 0.061
v -1.403 0.050 0.049
v -1.405 0.035 0.037
v -1.393 0.127 0.110
v -1.395 0.112 0.098
v -1.397 0.097 0.086
v -1.400 0.082 0.074
v -1.402 0.067 0.061
v -1.405 0.053 0.049
v -1.407 0.038 0.037
v -1.394 0.128 0.110
v -1.396 0.113 0.098
v -1.399 0.099 0.086
v -1.402 0.084 0.074
v -1.404 0.070 0.061
v -1.407 0.055 0.049
v -1.410 0.041 0.037
v -1.395 0.129 0.110
v -1.398 0.115 0.098
v -1.400 0.101 0.086
v -1.403 0.086 0.074
v -1.406 0.072 0.061
v -1.409 0.058 0.049
v -1.412 0.044 0.037
v -1.396 0.131 0.110
v -1.399 0.117 0.098
v -1.402 0.103 0.086
v -1.405 0.089 0.074
v -1.408 0.075 0.061
v -1.411 0.061 0.049
v -1.414 0.047 0.037
v -1.397 0.132 0.110
v -1.400 0.118 0.098
v -1.403 0.105 0.086
v -1.406 0.091 0.074
v -1.409 0.077 0.061
v -1.412 0.063 0.049
v -1.415 0.050 0.037
v -1.397 0.134 0.110
v -1.401 0.120 0.098
v -1.404 0.107 0.086
v -1.407 0.093 0.074
v -1.411 0.080 0.061
v -1.414 0.066 0.049
v -1.417 0.053 0.037
v -1.398 0.135 0.110
v -1.401 0.122 0.098
v -1.405 0.109 0.086
v -1.408 0.096 0.074
v -1.412 0.082 0.061
v -1.415 0.069 0.049
v -1.419 0.056 0.037
v -1.402 0.124 0.098
v -1.406 0.111 0.086
v -1.409 0.098 0.074
v -1.413 0.085 0.061
v -1.416 0.072 0.049
v -1.420 0.059 0.037
v -1.402 0.126 0.098
v -1.406 0.113 0.086
v -1.410 0.101 0.074
v -1.414 0.088 0.061
v -1.417 0.075 0.049
v -1.421 0.063 0.037
v -1.403 0.128 0.098
v -1.407 0.116 0.086
v -1.410 0.103 0.074
v -1.414 0.091 0.061
v -1.418 0.079 0.049
v -1.422 0.066 0.037
v -1.407 0.118 0.086
v -1.411 0.106 0.074
v -1.415 0.094 0.061
v -1.418 0.082 0.049
v -1.422 0.070 0.037
v -1.407 0.120 0.086
v -1.411 0.109 0.074
v -1.415 0.097 0.061
v -1.419 0.085 0.049
v -1.422 0.073 0.037
v -1.407 0.123 0.086
v -1.411 0.111 0.074
v -1.415 0.100 0.061
v -1.418 0.088 0.049
v -1.422 0.077 0.037
v -1.399 0.147 0.110
v -1.407 0.125 0.086
v -1.410 0.114 0.074
v -1.414 0.103 0.061
v -1.418 0.092 0.049
v -1.422 0.081 0.037
v -1.399 0.149 0.110
v -1.406 0.127 0.086
v -1.410 0.117 0.074
v -1.414 0.106 0.061
v -1.417 0.095 0.049
v -1.421 0.084 0.037
v -1.398 0.151 0.110
v -1.406 0.130 0.086
v -1.409 0.119 0.074
v -1.413 0.109 0.061
v -1.417 0.098 0.049
v -1.420 0.088 0.037
v -1.398 0.152 0.110
v -1.408 0.122 0.074
v -1.412 0.111 0.061
v -1.415 0.101 0.049
v -1.419 0.091 0.037
v -1.397 0.154 0.110
v -1.407 0.124 0.074
v -1.411 0.114 0.061
v -1.414 0.104 0.049
v -1.417 0.094 0.037
v -1.396 0.155 0.110
v -1.406 0.126 0.074
v -1.409 0.117 0.061
v -1.412 0.107 0.049
v -1.416 0.097 0.037
v -1.396 0.157 0.110
v -1.399 0.147 0.098
v -1.405 0.129 0.074
v -1.408 0.119 0.061
v -1.411 0.110 0.049
v -1.414 0.100 0.037
v -1.395 0.158 0.110
v -1.397 0.149 0.098
v -1.400 0.140 0.086
v -1.403 0.131 0.074
v -1.406 0.122 0.061
v -1.409 0.112 0.049
v -1.411 0.103 0.037
v -1.394 0.160 0.110
v -1.396 0.151 0.098
v -1.399 0.142 0.086
v -1.401 0.133 0.074
v -1.404 0.124 0.061
v -1.406 0.115 0.049
v -1.409 0.106 0.037
v -1.392 0.161 0.110
v -1.395 0.152 0.098
v -1.397 0.143 0.086
v -1.399 0.134 0.074
v -1.401 0.126 0.061
v -1.404 0.117 0.049
v -1.406 0.108 0.037
v -1.391 0.162 0.110
v -1.393 0.153 0.098
v -1.395 0.145 0.086
v -1.397 0.136 0.074
v -1.399 0.127 0.061
v -1.401 0.119 0.049
v -1.403 0.110 0.037
v -1.390 0.163 0.110
v -1.392 0.155 0.098
v -1.393 0.146 0.086
v -1.395 0.137 0.074
v -1.397 0.129 0.061
v -1.398 0.120 0.049
v -1.400 0.112 0.037
v -1.388 0.164 0.110
v -1.390 0.156 0.098
v -1.391 0.147 0.086
v -1.392 0.138 0.074
v -1.394 0.130 0.061
v -1.395 0.121 0.049
v -1.397 0.113 0.037
v -1.387 0.165 0.110
v -1.388 0.156 0.098
v -1.389 0.148 0.086
v -1.390 0.139 0.074
v -1.391 0.131 0.061
v -1.392 0.122 0.049
v -1.393 0.114 0.037
v -1.385 0.165 0.110
v -1.386 0.157 0.098
v -1.387 0.148 0.086
v -1.387 0.140 0.074
v -1.388 0.131 0.061
v -1.389 0.123 0.049
v -1.390 0.115 0.037
v -1.383 0.166 0.110
v -1.384 0.157 0.098
v -1.384 0.149 0.086
v -1.385 0.140 0.074
v -1.385 0.132 0.061
v -1.386 0.123 0.049
v -1.386 0.115 0.037
v -1.382 0.166 0.110
v -1.382 0.157 0.098
v -1.382 0.149 0.086
v -1.382 0.140 0.074
v -1.382 0.132 0.061
v -1.382 0.123 0.049
v -1.382 0.115 0.037
v -1.380 0.166 0.110
v -1.380 0.157 0.098
v -1.380 0.149 0.086
v -1.379 0.140 0.074
v -1.379 0.131 0.061
v -1.379 0.123 0.049
v -1.379 0.114 0.037
v -1.378 0.166 0.110
v -1.378 0.157 0.098
v -1.377 0.148 0.086
v -1.377 0.140 0.074
v -1.376 0.131 0.061
v -1.376 0.122 0.049
v -1.375 0.113 0.037
v -1.377 0.165 0.110
v -1.376 0.156 0.098
v -1.375 0.148 0.086
v -1.374 0.139 0.074
v -1.374 0.130 0.061
v -1.373 0.121 0.049
v -1.372 0.112 0.037
v -1.375 0.165 0.110
v -1.374 0.156 0.098
v -1.373 0.147 0.086
v -1.372 0.138 0.074
v -1.371 0.129 0.061
v -1.370 0.120 0.049
v -1.369 0.111 0.037
v -1.373 0.164 0.110
v -1.372 0.155 0.098
v -1.371 0.146 0.086
v -1.370 0.136 0.074
v -1.368 0.127 0.061
v -1.367 0.118 0.049
v -1.366 0.109 0.037
v -1.372 0.163 0.110
v -1.370 0.154 0.098
v -1.369 0.144 0.086
v -1.367 0.135 0.074
v -1.366 0.126 0.061
v -1.364 0.116 0.049
v -1.363 0.107 0.037
v -1.371 0.162 0.110
v -1.369 0.153 0.098
v -1.367 0.143 0.086
v -1.365 0.133 0.074
v -1.364 0.124 0.061
v -1.362 0.114 0.049
v -1.360 0.104 0.037
v -1.369 0.161 0.110
v -1.367 0.151 0.098
v -1.365 0.141 0.086
v -1.364 0.131 0.074
v -1.362 0.121 0.061
v -1.360 0.111 0.049
v -1.358 0.102 0.037
v -1.368 0.160 0.110
v -1.366 0.150 0.098
v -1.364 0.139 0.086
v -1.362 0.129 0.074
v -1.360 0.119 0.061
v -1.358 0.109 0.049
v -1.356 0.099 0.037
v -1.367 0.158 0.110
v -1.365 0.148 0.098
v -1.363 0.137 0.086
v -1.360 0.127 0.074
v -1.358 0.116 0.061
v -1.356 0.106 0.049
v -1.354 0.096 0.037
v -1.366 0.157 0.110
v -1.364 0.146 0.098
v -1.362 0.135 0.086
v -1.359 0.125 0.074
v -1.357 0.114 0.061
v -1.355 0.103 0.049
v -1.352 0.092 0.037
v -1.365 0.155 0.110
v -1.363 0.144 0.098
v -1.361 0.133 0.086
v -1.358 0.122 0.074
v -1.356 0.111 0.061
v -1.353 0.100 0.049
v -1.351 0.089 0.037
v -1.365 0.154 0.110
v -1.362 0.142 0.098
v -1.360 0.131 0.086
v -1.357 0.120 0.074
v -1.355 0.108 0.061
v -1.353 0.097 0.049
v -1.350 0.086 0.037
v -1.364 0.152 0.110
v -1.362 0.140 0.098
v -1.359 0.129 0.086
v -1.357 0.117 0.074
v -1.354 0.105 0.061
v -1.352 0.094 0.049
v -1.349 0.082 0.037
v -1.364 0.150 0.110
v -1.361 0.138 0.098
v -1.359 0.126 0.086
v -1.356 0.114 0.074
v -1.354 0.102 0.061
v -1.351 0.090 0.049
v -1.349 0.078 0.037
v -1.364 0.149 0.110
v -1.361 0.136 0.098
v -1.359 0.124 0.086
v -1.356 0.112 0.074
v -1.354 0.099 0.061
v -1.351 0.087 0.049
v -1.349 0.075 0.037
v -1.363 0.147 0.110
v -1.361 0.134 0.098
v -1.358 0.122 0.086
v -1.356 0.109 0.074
v -1.354 0.097 0.061
v -1.351 0.084 0.049
v -1.349 0.071 0.037
v -1.363 0.145 0.110
v -1.361 0.132 0.098
v -1.359 0.119 0.086
v -1.356 0.107 0.074
v -1.354 0.094 0.061
v -1.352 0.081 0.049
v -1.349 0.068 0.037
v -1.363 0.144 0.110
v -1.361 0.130 0.098
v -1.359 0.117 0.086
v -1.357 0.104 0.074
v -1.354 0.091 0.061
v -1.352 0.077 0.049
v -1.350 0.064 0.037
v -1.363 0.142 0.110
v -1.361 0.128 0.098
v -1.359 0.115 0.086
v -1.357 0.101 0.074
v -1.355 0.088 0.061
v -1.353 0.074 0.049
v -1.351 0.061 0.037
v -1.364 0.140 0.110
v -1.362 0.126 0.098
v -1.360 0.113 0.086
v -1.358 0.099 0.074
v -1.356 0.085 0.061
v -1.354 0.071 0.049
v -1.352 0.057 0.037
v -1.364 0.138 0.110
v -1.362 0.124 0.098
v -1.361 0.110 0.086
v -1.359 0.096 0.074
v -1.357 0.082 0.061
v -1.355 0.068 0.049
v -1.354 0.054 0.037
v -1.364 0.137 0.110
v -1.363 0.123 0.098
v -1.361 0.108 0.086
v -1.360 0.094 0.074
v -1.358 0.080 0.061
v -1.357 0.065 0.049
v -1.356 0.051 0.037
v -1.365 0.135 0.110
v -1.364 0.121 0.098
v -1.362 0.106 0.086
v -1.361 0.092 0.074
v -1.360 0.077 0.061
v -1.359 0.063 0.049
v -1.358 0.048 0.037
v -1.366 0.134 0.110
v -1.359 0.031 0.025
v -1.398 0.136 0.110
v -1.384 0.114 0.104
v -1.384 0.106 0.098
v -1.383 0.114 0.104
v -1.383 0.118 0.107
v -1.383 0.114 0.104
v -1.382 0.118 0.107
v -1.384 0.118 0.107
v -1.384 0.114 0.104
v -1.383 0.118 0.107
v -1.386 0.114 0.104
v -1.386 0.106 0.098
v -1.385 0.114 0.104
v -1.388 0.115 0.104
v -1.388 0.107 0.098
v -1.387 0.115 0.104
v -1.386 0.119 0.107
v -1.386 0.115 0.104
v -1.385 0.118 0.107
v -1.386 0.119 0.107
v -1.387 0.119 0.107
v -1.387 0.115 0.104
v -1.387 0.119 0.107
v -1.389 0.116 0.104
v -1.389 0.107 0.098
v -1.388 0.115 0.104
v -1.391 0.117 0.104
v -1.391 0.108 0.098
v -1.390 0.116 0.104
v -1.390 0.120 0.107
v -1.390 0.116 0.104
v -1.389 0.120 0.107
v -1.389 0.120 0.107
v -1.390 0.121 0.107
v -1.391 0.117 0.104
v -1.390 0.120 0.107
v -1.392 0.118 0.104
v -1.393 0.110 0.098
v -1.392 0.117 0.104
v -1.394 0.119 0.104
v -1.394 0.111 0.098
v -1.393 0.118 0.104
v -1.392 0.122 0.107
v -1.393 0.118 0.104
v -1.392 0.122 0.107
v -1.392 0.122 0.107
v -1.393 0.123 0.107
v -1.393 0.119 0.104
v -1.393 0.123 0.107
v -1.395 0.121 0.104
v -1.396 0.112 0.098
v -1.394 0.120 0.104
v -1.396 0.122 0.104
v -1.397 0.114 0.098
v -1.396 0.121 0.104
v -1.395 0.125 0.107
v -1.395 0.121 0.104
v -1.394 0.124 0.107
v -1.395 0.124 0.107
v -1.395 0.126 0.107
v -1.396 0.122 0.104
v -1.395 0.125 0.107
v -1.397 0.124 0.104
v -1.398 0.116 0.098
v -1.397 0.123 0.104
v -1.396 0.127 0.107
v -1.397 0.123 0.104
v -1.396 0.126 0.107
v -1.396 0.127 0.107
v -1.398 0.125 0.104
v -1.399 0.117 0.098
v -1.398 0.124 0.104
v -1.399 0.127 0.104
v -1.400 0.119 0.098
v -1.399 0.126 0.104
v -1.398 0.129 0.107
v -1.398 0.126 0.104
v -1.397 0.129 0.107
v -1.398 0.129 0.107
v -1.400 0.129 0.104
v -1.401 0.121 0.098
v -1.399 0.128 0.104
v -1.398 0.131 0.107
v -1.399 0.127 0.104
v -1.398 0.130 0.107
v -1.398 0.131 0.107
v -1.400 0.130 0.104
v -1.402 0.123 0.098
v -1.400 0.130 0.104
v -1.399 0.133 0.107
v -1.400 0.129 0.104
v -1.399 0.132 0.107
v -1.399 0.132 0.107
v -1.398 0.134 0.108
v -1.399 0.132 0.107
v -1.398 0.134 0.108
v -1.398 0.134 0.108
v -1.399 0.128 0.104
v -1.399 0.132 0.107
v -1.399 0.134 0.108
v -1.399 0.133 0.107
v -1.398 0.134 0.108
v -1.400 0.130 0.104
v -1.399 0.133 0.107
v -1.402 0.125 0.098
v -1.400 0.131 0.104
v -1.387 0.054 0.061
v -1.386 0.066 0.069
v -1.385 0.077 0.077
v -1.384 0.088 0.085
v -1.383 0.100 0.094
v -1.382 0.111 0.102
v -1.365 0.129 0.106
v -1.365 0.124 0.102
v -1.365 0.119 0.098
v -1.364 0.114 0.094
v -1.364 0.109 0.090
v -1.364 0.104 0.086
v -1.363 0.099 0.082
v -1.363 0.094 0.078
v -1.363 0.089 0.074
v -1.362 0.085 0.070
v -1.362 0.080 0.065
v -1.362 0.075 0.061
v -1.361 0.070 0.057
v -1.361 0.065 0.053
v -1.361 0.060 0.049
v -1.360 0.055 0.045
v -1.360 0.050 0.041
v -1.360 0.045 0.037
v -1.360 0.040 0.033
v -1.359 0.036 0.029
v -1.358 0.032 0.025
v -1.357 0.033 0.025
v -1.357 0.041 0.031
v -1.359 0.047 0.037
v -1.358 0.039 0.031
v -1.358 0.036 0.028
v -1.359 0.039 0.031
v -1.358 0.035 0.028
v -1.357 0.037 0.028
v -1.358 0.040 0.031
v -1.357 0.036 0.028
v -1.355 0.044 0.031
v -1.357 0.050 0.037
v -1.356 0.042 0.031
v -1.356 0.034 0.025
v -1.355 0.036 0.025
v -1.354 0.037 0.025
v -1.353 0.038 0.025
v -1.352 0.040 0.025
v -1.351 0.041 0.025
v -1.351 0.043 0.025
v -1.350 0.044 0.025
v -1.349 0.046 0.025
v -1.349 0.047 0.025
v -1.348 0.049 0.025
v -1.348 0.051 0.025
v -1.348 0.052 0.025
v -1.347 0.054 0.025
v -1.347 0.056 0.025
v -1.347 0.057 0.025
v -1.346 0.059 0.025
v -1.346 0.061 0.025
v -1.346 0.063 0.025
v -1.346 0.065 0.025
v -1.346 0.066 0.025
v -1.347 0.068 0.025
v -1.347 0.070 0.025
v -1.347 0.072 0.025
v -1.347 0.074 0.025
v -1.348 0.076 0.025
v -1.348 0.077 0.025
v -1.349 0.079 0.025
v -1.350 0.081 0.025
v -1.350 0.083 0.025
v -1.351 0.084 0.025
v -1.352 0.086 0.025
v -1.353 0.088 0.025
v -1.354 0.089 0.025
v -1.355 0.091 0.025
v -1.356 0.092 0.025
v -1.357 0.094 0.025
v -1.359 0.095 0.025
v -1.360 0.096 0.025
v -1.361 0.097 0.025
v -1.363 0.099 0.025
v -1.364 0.100 0.025
v -1.366 0.101 0.025
v -1.368 0.102 0.025
v -1.369 0.103 0.025
v -1.371 0.103 0.025
v -1.373 0.104 0.025
v -1.374 0.105 0.025
v -1.376 0.105 0.025
v -1.378 0.106 0.025
v -1.380 0.106 0.025
v -1.382 0.106 0.025
v -1.384 0.106 0.025
v -1.385 0.106 0.025
v -1.387 0.106 0.025
v -1.389 0.106 0.025
v -1.391 0.106 0.025
v -1.393 0.106 0.025
v -1.395 0.105 0.025
v -1.396 0.105 0.025
v -1.398 0.104 0.025
v -1.400 0.104 0.025
v -1.402 0.103 0.025
v -1.403 0.102 0.025
v -1.405 0.101 0.025
v -1.407 0.100 0.025
v -1.408 0.099 0.025
v -1.410 0.098 0.025
v -1.411 0.097 0.025
v -1.412 0.096 0.025
v -1.414 0.094 0.025
v -1.415 0.093 0.025
v -1.416 0.092 0.025
v -1.417 0.090 0.025
v -1.418 0.089 0.025
v -1.419 0.087 0.025
v -1.420 0.085 0.025
v -1.421 0.084 0.025
v -1.422 0.082 0.025
v -1.423 0.080 0.025
v -1.423 0.079 0.025
v -1.424 0.077 0.025
v -1.424 0.075 0.025
v -1.425 0.073 0.025
v -1.425 0.071 0.025
v -1.426 0.070 0.025
v -1.426 0.068 0.025
v -1.426 0.066 0.025
v -1.426 0.064 0.025
v -1.426 0.062 0.025
v -1.426 0.060 0.025
v -1.426 0.058 0.025
v -1.426 0.057 0.025
v -1.426 0.055 0.025
v -1.425 0.053 0.025
v -1.425 0.051 0.025
v -1.425 0.049 0.025
v -1.424 0.048 0.025
v -1.423 0.046 0.025
v -1.423 0.044 0.025
v -1.422 0.042 0.025
v -1.421 0.041 0.025
v -1.420 0.039 0.025
v -1.419 0.037 0.025
v -1.419 0.036 0.025
v -1.418 0.034 0.025
v -1.417 0.033 0.025
v -1.416 0.031 0.025
v -1.414 0.030 0.025
v -1.413 0.028 0.025
v -1.412 0.026 0.025
v -1.411 0.025 0.025
v -1.410 0.023 0.025
v -1.409 0.022 0.025
v -1.408 0.020 0.025
v -1.407 0.019 0.025
v -1.406 0.017 0.025
v -1.405 0.016 0.025
v -1.404 0.015 0.025
v -1.402 0.013 0.025
v -1.401 0.012 0.025
v -1.400 0.010 0.025
v -1.398 0.009 0.025
v -1.397 0.008 0.025
v -1.395 0.007 0.025
v -1.394 0.006 0.025
v -1.392 0.005 0.025
v -1.355 0.039 0.028
v -1.356 0.042 0.031
v -1.356 0.038 0.028
v -1.354 0.040 0.028
v -1.355 0.043 0.031
v -1.355 0.040 0.028
v -1.353 0.047 0.031
v -1.355 0.053 0.037
v -1.354 0.045 0.031
v -1.353 0.042 0.028
v -1.354 0.045 0.031
v -1.354 0.041 0.028
v -1.352 0.044 0.028
v -1.353 0.046 0.031
v -1.353 0.043 0.028
v -1.351 0.050 0.031
v -1.353 0.056 0.037
v -1.352 0.049 0.031
v -1.352 0.045 0.028
v -1.352 0.048 0.031
v -1.352 0.044 0.028
v -1.351 0.047 0.028
v -1.352 0.050 0.031
v -1.351 0.046 0.028
v -1.350 0.054 0.031
v -1.352 0.059 0.037
v -1.351 0.052 0.031
v -1.350 0.049 0.028
v -1.351 0.051 0.031
v -1.350 0.048 0.028
v -1.349 0.051 0.028
v -1.350 0.053 0.031
v -1.350 0.050 0.028
v -1.349 0.058 0.031
v -1.350 0.062 0.037
v -1.349 0.056 0.031
v -1.349 0.052 0.028
v -1.350 0.055 0.031
v -1.349 0.052 0.028
v -1.348 0.054 0.028
v -1.349 0.057 0.031
v -1.349 0.053 0.028
v -1.348 0.061 0.031
v -1.350 0.066 0.037
v -1.348 0.059 0.031
v -1.348 0.056 0.028
v -1.349 0.059 0.031
v -1.348 0.055 0.028
v -1.348 0.058 0.028
v -1.348 0.060 0.031
v -1.348 0.057 0.028
v -1.348 0.065 0.031
v -1.349 0.070 0.037
v -1.348 0.063 0.031
v -1.347 0.060 0.028
v -1.348 0.062 0.031
v -1.347 0.059 0.028
v -1.347 0.062 0.028
v -1.348 0.064 0.031
v -1.347 0.061 0.028
v -1.347 0.069 0.031
v -1.349 0.073 0.037
v -1.348 0.067 0.031
v -1.348 0.072 0.031
v -1.349 0.077 0.037
v -1.348 0.071 0.031
v -1.348 0.076 0.031
v -1.349 0.080 0.037
v -1.348 0.074 0.031
v -1.349 0.080 0.031
v -1.350 0.084 0.037
v -1.348 0.078 0.031
v -1.350 0.083 0.031
v -1.351 0.087 0.037
v -1.349 0.082 0.031
v -1.351 0.087 0.031
v -1.352 0.091 0.037
v -1.350 0.085 0.031
v -1.353 0.090 0.031
v -1.353 0.094 0.037
v -1.352 0.089 0.031
v -1.355 0.094 0.031
v -1.355 0.097 0.037
v -1.354 0.092 0.031
v -1.357 0.097 0.031
v -1.357 0.100 0.037
v -1.356 0.095 0.031
v -1.359 0.099 0.031
v -1.359 0.103 0.037
v -1.358 0.098 0.031
v -1.362 0.102 0.031
v -1.361 0.106 0.037
v -1.361 0.101 0.031
v -1.365 0.104 0.031
v -1.364 0.108 0.037
v -1.363 0.103 0.031
v -1.368 0.106 0.031
v -1.367 0.110 0.037
v -1.367 0.105 0.031
v -1.372 0.108 0.031
v -1.370 0.112 0.037
v -1.370 0.107 0.031
v -1.375 0.109 0.031
v -1.374 0.113 0.037
v -1.373 0.109 0.031
v -1.379 0.110 0.031
v -1.377 0.114 0.037
v -1.377 0.110 0.031
v -1.382 0.110 0.031
v -1.381 0.115 0.037
v -1.381 0.110 0.031
v -1.386 0.111 0.031
v -1.384 0.115 0.037
v -1.384 0.111 0.031
v -1.390 0.110 0.031
v -1.388 0.115 0.037
v -1.388 0.111 0.031
v -1.394 0.110 0.031
v -1.391 0.114 0.037
v -1.392 0.110 0.031
v -1.397 0.109 0.031
v -1.395 0.113 0.037
v -1.395 0.109 0.031
v -1.401 0.107 0.031
v -1.398 0.112 0.037
v -1.399 0.108 0.031
v -1.404 0.106 0.031
v -1.402 0.111 0.037
v -1.402 0.106 0.031
v -1.407 0.103 0.031
v -1.405 0.109 0.037
v -1.406 0.105 0.031
v -1.410 0.101 0.031
v -1.407 0.107 0.037
v -1.409 0.102 0.031
v -1.413 0.099 0.031
v -1.410 0.104 0.037
v -1.411 0.100 0.031
v -1.415 0.096 0.031
v -1.413 0.102 0.037
v -1.414 0.097 0.031
v -1.417 0.093 0.031
v -1.415 0.099 0.037
v -1.416 0.094 0.031
v -1.419 0.089 0.031
v -1.417 0.096 0.037
v -1.418 0.091 0.031
v -1.421 0.086 0.031
v -1.418 0.093 0.037
v -1.420 0.088 0.031
v -1.422 0.082 0.031
v -1.420 0.089 0.037
v -1.421 0.084 0.031
v -1.423 0.079 0.031
v -1.421 0.086 0.037
v -1.423 0.081 0.031
v -1.424 0.075 0.031
v -1.422 0.082 0.037
v -1.423 0.077 0.031
v -1.424 0.071 0.031
v -1.422 0.079 0.037
v -1.424 0.073 0.031
v -1.424 0.068 0.031
v -1.422 0.075 0.037
v -1.424 0.070 0.031
v -1.424 0.064 0.031
v -1.422 0.072 0.037
v -1.424 0.066 0.031
v -1.424 0.060 0.031
v -1.422 0.068 0.037
v -1.424 0.062 0.031
v -1.423 0.057 0.031
v -1.421 0.065 0.037
v -1.423 0.058 0.031
v -1.422 0.053 0.031
v -1.421 0.061 0.037
v -1.422 0.055 0.031
v -1.424 0.053 0.028
v -1.423 0.052 0.028
v -1.423 0.056 0.031
v -1.424 0.052 0.028
v -1.423 0.050 0.028
v -1.422 0.054 0.031
v -1.423 0.051 0.028
v -1.421 0.049 0.031
v -1.419 0.058 0.037
v -1.421 0.051 0.031
v -1.422 0.048 0.028
v -1.422 0.052 0.031
v -1.422 0.049 0.028
v -1.421 0.046 0.028
v -1.421 0.050 0.031
v -1.422 0.047 0.028
v -1.419 0.046 0.031
v -1.418 0.054 0.037
v -1.420 0.048 0.031
v -1.421 0.044 0.028
v -1.420 0.049 0.031
v -1.421 0.045 0.028
v -1.420 0.043 0.028
v -1.419 0.047 0.031
v -1.420 0.044 0.028
v -1.417 0.043 0.031
v -1.416 0.051 0.037
v -1.418 0.044 0.031
v -1.419 0.041 0.028
v -1.418 0.045 0.031
v -1.419 0.042 0.028
v -1.418 0.039 0.028
v -1.418 0.044 0.031
v -1.418 0.040 0.028
v -1.415 0.040 0.031
v -1.414 0.048 0.037
v -1.416 0.041 0.031
v -1.417 0.038 0.028
v -1.417 0.042 0.031
v -1.417 0.039 0.028
v -1.416 0.036 0.028
v -1.416 0.040 0.031
v -1.416 0.037 0.028
v -1.413 0.036 0.031
v -1.413 0.045 0.037
v -1.414 0.038 0.031
v -1.415 0.035 0.028
v -1.415 0.039 0.031
v -1.415 0.035 0.028
v -1.414 0.033 0.028
v -1.413 0.037 0.031
v -1.414 0.034 0.028
v -1.411 0.033 0.031
v -1.411 0.042 0.037
v -1.412 0.035 0.031
v -1.413 0.031 0.028
v -1.412 0.036 0.031
v -1.413 0.032 0.028
v -1.412 0.030 0.028
v -1.411 0.034 0.031
v -1.412 0.031 0.028
v -1.409 0.030 0.031
v -1.409 0.039 0.037
v -1.410 0.032 0.031
v -1.410 0.028 0.028
v -1.410 0.033 0.031
v -1.411 0.029 0.028
v -1.409 0.027 0.028
v -1.409 0.031 0.031
v -1.410 0.027 0.028
v -1.407 0.027 0.031
v -1.406 0.036 0.037
v -1.408 0.029 0.031
v -1.408 0.025 0.028
v -1.408 0.030 0.031
v -1.409 0.026 0.028
v -1.407 0.024 0.028
v -1.407 0.028 0.031
v -1.408 0.024 0.028
v -1.404 0.024 0.031
v -1.404 0.033 0.037
v -1.405 0.026 0.031
v -1.406 0.022 0.028
v -1.406 0.027 0.031
v -1.407 0.023 0.028
v -1.405 0.020 0.028
v -1.405 0.025 0.031
v -1.405 0.021 0.028
v -1.402 0.022 0.031
v -1.402 0.031 0.037
v -1.403 0.023 0.031
v -1.404 0.019 0.028
v -1.404 0.024 0.031
v -1.404 0.020 0.028
v -1.402 0.018 0.028
v -1.402 0.022 0.031
v -1.403 0.018 0.028
v -1.399 0.019 0.031
v -1.400 0.028 0.037
v -1.401 0.020 0.031
v -1.401 0.016 0.028
v -1.401 0.021 0.031
v -1.402 0.017 0.028
v -1.400 0.015 0.028
v -1.400 0.020 0.031
v -1.400 0.016 0.028
v -1.396 0.016 0.031
v -1.397 0.026 0.037
v -1.398 0.018 0.031
v -1.398 0.014 0.028
v -1.399 0.018 0.031
v -1.399 0.014 0.028
v -1.397 0.012 0.028
v -1.397 0.017 0.031
v -1.398 0.013 0.028
v -1.393 0.014 0.031
v -1.394 0.024 0.037
v -1.395 0.015 0.031
v -1.395 0.011 0.028
v -1.396 0.016 0.031
v -1.396 0.012 0.028
v -1.394 0.010 0.028
v -1.394 0.015 0.031
v -1.394 0.011 0.028
v -1.391 0.022 0.037
v -1.391 0.014 0.031
v -1.392 0.010 0.028
v -1.392 0.014 0.031
v -1.393 0.010 0.028
v -1.391 0.014 0.031
v -1.391 0.009 0.028
v -1.398 0.135 0.109
v -1.399 0.134 0.108
v -1.400 0.133 0.106
v -1.401 0.131 0.103
v -1.402 0.131 0.101
v -1.403 0.130 0.097
v -1.404 0.130 0.093
v -1.405 0.130 0.092
v -1.405 0.130 0.090
v -1.405 0.131 0.088
v -1.405 0.132 0.086
v -1.405 0.132 0.085
v -1.404 0.133 0.084
v -1.404 0.134 0.084
v -1.403 0.135 0.084
v -1.403 0.136 0.084
v -1.402 0.137 0.085
v -1.401 0.139 0.086
v -1.400 0.141 0.088
v -1.400 0.142 0.090
v -1.399 0.144 0.093
v -1.399 0.146 0.097
v -1.399 0.147 0.100
v -1.399 0.147 0.104
v -1.399 0.147 0.107
v -1.399 0.146 0.109
v -1.399 0.145 0.110
v -1.403 0.127 0.098
v -1.402 0.130 0.101
v -1.403 0.126 0.098
v -1.401 0.129 0.101
v -1.402 0.130 0.101
v -1.405 0.122 0.092
v -1.406 0.114 0.086
v -1.404 0.120 0.092
v -1.405 0.121 0.092
v -1.403 0.127 0.098
v -1.402 0.131 0.101
v -1.405 0.128 0.092
v -1.407 0.121 0.086
v -1.405 0.126 0.092
v -1.405 0.127 0.092
v -1.407 0.124 0.086
v -1.406 0.126 0.086
v -1.406 0.128 0.086
v -1.407 0.127 0.080
v -1.409 0.120 0.074
v -1.407 0.124 0.080
v -1.407 0.126 0.080
v -1.406 0.129 0.080
v -1.408 0.123 0.074
v -1.406 0.128 0.080
v -1.405 0.130 0.083
v -1.406 0.127 0.080
v -1.406 0.129 0.083
v -1.405 0.130 0.083
v -1.404 0.131 0.080
v -1.407 0.125 0.074
v -1.405 0.130 0.080
v -1.404 0.133 0.083
v -1.405 0.130 0.080
v -1.405 0.131 0.083
v -1.404 0.132 0.083
v -1.404 0.134 0.083
v -1.405 0.131 0.080
v -1.404 0.133 0.083
v -1.403 0.133 0.080
v -1.405 0.127 0.074
v -1.404 0.132 0.080
v -1.403 0.135 0.083
v -1.404 0.132 0.080
v -1.403 0.134 0.083
v -1.402 0.136 0.083
v -1.403 0.133 0.080
v -1.403 0.135 0.083
v -1.402 0.135 0.080
v -1.404 0.130 0.074
v -1.401 0.139 0.086
v -1.402 0.134 0.080
v -1.399 0.145 0.092
v -1.398 0.148 0.098
v -1.399 0.149 0.104
v -1.399 0.148 0.104
v -1.398 0.151 0.107
v -1.399 0.148 0.104
v -1.398 0.150 0.107
v -1.398 0.151 0.107
v -1.398 0.151 0.104
v -1.397 0.152 0.104
v -1.398 0.151 0.104
v -1.397 0.154 0.107
v -1.398 0.151 0.104
v -1.397 0.153 0.107
v -1.397 0.153 0.107
v -1.396 0.155 0.107
v -1.397 0.152 0.104
v -1.397 0.154 0.107
v -1.396 0.154 0.104
v -1.397 0.153 0.104
v -1.394 0.157 0.104
v -1.395 0.151 0.098
v -1.395 0.155 0.104
v -1.394 0.156 0.104
v -1.392 0.158 0.104
v -1.394 0.153 0.098
v -1.393 0.157 0.104
v -1.391 0.159 0.104
v -1.392 0.154 0.098
v -1.391 0.158 0.104
v -1.391 0.160 0.107
v -1.392 0.158 0.104
v -1.392 0.160 0.107
v -1.391 0.160 0.107
v -1.390 0.161 0.107
v -1.391 0.159 0.104
v -1.391 0.161 0.107
v -1.389 0.160 0.104
v -1.391 0.155 0.098
v -1.390 0.159 0.104
v -1.387 0.160 0.104
v -1.389 0.156 0.098
v -1.388 0.160 0.104
v -1.385 0.161 0.104
v -1.387 0.157 0.098
v -1.386 0.161 0.104
v -1.384 0.161 0.104
v -1.385 0.157 0.098
v -1.385 0.161 0.104
v -1.384 0.163 0.107
v -1.385 0.161 0.104
v -1.385 0.163 0.107
v -1.385 0.163 0.107
v -1.382 0.162 0.104
v -1.383 0.157 0.098
v -1.383 0.162 0.104
v -1.383 0.164 0.107
v -1.383 0.161 0.104
v -1.384 0.164 0.107
v -1.383 0.164 0.107
v -1.380 0.162 0.104
v -1.381 0.157 0.098
v -1.381 0.162 0.104
v -1.381 0.164 0.107
v -1.381 0.162 0.104
v -1.382 0.164 0.107
v -1.381 0.164 0.107
v -1.380 0.164 0.107
v -1.380 0.162 0.104
v -1.380 0.164 0.107
v -1.378 0.161 0.104
v -1.379 0.157 0.098
v -1.379 0.161 0.104
v -1.378 0.164 0.107
v -1.378 0.161 0.104
v -1.379 0.164 0.107
v -1.379 0.164 0.107
v -1.376 0.161 0.104
v -1.377 0.157 0.098
v -1.377 0.161 0.104
v -1.374 0.160 0.104
v -1.375 0.156 0.098
v -1.375 0.161 0.104
v -1.376 0.163 0.107
v -1.376 0.161 0.104
v -1.376 0.163 0.107
v -1.376 0.163 0.107
v -1.373 0.159 0.104
v -1.373 0.155 0.098
v -1.374 0.160 0.104
v -1.374 0.162 0.107
v -1.374 0.160 0.104
v -1.375 0.163 0.107
v -1.374 0.162 0.107
v -1.373 0.162 0.107
v -1.373 0.160 0.104
v -1.373 0.162 0.107
v -1.371 0.159 0.104
v -1.371 0.154 0.098
v -1.372 0.159 0.104
v -1.370 0.157 0.104
v -1.370 0.153 0.098
v -1.370 0.158 0.104
v -1.371 0.160 0.107
v -1.371 0.158 0.104
v -1.372 0.161 0.107
v -1.371 0.161 0.107
v -1.368 0.156 0.104
v -1.368 0.152 0.098
v -1.369 0.157 0.104
v -1.369 0.159 0.107
v -1.369 0.157 0.104
v -1.370 0.160 0.107
v -1.370 0.159 0.107
v -1.369 0.159 0.107
v -1.369 0.156 0.104
v -1.369 0.159 0.107
v -1.367 0.155 0.104
v -1.367 0.150 0.098
v -1.368 0.155 0.104
v -1.368 0.157 0.107
v -1.367 0.155 0.104
v -1.368 0.158 0.107
v -1.368 0.158 0.107
v -1.366 0.153 0.104
v -1.365 0.149 0.098
v -1.367 0.154 0.104
v -1.365 0.151 0.104
v -1.364 0.147 0.098
v -1.366 0.152 0.104
v -1.366 0.155 0.107
v -1.366 0.153 0.104
v -1.367 0.156 0.107
v -1.366 0.155 0.107
v -1.364 0.150 0.104
v -1.363 0.145 0.098
v -1.365 0.151 0.104
v -1.365 0.153 0.107
v -1.365 0.151 0.104
v -1.366 0.154 0.107
v -1.365 0.154 0.107
v -1.365 0.153 0.107
v -1.364 0.150 0.104
v -1.365 0.153 0.107
v -1.364 0.148 0.104
v -1.363 0.143 0.098
v -1.364 0.149 0.104
v -1.364 0.151 0.107
v -1.364 0.148 0.104
v -1.365 0.152 0.107
v -1.364 0.151 0.107
v -1.363 0.146 0.104
v -1.362 0.141 0.098
v -1.363 0.147 0.104
v -1.364 0.149 0.107
v -1.363 0.147 0.104
v -1.364 0.150 0.107
v -1.364 0.150 0.107
v -1.363 0.144 0.104
v -1.362 0.139 0.098
v -1.363 0.145 0.104
v -1.363 0.147 0.107
v -1.363 0.145 0.104
v -1.363 0.148 0.107
v -1.363 0.148 0.107
v -1.362 0.143 0.104
v -1.361 0.137 0.098
v -1.362 0.143 0.104
v -1.362 0.141 0.104
v -1.361 0.135 0.098
v -1.362 0.142 0.104
v -1.363 0.145 0.107
v -1.362 0.142 0.104
v -1.363 0.146 0.107
v -1.363 0.145 0.107
v -1.362 0.139 0.104
v -1.361 0.133 0.098
v -1.362 0.140 0.104
v -1.363 0.143 0.107
v -1.362 0.140 0.104
v -1.363 0.144 0.107
v -1.363 0.143 0.107
v -1.362 0.137 0.104
v -1.361 0.131 0.098
v -1.362 0.138 0.104
v -1.363 0.141 0.107
v -1.362 0.138 0.104
v -1.363 0.142 0.107
v -1.363 0.142 0.107
v -1.363 0.140 0.107
v -1.362 0.137 0.104
v -1.363 0.141 0.107
v -1.362 0.135 0.104
v -1.361 0.129 0.098
v -1.362 0.136 0.104
v -1.363 0.138 0.107
v -1.362 0.136 0.104
v -1.363 0.139 0.107
v -1.363 0.139 0.107
v -1.363 0.133 0.104
v -1.361 0.127 0.098
v -1.362 0.134 0.104
v -1.363 0.137 0.107
v -1.362 0.134 0.104
v -1.363 0.138 0.107
v -1.363 0.137 0.107
v -1.363 0.131 0.104
v -1.362 0.125 0.098
v -1.363 0.132 0.104
v -1.363 0.135 0.107
v -1.363 0.132 0.104
v -1.363 0.136 0.107
v -1.363 0.135 0.107
v -1.364 0.130 0.104
v -1.363 0.123 0.098
v -1.363 0.131 0.104
v -1.364 0.128 0.104
v -1.363 0.122 0.098
v -1.364 0.129 0.104
v -1.364 0.132 0.107
v -1.364 0.129 0.104
v -1.364 0.133 0.107
v -1.364 0.133 0.107
v -1.364 0.120 0.098
v -1.365 0.127 0.104
v -1.365 0.131 0.107
v -1.364 0.127 0.104
v -1.365 0.132 0.107
v -1.365 0.131 0.107
v -1.365 0.127 0.104
v -1.365 0.130 0.107
v -1.388 0.040 0.051
v -1.389 0.041 0.051
v -1.390 0.041 0.051
v -1.391 0.042 0.051
v -1.392 0.043 0.051
v -1.393 0.043 0.052
v -1.393 0.044 0.052
v -1.394 0.045 0.052
v -1.394 0.046 0.053
v -1.394 0.047 0.053
v -1.394 0.048 0.054
v -1.394 0.050 0.055
v -1.394 0.051 0.056
v -1.393 0.052 0.057
v -1.392 0.053 0.058
v -1.392 0.053 0.058
v -1.391 0.053 0.059
v -1.390 0.054 0.060
v -1.388 0.054 0.060
v -1.389 0.039 0.049
v -1.388 0.055 0.061
v -1.392 0.031 0.043
v -1.390 0.030 0.043
v -1.390 0.039 0.049
v -1.392 0.040 0.049
v -1.391 0.057 0.061
v -1.392 0.040 0.049
v -1.395 0.033 0.043
v -1.393 0.032 0.043
v -1.392 0.042 0.051
v -1.392 0.040 0.049
v -1.391 0.042 0.051
v -1.392 0.042 0.051
v -1.393 0.040 0.049
v -1.395 0.051 0.055
v -1.395 0.042 0.049
v -1.393 0.058 0.061
v -1.393 0.036 0.046
v -1.392 0.031 0.043
v -1.391 0.035 0.046
v -1.392 0.036 0.046
v -1.393 0.043 0.051
v -1.393 0.040 0.049
v -1.393 0.042 0.051
v -1.394 0.037 0.046
v -1.394 0.032 0.043
v -1.394 0.036 0.046
v -1.397 0.035 0.043
v -1.396 0.034 0.043
v -1.394 0.043 0.051
v -1.393 0.041 0.049
v -1.393 0.043 0.051
v -1.395 0.046 0.052
v -1.394 0.041 0.049
v -1.396 0.047 0.052
v -1.396 0.042 0.049
v -1.395 0.050 0.055
v -1.395 0.046 0.052
v -1.398 0.053 0.055
v -1.398 0.044 0.049
v -1.396 0.060 0.061
v -1.397 0.052 0.055
v -1.394 0.054 0.058
v -1.392 0.053 0.058
v -1.393 0.058 0.061
v -1.393 0.054 0.058
v -1.393 0.067 0.068
v -1.391 0.065 0.068
v -1.391 0.074 0.074
v -1.392 0.066 0.068
v -1.391 0.057 0.061
v -1.389 0.064 0.068
v -1.389 0.073 0.074
v -1.390 0.065 0.068
v -1.392 0.053 0.058
v -1.392 0.053 0.058
v -1.392 0.055 0.060
v -1.392 0.055 0.060
v -1.392 0.057 0.061
v -1.392 0.055 0.060
v -1.392 0.061 0.064
v -1.390 0.061 0.064
v -1.391 0.065 0.068
v -1.391 0.061 0.064
v -1.393 0.053 0.058
v -1.390 0.056 0.061
v -1.389 0.056 0.061
v -1.387 0.072 0.074
v -1.387 0.064 0.068
v -1.389 0.017 0.034
v -1.388 0.029 0.042
v -1.366 0.134 0.110
v -1.359 0.031 0.025
v -1.366 0.133 0.110
v -1.365 0.126 0.104
v -1.366 0.132 0.110
v -1.364 0.112 0.093
v -1.362 0.093 0.076
v -1.359 0.053 0.042
v -1.357 0.033 0.025
v -1.359 0.036 0.029
v -1.360 0.040 0.033
v -1.360 0.045 0.037
v -1.360 0.050 0.041
v -1.360 0.055 0.045
v -1.361 0.060 0.049
v -1.361 0.065 0.053
v -1.361 0.070 0.057
v -1.362 0.075 0.061
v -1.362 0.080 0.065
v -1.362 0.085 0.070
v -1.363 0.089 0.074
v -1.363 0.094 0.078
v -1.363 0.099 0.082
v -1.364 0.104 0.086
v -1.364 0.109 0.090
v -1.364 0.114 0.094
v -1.365 0.119 0.098
v -1.365 0.124 0.102
v -1.365 0.129 0.106
v -1.366 0.130 0.107
v -1.365 0.126 0.104
v -1.365 0.130 0.107
v -1.366 0.132 0.109
v -1.365 0.130 0.107
v -1.365 0.132 0.109
v -1.365 0.126 0.104
v -1.366 0.129 0.107
v -1.366 0.131 0.109
v -1.366 0.129 0.107
v -1.366 0.131 0.109
v -1.366 0.131 0.109
v -1.366 0.129 0.107
v -1.366 0.131 0.109
v -1.366 0.127 0.106
v -1.365 0.122 0.101
v -1.365 0.117 0.097
v -1.364 0.108 0.089
v -1.363 0.103 0.084
v -1.363 0.098 0.080
v -1.362 0.088 0.072
v -1.362 0.083 0.068
v -1.361 0.078 0.063
v -1.361 0.073 0.059
v -1.360 0.068 0.055
v -1.360 0.063 0.051
v -1.359 0.058 0.046
v -1.358 0.048 0.038
v -1.358 0.043 0.034
v -1.357 0.038 0.029
v -1.364 0.113 0.093
v -1.364 0.106 0.087
v -1.363 0.099 0.082
v -1.363 0.092 0.076
v -1.362 0.086 0.070
v -1.362 0.079 0.065
v -1.361 0.072 0.059
v -1.361 0.065 0.053
v -1.360 0.059 0.048
v -1.359 0.052 0.042
v -1.359 0.045 0.036
v -1.358 0.038 0.031
v -1.366 0.132 0.110
v -1.362 0.093 0.076
v -1.361 0.073 0.059
v -1.359 0.053 0.042
v -1.357 0.033 0.025
v -1.367 0.131 0.110
v -1.366 0.110 0.093
v -1.364 0.090 0.076
v -1.363 0.070 0.059
v -1.362 0.049 0.042
v -1.368 0.129 0.110
v -1.367 0.108 0.093
v -1.366 0.087 0.076
v -1.365 0.067 0.059
v -1.364 0.046 0.042
v -1.370 0.127 0.110
v -1.369 0.106 0.093
v -1.369 0.085 0.076
v -1.368 0.064 0.059
v -1.367 0.043 0.042
v -1.372 0.126 0.110
v -1.371 0.104 0.093
v -1.371 0.083 0.076
v -1.371 0.061 0.059
v -1.370 0.040 0.042
v -1.373 0.124 0.110
v -1.373 0.103 0.093
v -1.373 0.081 0.076
v -1.374 0.059 0.059
v -1.374 0.037 0.042
v -1.375 0.123 0.110
v -1.376 0.101 0.093
v -1.376 0.079 0.076
v -1.376 0.056 0.059
v -1.377 0.034 0.042
v -1.377 0.123 0.110
v -1.378 0.100 0.093
v -1.379 0.077 0.076
v -1.380 0.054 0.059
v -1.380 0.031 0.042
v -1.379 0.122 0.110
v -1.381 0.099 0.093
v -1.382 0.076 0.076
v -1.384 0.029 0.042
v -1.382 0.122 0.110
v -1.390 0.005 0.025
v -1.382 0.111 0.102
v -1.383 0.100 0.094
v -1.384 0.088 0.085
v -1.385 0.077 0.077
v -1.386 0.066 0.069
v -1.387 0.054 0.061
v -1.357 0.038 0.029
v -1.358 0.043 0.034
v -1.358 0.048 0.038
v -1.359 0.058 0.046
v -1.360 0.063 0.051
v -1.360 0.068 0.055
v -1.361 0.078 0.063
v -1.362 0.083 0.068
v -1.362 0.088 0.072
v -1.363 0.098 0.080
v -1.363 0.103 0.084
v -1.364 0.108 0.089
v -1.364 0.112 0.093
v -1.365 0.117 0.097
v -1.365 0.122 0.101
v -1.366 0.127 0.106
v -1.359 0.031 0.025
v -1.361 0.039 0.034
v -1.360 0.051 0.042
v -1.359 0.041 0.034
v -1.366 0.120 0.101
v -1.365 0.111 0.093
v -1.366 0.121 0.101
v -1.366 0.126 0.106
v -1.366 0.122 0.101
v -1.366 0.127 0.106
v -1.367 0.125 0.106
v -1.366 0.121 0.101
v -1.367 0.126 0.106
v -1.368 0.118 0.101
v -1.367 0.109 0.093
v -1.367 0.119 0.101
v -1.370 0.117 0.101
v -1.368 0.107 0.093
v -1.369 0.118 0.101
v -1.369 0.123 0.106
v -1.368 0.118 0.101
v -1.368 0.124 0.106
v -1.369 0.123 0.106
v -1.371 0.115 0.101
v -1.370 0.105 0.093
v -1.370 0.116 0.101
v -1.371 0.121 0.106
v -1.370 0.116 0.101
v -1.370 0.122 0.106
v -1.370 0.121 0.106
v -1.371 0.120 0.106
v -1.371 0.115 0.101
v -1.371 0.121 0.106
v -1.373 0.113 0.101
v -1.372 0.103 0.093
v -1.372 0.114 0.101
v -1.375 0.112 0.101
v -1.374 0.102 0.093
v -1.374 0.113 0.101
v -1.374 0.118 0.106
v -1.374 0.113 0.101
v -1.373 0.119 0.106
v -1.374 0.119 0.106
v -1.378 0.111 0.101
v -1.377 0.100 0.093
v -1.377 0.112 0.101
v -1.376 0.117 0.106
v -1.376 0.112 0.101
v -1.375 0.118 0.106
v -1.376 0.118 0.106
v -1.380 0.111 0.101
v -1.379 0.099 0.093
v -1.379 0.111 0.101
v -1.379 0.117 0.106
v -1.378 0.111 0.101
v -1.377 0.117 0.106
v -1.378 0.117 0.106
v -1.380 0.117 0.106
v -1.379 0.111 0.101
v -1.379 0.117 0.106
v -1.382 0.099 0.093
v -1.381 0.111 0.101
v -1.382 0.110 0.101
v -1.381 0.116 0.106
v -1.381 0.116 0.106
v -1.388 0.005 0.025
v -1.386 0.006 0.025
v -1.384 0.007 0.025
v -1.381 0.008 0.025
v -1.380 0.009 0.025
v -1.378 0.010 0.025
v -1.377 0.012 0.025
v -1.375 0.014 0.025
v -1.373 0.016 0.025
v -1.371 0.018 0.025
v -1.369 0.019 0.025
v -1.368 0.020 0.025
v -1.367 0.022 0.025
v -1.365 0.023 0.025
v -1.364 0.025 0.025
v -1.362 0.027 0.025
v -1.361 0.029 0.025
v -1.385 0.018 0.034
v -1.386 0.029 0.042
v -1.387 0.017 0.034
v -1.387 0.011 0.029
v -1.388 0.017 0.034
v -1.389 0.011 0.029
v -1.385 0.012 0.029
v -1.386 0.017 0.034
v -1.386 0.012 0.029
v -1.381 0.020 0.034
v -1.382 0.030 0.042
v -1.383 0.019 0.034
v -1.383 0.013 0.029
v -1.384 0.018 0.034
v -1.384 0.012 0.029
v -1.381 0.014 0.029
v -1.382 0.019 0.034
v -1.382 0.013 0.029
v -1.377 0.023 0.034
v -1.379 0.032 0.042
v -1.379 0.021 0.034
v -1.379 0.016 0.029
v -1.380 0.020 0.034
v -1.380 0.015 0.029
v -1.377 0.017 0.029
v -1.378 0.022 0.034
v -1.378 0.016 0.029
v -1.374 0.026 0.034
v -1.375 0.035 0.042
v -1.375 0.024 0.034
v -1.375 0.019 0.029
v -1.376 0.023 0.034
v -1.376 0.018 0.029
v -1.374 0.020 0.029
v -1.374 0.025 0.034
v -1.374 0.019 0.029
v -1.370 0.029 0.034
v -1.372 0.038 0.042
v -1.372 0.027 0.034
v -1.372 0.022 0.029
v -1.373 0.027 0.034
v -1.373 0.021 0.029
v -1.370 0.024 0.029
v -1.371 0.028 0.034
v -1.371 0.023 0.029
v -1.367 0.032 0.034
v -1.369 0.041 0.042
v -1.369 0.031 0.034
v -1.369 0.025 0.029
v -1.370 0.030 0.034
v -1.369 0.025 0.029
v -1.367 0.027 0.029
v -1.368 0.032 0.034
v -1.368 0.026 0.029
v -1.364 0.036 0.034
v -1.366 0.045 0.042
v -1.366 0.034 0.034
v -1.365 0.029 0.029
v -1.366 0.033 0.034
v -1.366 0.028 0.029
v -1.364 0.031 0.029
v -1.365 0.035 0.034
v -1.365 0.030 0.029
v -1.363 0.048 0.042
v -1.362 0.038 0.034
v -1.362 0.032 0.029
v -1.363 0.037 0.034
v -1.363 0.032 0.029
v -1.361 0.034 0.029
v -1.362 0.038 0.034
v -1.361 0.033 0.029
v -1.359 0.036 0.029
v -1.360 0.040 0.034
v -1.360 0.035 0.029
v -1.378 0.047 0.052
v -1.378 0.045 0.052
v -1.379 0.044 0.051
v -1.380 0.043 0.051
v -1.377 0.045 0.051
v -1.378 0.055 0.059
v -1.378 0.044 0.051
v -1.377 0.044 0.051
v -1.377 0.051 0.055
v -1.377 0.056 0.059
v -1.377 0.050 0.055
v -1.374 0.048 0.051
v -1.375 0.057 0.059
v -1.375 0.046 0.051
v -1.379 0.066 0.068
v -1.376 0.067 0.068
v -1.377 0.078 0.076
v -1.378 0.066 0.068
v -1.378 0.044 0.051
v -1.379 0.043 0.051
v -1.379 0.055 0.059
v -1.378 0.038 0.046
v -1.378 0.033 0.042
v -1.377 0.039 0.046
v -1.378 0.039 0.046
v -1.379 0.044 0.051
v -1.380 0.037 0.046
v -1.379 0.032 0.042
v -1.379 0.038 0.046
v -1.382 0.064 0.068
v -1.380 0.076 0.076
v -1.381 0.065 0.068
v -1.386 0.054 0.061
v -1.384 0.054 0.060
v -1.383 0.054 0.060
v -1.381 0.053 0.059
v -1.380 0.053 0.058
v -1.379 0.053 0.058
v -1.379 0.052 0.057
v -1.378 0.052 0.056
v -1.378 0.051 0.056
v -1.378 0.050 0.055
v -1.377 0.050 0.055
v -1.383 0.075 0.076
v -1.384 0.064 0.068
v -1.384 0.058 0.063
v -1.385 0.064 0.068
v -1.385 0.058 0.063
v -1.386 0.055 0.061
v -1.386 0.058 0.063
v -1.386 0.055 0.061
v -1.386 0.055 0.061
v -1.385 0.055 0.061
v -1.385 0.058 0.063
v -1.385 0.055 0.061
v -1.383 0.058 0.063
v -1.383 0.064 0.068
v -1.384 0.058 0.063
v -1.381 0.059 0.063
v -1.382 0.064 0.068
v -1.382 0.059 0.063
v -1.379 0.060 0.063
v -1.380 0.065 0.068
v -1.380 0.059 0.063
v -1.379 0.054 0.059
v -1.378 0.061 0.063
v -1.378 0.066 0.068
v -1.379 0.060 0.063
v -1.378 0.052 0.057
v -1.378 0.055 0.059
v -1.377 0.053 0.057
v -1.378 0.055 0.059
v -1.378 0.053 0.057
v -1.376 0.062 0.063
v -1.377 0.067 0.068
v -1.377 0.061 0.063
v -1.373 0.070 0.068
v -1.375 0.080 0.076
v -1.375 0.069 0.068
v -1.381 0.042 0.051
v -1.383 0.041 0.050
v -1.384 0.041 0.050
v -1.386 0.040 0.050
v -1.387 0.040 0.051
v -1.388 0.040 0.051
v -1.384 0.035 0.046
v -1.383 0.030 0.042
v -1.382 0.036 0.046
v -1.383 0.035 0.046
v -1.386 0.035 0.046
v -1.385 0.029 0.042
v -1.385 0.035 0.046
v -1.387 0.029 0.042
v -1.387 0.034 0.046
v -1.387 0.037 0.048
v -1.386 0.035 0.046
v -1.386 0.038 0.048
v -1.386 0.037 0.048
v -1.388 0.029 0.042
v -1.389 0.017 0.034
v -1.377 0.048 0.053
v -1.385 0.072 0.049
v -1.387 0.072 0.049
v -1.389 0.072 0.048
v -1.391 0.073 0.048
v -1.392 0.074 0.047
v -1.394 0.075 0.046
v -1.394 0.076 0.045
v -1.395 0.078 0.044
v -1.395 0.079 0.042
v -1.395 0.080 0.041
v -1.394 0.082 0.040
v -1.394 0.083 0.038
v -1.392 0.084 0.037
v -1.391 0.085 0.036
v -1.389 0.086 0.036
v -1.387 0.086 0.035
v -1.385 0.086 0.035
v -1.383 0.086 0.035
v -1.381 0.085 0.035
v -1.380 0.085 0.036
v -1.378 0.084 0.037
v -1.377 0.083 0.038
v -1.376 0.081 0.039
v -1.375 0.080 0.040
v -1.375 0.078 0.042
v -1.375 0.077 0.043
v -1.376 0.076 0.044
v -1.377 0.075 0.046
v -1.378 0.073 0.047
v -1.380 0.073 0.048
v -1.381 0.072 0.048
v -1.383 0.072 0.049
v -1.385 0.079 0.042
v -1.385 0.075 0.045
v -1.380 0.079 0.042
v -1.380 0.075 0.045
v -1.390 0.079 0.042
v -1.390 0.075 0.046
v -1.385 0.082 0.038
v -1.390 0.083 0.039
v -1.380 0.082 0.038
v -1.357 0.033 0.025
v -1.357 0.033 0.022
v -1.358 0.032 0.022
v -1.359 0.031 0.025
v -1.359 0.031 0.022
v -1.358 0.032 0.025
v -1.359 0.031 0.023
v -1.357 0.033 0.023
v -1.359 0.031 0.025
v -1.359 0.031 0.022
v -1.362 0.027 0.022
v -1.365 0.024 0.022
v -1.368 0.021 0.022
v -1.371 0.018 0.022
v -1.374 0.015 0.022
v -1.377 0.011 0.022
v -1.381 0.009 0.022
v -1.384 0.006 0.022
v -1.389 0.005 0.022
v -1.393 0.006 0.022
v -1.397 0.008 0.022
v -1.400 0.010 0.022
v -1.403 0.014 0.022
v -1.405 0.017 0.022
v -1.408 0.021 0.022
v -1.411 0.024 0.022
v -1.413 0.028 0.022
v -1.416 0.031 0.022
v -1.418 0.035 0.022
v -1.420 0.039 0.022
v -1.422 0.043 0.022
v -1.424 0.047 0.022
v -1.425 0.051 0.022
v -1.426 0.056 0.022
v -1.426 0.060 0.022
v -1.426 0.064 0.022
v -1.426 0.069 0.022
v -1.425 0.073 0.022
v -1.424 0.077 0.022
v -1.422 0.081 0.022
v -1.420 0.085 0.022
v -1.418 0.089 0.022
v -1.415 0.092 0.022
v -1.412 0.096 0.022
v -1.409 0.099 0.022
v -1.405 0.101 0.022
v -1.402 0.103 0.022
v -1.397 0.105 0.022
v -1.393 0.106 0.022
v -1.389 0.106 0.022
v -1.384 0.106 0.022
v -1.380 0.106 0.022
v -1.376 0.105 0.022
v -1.372 0.104 0.022
v -1.368 0.102 0.022
v -1.364 0.099 0.022
v -1.361 0.097 0.022
v -1.357 0.094 0.022
v -1.355 0.090 0.022
v -1.352 0.086 0.022
v -1.350 0.083 0.022
v -1.349 0.078 0.022
v -1.348 0.074 0.022
v -1.347 0.070 0.022
v -1.346 0.066 0.022
v -1.346 0.061 0.022
v -1.347 0.057 0.022
v -1.347 0.052 0.022
v -1.349 0.048 0.022
v -1.350 0.044 0.022
v -1.352 0.040 0.022
v -1.354 0.036 0.022
v -1.357 0.033 0.025
v -1.357 0.033 0.022
v -1.359 0.031 0.023
v -1.357 0.033 0.023
v -1.361 0.029 0.025
v -1.362 0.027 0.025
v -1.364 0.025 0.025
v -1.365 0.023 0.025
v -1.367 0.022 0.025
v -1.368 0.020 0.025
v -1.369 0.019 0.025
v -1.371 0.018 0.025
v -1.373 0.016 0.025
v -1.375 0.014 0.025
v -1.377 0.012 0.025
v -1.378 0.010 0.025
v -1.380 0.009 0.025
v -1.381 0.008 0.025
v -1.384 0.007 0.025
v -1.386 0.006 0.025
v -1.388 0.005 0.025
v -1.390 0.005 0.025
v -1.392 0.005 0.025
v -1.394 0.006 0.025
v -1.395 0.007 0.025
v -1.397 0.008 0.025
v -1.398 0.009 0.025
v -1.400 0.010 0.025
v -1.401 0.012 0.025
v -1.402 0.013 0.025
v -1.404 0.015 0.025
v -1.405 0.016 0.025
v -1.406 0.017 0.025
v -1.407 0.019 0.025
v -1.408 0.020 0.025
v -1.409 0.022 0.025
v -1.410 0.023 0.025
v -1.411 0.025 0.025
v -1.412 0.026 0.025
v -1.413 0.028 0.025
v -1.414 0.030 0.025
v -1.416 0.031 0.025
v -1.417 0.033 0.025
v -1.418 0.034 0.025
v -1.419 0.036 0.025
v -1.419 0.037 0.025
v -1.420 0.039 0.025
v -1.421 0.041 0.025
v -1.422 0.042 0.025
v -1.423 0.044 0.025
v -1.423 0.046 0.025
v -1.424 0.048 0.025
v -1.425 0.049 0.025
v -1.425 0.051 0.025
v -1.425 0.053 0.025
v -1.426 0.055 0.025
v -1.426 0.057 0.025
v -1.426 0.058 0.025
v -1.426 0.060 0.025
v -1.426 0.062 0.025
v -1.426 0.064 0.025
v -1.426 0.066 0.025
v -1.426 0.068 0.025
v -1.426 0.070 0.025
v -1.425 0.071 0.025
v -1.425 0.073 0.025
v -1.424 0.075 0.025
v -1.424 0.077 0.025
v -1.423 0.079 0.025
v -1.423 0.080 0.025
v -1.422 0.082 0.025
v -1.421 0.084 0.025
v -1.420 0.085 0.025
v -1.419 0.087 0.025
v -1.418 0.089 0.025
v -1.417 0.090 0.025
v -1.416 0.092 0.025
v -1.415 0.093 0.025
v -1.414 0.094 0.025
v -1.412 0.096 0.025
v -1.411 0.097 0.025
v -1.410 0.098 0.025
v -1.408 0.099 0.025
v -1.407 0.100 0.025
v -1.405 0.101 0.025
v -1.403 0.102 0.025
v -1.402 0.103 0.025
v -1.400 0.104 0.025
v -1.398 0.104 0.025
v -1.396 0.105 0.025
v -1.395 0.105 0.025
v -1.393 0.106 0.025
v -1.391 0.106 0.025
v -1.389 0.106 0.025
v -1.387 0.106 0.025
v -1.385 0.106 0.025
v -1.384 0.106 0.025
v -1.382 0.106 0.025
v -1.380 0.106 0.025
v -1.378 0.106 0.025
v -1.376 0.105 0.025
v -1.374 0.105 0.025
v -1.373 0.104 0.025
v -1.371 0.103 0.025
v -1.369 0.103 0.025
v -1.368 0.102 0.025
v -1.366 0.101 0.025
v -1.364 0.100 0.025
v -1.363 0.099 0.025
v -1.361 0.097 0.025
v -1.360 0.096 0.025
v -1.359 0.095 0.025
v -1.357 0.094 0.025
v -1.356 0.092 0.025
v -1.355 0.091 0.025
v -1.354 0.089 0.025
v -1.353 0.088 0.025
v -1.352 0.086 0.025
v -1.351 0.084 0.025
v -1.350 0.083 0.025
v -1.350 0.081 0.025
v -1.349 0.079 0.025
v -1.348 0.077 0.025
v -1.348 0.076 0.025
v -1.347 0.074 0.025
v -1.347 0.072 0.025
v -1.347 0.070 0.025
v -1.347 0.068 0.025
v -1.346 0.066 0.025
v -1.346 0.065 0.025
v -1.346 0.063 0.025
v -1.346 0.061 0.025
v -1.346 0.059 0.025
v -1.347 0.057 0.025
v -1.347 0.056 0.025
v -1.347 0.054 0.025
v -1.348 0.052 0.025
v -1.348 0.051 0.025
v -1.348 0.049 0.025
v -1.349 0.047 0.025
v -1.349 0.046 0.025
v -1.350 0.044 0.025
v -1.351 0.043 0.025
v -1.351 0.041 0.025
v -1.352 0.040 0.025
v -1.353 0.038 0.025
v -1.354 0.037 0.025
v -1.355 0.036 0.025
v -1.356 0.034 0.025
v -1.427 0.141 0.110
v -1.430 0.144 0.100
v -1.434 0.147 0.091
v -1.437 0.150 0.081
v -1.440 0.153 0.071
v -1.443 0.156 0.062
v -1.447 0.158 0.052
v -1.450 0.161 0.042
v -1.427 0.143 0.110
v -1.430 0.146 0.100
v -1.433 0.149 0.091
v -1.436 0.152 0.081
v -1.440 0.155 0.072
v -1.443 0.157 0.062
v -1.446 0.160 0.052
v -1.450 0.163 0.043
v -1.426 0.145 0.110
v -1.429 0.148 0.100
v -1.432 0.151 0.091
v -1.436 0.154 0.081
v -1.439 0.156 0.072
v -1.442 0.159 0.062
v -1.446 0.162 0.053
v -1.449 0.165 0.043
v -1.425 0.147 0.110
v -1.428 0.150 0.100
v -1.431 0.152 0.091
v -1.435 0.155 0.081
v -1.438 0.158 0.072
v -1.441 0.161 0.062
v -1.445 0.164 0.053
v -1.448 0.167 0.043
v -1.423 0.148 0.110
v -1.427 0.151 0.100
v -1.430 0.154 0.091
v -1.433 0.157 0.081
v -1.437 0.160 0.072
v -1.440 0.162 0.062
v -1.443 0.165 0.053
v -1.447 0.168 0.043
v -1.422 0.149 0.110
v -1.425 0.152 0.100
v -1.428 0.155 0.091
v -1.432 0.158 0.081
v -1.435 0.161 0.072
v -1.438 0.164 0.062
v -1.442 0.166 0.053
v -1.445 0.169 0.043
v -1.420 0.150 0.110
v -1.423 0.153 0.100
v -1.426 0.156 0.091
v -1.430 0.159 0.081
v -1.433 0.161 0.072
v -1.437 0.164 0.062
v -1.440 0.167 0.052
v -1.443 0.170 0.043
v -1.418 0.150 0.110
v -1.421 0.153 0.100
v -1.424 0.156 0.091
v -1.428 0.159 0.081
v -1.431 0.162 0.071
v -1.435 0.165 0.062
v -1.438 0.168 0.052
v -1.441 0.171 0.042
v -1.415 0.150 0.110
v -1.419 0.153 0.100
v -1.422 0.156 0.091
v -1.426 0.159 0.081
v -1.429 0.162 0.071
v -1.433 0.165 0.061
v -1.436 0.168 0.052
v -1.440 0.171 0.042
v -1.414 0.149 0.110
v -1.417 0.152 0.100
v -1.420 0.155 0.090
v -1.424 0.159 0.080
v -1.427 0.162 0.071
v -1.431 0.165 0.061
v -1.434 0.168 0.051
v -1.438 0.171 0.041
v -1.412 0.148 0.110
v -1.415 0.152 0.100
v -1.419 0.155 0.090
v -1.422 0.158 0.080
v -1.426 0.161 0.070
v -1.429 0.164 0.060
v -1.433 0.167 0.050
v -1.436 0.170 0.040
v -1.410 0.147 0.110
v -1.413 0.150 0.100
v -1.417 0.154 0.090
v -1.420 0.157 0.080
v -1.424 0.160 0.070
v -1.427 0.163 0.060
v -1.431 0.166 0.050
v -1.434 0.169 0.040
v -1.409 0.146 0.110
v -1.412 0.149 0.100
v -1.416 0.152 0.090
v -1.419 0.155 0.079
v -1.423 0.159 0.069
v -1.426 0.162 0.059
v -1.430 0.165 0.049
v -1.433 0.168 0.039
v -1.407 0.144 0.110
v -1.411 0.147 0.100
v -1.414 0.151 0.089
v -1.418 0.154 0.079
v -1.422 0.157 0.069
v -1.425 0.160 0.059
v -1.429 0.163 0.048
v -1.432 0.167 0.038
v -1.407 0.142 0.110
v -1.410 0.145 0.100
v -1.414 0.149 0.089
v -1.417 0.152 0.079
v -1.421 0.155 0.068
v -1.424 0.159 0.058
v -1.428 0.162 0.048
v -1.431 0.165 0.037
v -1.406 0.140 0.110
v -1.410 0.144 0.100
v -1.413 0.147 0.089
v -1.417 0.150 0.079
v -1.420 0.153 0.068
v -1.424 0.157 0.058
v -1.427 0.160 0.047
v -1.431 0.163 0.037
v -1.406 0.138 0.110
v -1.409 0.142 0.099
v -1.413 0.145 0.089
v -1.417 0.148 0.078
v -1.420 0.151 0.068
v -1.424 0.155 0.057
v -1.427 0.158 0.047
v -1.431 0.161 0.036
v -1.406 0.136 0.110
v -1.410 0.139 0.099
v -1.413 0.143 0.089
v -1.417 0.146 0.078
v -1.421 0.149 0.067
v -1.424 0.153 0.057
v -1.428 0.156 0.046
v -1.431 0.159 0.036
v -1.407 0.134 0.110
v -1.411 0.138 0.099
v -1.414 0.141 0.089
v -1.418 0.144 0.078
v -1.421 0.148 0.067
v -1.425 0.151 0.057
v -1.428 0.154 0.046
v -1.432 0.158 0.035
v -1.408 0.133 0.110
v -1.412 0.136 0.099
v -1.415 0.139 0.089
v -1.419 0.143 0.078
v -1.422 0.146 0.067
v -1.426 0.149 0.056
v -1.430 0.153 0.046
v -1.433 0.156 0.035
v -1.410 0.131 0.110
v -1.413 0.134 0.099
v -1.417 0.138 0.089
v -1.420 0.141 0.078
v -1.424 0.145 0.067
v -1.427 0.148 0.056
v -1.431 0.151 0.046
v -1.434 0.155 0.035
v -1.411 0.130 0.110
v -1.415 0.133 0.099
v -1.418 0.137 0.089
v -1.422 0.140 0.078
v -1.425 0.143 0.067
v -1.429 0.147 0.057
v -1.432 0.150 0.046
v -1.436 0.153 0.035
v -1.413 0.129 0.110
v -1.417 0.133 0.099
v -1.420 0.136 0.089
v -1.424 0.139 0.078
v -1.427 0.143 0.067
v -1.431 0.146 0.057
v -1.434 0.149 0.046
v -1.438 0.152 0.036
v -1.415 0.129 0.110
v -1.419 0.132 0.099
v -1.422 0.136 0.089
v -1.426 0.139 0.078
v -1.429 0.142 0.068
v -1.433 0.145 0.057
v -1.436 0.149 0.047
v -1.440 0.152 0.036
v -1.417 0.129 0.110
v -1.421 0.133 0.100
v -1.424 0.136 0.089
v -1.428 0.139 0.079
v -1.431 0.142 0.068
v -1.435 0.145 0.058
v -1.438 0.149 0.047
v -1.441 0.152 0.037
v -1.419 0.130 0.110
v -1.423 0.133 0.100
v -1.426 0.136 0.089
v -1.430 0.139 0.079
v -1.433 0.143 0.068
v -1.436 0.146 0.058
v -1.440 0.149 0.048
v -1.443 0.152 0.037
v -1.421 0.131 0.110
v -1.425 0.134 0.100
v -1.428 0.137 0.089
v -1.431 0.140 0.079
v -1.435 0.143 0.069
v -1.438 0.146 0.059
v -1.442 0.149 0.048
v -1.445 0.152 0.038
v -1.423 0.132 0.110
v -1.426 0.135 0.100
v -1.430 0.138 0.090
v -1.433 0.141 0.079
v -1.436 0.144 0.069
v -1.440 0.147 0.059
v -1.443 0.150 0.049
v -1.446 0.153 0.039
v -1.424 0.133 0.110
v -1.428 0.136 0.100
v -1.431 0.139 0.090
v -1.434 0.143 0.080
v -1.438 0.146 0.070
v -1.441 0.149 0.060
v -1.444 0.152 0.050
v -1.448 0.155 0.040
v -1.425 0.135 0.110
v -1.429 0.138 0.100
v -1.432 0.141 0.090
v -1.435 0.144 0.080
v -1.439 0.147 0.070
v -1.442 0.150 0.060
v -1.446 0.153 0.050
v -1.449 0.156 0.040
v -1.426 0.137 0.110
v -1.430 0.140 0.100
v -1.433 0.143 0.090
v -1.436 0.146 0.080
v -1.440 0.149 0.071
v -1.443 0.152 0.061
v -1.446 0.155 0.051
v -1.450 0.158 0.041
v -1.427 0.139 0.110
v -1.430 0.142 0.100
v -1.433 0.145 0.091
v -1.437 0.148 0.081
v -1.440 0.151 0.071
v -1.443 0.154 0.061
v -1.447 0.157 0.052
v -1.450 0.159 0.042
v -1.427 0.141 0.110
v -1.430 0.144 0.100
v -1.434 0.147 0.091
v -1.437 0.150 0.081
v -1.440 0.153 0.071
v -1.443 0.156 0.062
v -1.447 0.158 0.052
v -1.450 0.161 0.042
v -1.428 0.145 0.105
v -1.430 0.145 0.100
v -1.429 0.143 0.105
v -1.428 0.144 0.105
v -1.428 0.146 0.105
v -1.430 0.147 0.100
v -1.428 0.146 0.105
v -1.426 0.148 0.105
v -1.429 0.149 0.100
v -1.427 0.147 0.105
v -1.423 0.151 0.105
v -1.426 0.152 0.100
v -1.425 0.150 0.105
v -1.424 0.150 0.105
v -1.421 0.151 0.105
v -1.424 0.152 0.100
v -1.422 0.151 0.105
v -1.419 0.152 0.105
v -1.422 0.153 0.100
v -1.420 0.151 0.105
v -1.415 0.151 0.105
v -1.418 0.153 0.100
v -1.417 0.151 0.105
v -1.416 0.151 0.105
v -1.413 0.150 0.105
v -1.416 0.152 0.100
v -1.414 0.150 0.105
v -1.410 0.147 0.105
v -1.413 0.150 0.100
v -1.412 0.149 0.105
v -1.411 0.148 0.105
v -1.409 0.146 0.105
v -1.411 0.148 0.100
v -1.410 0.147 0.105
v -1.408 0.142 0.105
v -1.410 0.145 0.100
v -1.408 0.144 0.105
v -1.408 0.143 0.105
v -1.408 0.140 0.105
v -1.409 0.143 0.099
v -1.408 0.141 0.105
v -1.409 0.136 0.105
v -1.410 0.139 0.099
v -1.408 0.138 0.105
v -1.408 0.137 0.105
v -1.410 0.134 0.105
v -1.411 0.137 0.099
v -1.409 0.135 0.105
v -1.413 0.132 0.105
v -1.414 0.134 0.099
v -1.411 0.133 0.105
v -1.412 0.132 0.105
v -1.415 0.131 0.105
v -1.416 0.133 0.099
v -1.414 0.131 0.105
v -1.417 0.131 0.105
v -1.418 0.133 0.099
v -1.416 0.131 0.105
v -1.421 0.131 0.105
v -1.422 0.133 0.100
v -1.419 0.131 0.105
v -1.420 0.131 0.105
v -1.423 0.132 0.105
v -1.424 0.133 0.100
v -1.422 0.132 0.105
v -1.426 0.135 0.105
v -1.427 0.136 0.100
v -1.425 0.134 0.105
v -1.425 0.134 0.105
v -1.427 0.137 0.105
v -1.428 0.137 0.100
v -1.427 0.136 0.105
v -1.428 0.138 0.105
v -1.429 0.139 0.100
v -1.428 0.138 0.105
v -1.428 0.140 0.105
v -1.430 0.141 0.100
v -1.428 0.139 0.105
v -1.429 0.143 0.105
v -1.430 0.143 0.100
v -1.429 0.141 0.105
v -1.448 0.160 0.047
v -1.448 0.158 0.047
v -1.447 0.158 0.052
v -1.448 0.159 0.047
v -1.448 0.156 0.046
v -1.446 0.156 0.051
v -1.448 0.157 0.046
v -1.447 0.155 0.045
v -1.446 0.154 0.051
v -1.448 0.155 0.046
v -1.446 0.153 0.045
v -1.445 0.152 0.044
v -1.444 0.151 0.049
v -1.446 0.152 0.044
v -1.443 0.151 0.043
v -1.442 0.150 0.049
v -1.444 0.151 0.043
v -1.442 0.150 0.042
v -1.440 0.150 0.042
v -1.439 0.149 0.047
v -1.441 0.150 0.042
v -1.438 0.150 0.041
v -1.436 0.151 0.041
v -1.435 0.149 0.046
v -1.437 0.151 0.041
v -1.434 0.152 0.041
v -1.433 0.153 0.040
v -1.432 0.151 0.046
v -1.433 0.152 0.040
v -1.431 0.154 0.040
v -1.430 0.156 0.041
v -1.429 0.153 0.046
v -1.431 0.155 0.040
v -1.430 0.158 0.041
v -1.428 0.155 0.046
v -1.430 0.157 0.041
v -1.429 0.160 0.041
v -1.428 0.157 0.046
v -1.429 0.159 0.041
v -1.429 0.162 0.042
v -1.430 0.163 0.042
v -1.428 0.161 0.047
v -1.429 0.163 0.042
v -1.430 0.165 0.043
v -1.428 0.163 0.048
v -1.430 0.164 0.043
v -1.431 0.167 0.044
v -1.429 0.164 0.049
v -1.431 0.166 0.043
v -1.433 0.168 0.045
v -1.434 0.169 0.045
v -1.432 0.167 0.050
v -1.433 0.168 0.045
v -1.436 0.169 0.046
v -1.433 0.167 0.051
v -1.435 0.169 0.046
v -1.438 0.169 0.047
v -1.435 0.168 0.051
v -1.437 0.169 0.046
v -1.440 0.169 0.047
v -1.442 0.169 0.048
v -1.439 0.168 0.052
v -1.441 0.169 0.047
v -1.443 0.168 0.048
v -1.441 0.167 0.053
v -1.442 0.168 0.048
v -1.445 0.167 0.048
v -1.446 0.165 0.048
v -1.444 0.165 0.053
v -1.446 0.166 0.048
v -1.447 0.164 0.048
v -1.448 0.162 0.048
v -1.446 0.161 0.053
v -1.448 0.163 0.048
v -1.448 0.160 0.047
v -1.447 0.159 0.052
v -1.448 0.161 0.047
v -1.450 0.161 0.042
v -1.450 0.159 0.042
v -1.450 0.158 0.041
v -1.449 0.156 0.040
v -1.448 0.155 0.040
v -1.446 0.153 0.039
v -1.445 0.152 0.038
v -1.443 0.152 0.037
v -1.441 0.152 0.037
v -1.440 0.152 0.036
v -1.438 0.152 0.036
v -1.436 0.153 0.035
v -1.434 0.155 0.035
v -1.433 0.156 0.035
v -1.432 0.158 0.035
v -1.431 0.159 0.036
v -1.431 0.161 0.036
v -1.431 0.163 0.037
v -1.431 0.165 0.037
v -1.432 0.167 0.038
v -1.433 0.168 0.039
v -1.434 0.169 0.040
v -1.436 0.170 0.040
v -1.438 0.171 0.041
v -1.440 0.171 0.042
v -1.441 0.171 0.042
v -1.443 0.170 0.043
v -1.445 0.169 0.043
v -1.447 0.168 0.043
v -1.448 0.167 0.043
v -1.449 0.165 0.043
v -1.450 0.163 0.043
v -1.440 0.161 0.039
v -1.440 0.166 0.041
v -1.445 0.161 0.041
v -1.445 0.166 0.042
v -1.440 0.157 0.038
v -1.445 0.156 0.039
v -1.436 0.162 0.038
v -1.436 0.157 0.036
v -1.436 0.167 0.039
v -1.486 0.167 0.025
v -1.486 0.167 0.022
v -1.486 0.170 0.022
v -1.486 0.174 0.022
v -1.486 0.178 0.022
v -1.486 0.181 0.022
v -1.485 0.185 0.022
v -1.485 0.189 0.022
v -1.485 0.193 0.022
v -1.484 0.196 0.022
v -1.483 0.200 0.022
v -1.481 0.203 0.022
v -1.478 0.205 0.022
v -1.475 0.206 0.022
v -1.471 0.207 0.022
v -1.468 0.207 0.022
v -1.464 0.207 0.022
v -1.460 0.207 0.022
v -1.457 0.207 0.022
v -1.453 0.207 0.022
v -1.449 0.206 0.022
v -1.446 0.206 0.022
v -1.442 0.206 0.022
v -1.438 0.205 0.022
v -1.435 0.204 0.022
v -1.431 0.203 0.022
v -1.428 0.202 0.022
v -1.425 0.200 0.022
v -1.421 0.198 0.022
v -1.419 0.196 0.022
v -1.416 0.193 0.022
v -1.414 0.190 0.022
v -1.411 0.187 0.022
v -1.410 0.184 0.022
v -1.408 0.181 0.022
v -1.407 0.177 0.022
v -1.406 0.174 0.022
v -1.405 0.170 0.022
v -1.405 0.166 0.022
v -1.405 0.163 0.022
v -1.405 0.159 0.022
v -1.406 0.155 0.022
v -1.407 0.152 0.022
v -1.408 0.148 0.022
v -1.410 0.145 0.022
v -1.412 0.142 0.022
v -1.414 0.139 0.022
v -1.417 0.136 0.022
v -1.419 0.134 0.022
v -1.422 0.132 0.022
v -1.425 0.130 0.022
v -1.429 0.128 0.022
v -1.432 0.127 0.022
v -1.436 0.126 0.022
v -1.439 0.126 0.022
v -1.443 0.125 0.022
v -1.447 0.125 0.022
v -1.450 0.126 0.022
v -1.454 0.126 0.022
v -1.458 0.127 0.022
v -1.461 0.129 0.022
v -1.464 0.130 0.022
v -1.467 0.132 0.022
v -1.470 0.135 0.022
v -1.473 0.137 0.022
v -1.476 0.140 0.022
v -1.478 0.143 0.022
v -1.480 0.146 0.022
v -1.482 0.149 0.022
v -1.483 0.152 0.022
v -1.484 0.156 0.022
v -1.485 0.159 0.022
v -1.486 0.163 0.022
v -1.486 0.167 0.025
v -1.486 0.167 0.022
v -1.481 0.203 0.025
v -1.479 0.205 0.025
v -1.477 0.205 0.025
v -1.475 0.206 0.025
v -1.473 0.206 0.025
v -1.471 0.207 0.025
v -1.469 0.207 0.025
v -1.467 0.207 0.025
v -1.465 0.207 0.025
v -1.463 0.207 0.025
v -1.461 0.207 0.025
v -1.459 0.207 0.025
v -1.457 0.207 0.025
v -1.455 0.207 0.025
v -1.453 0.207 0.025
v -1.450 0.207 0.025
v -1.448 0.206 0.025
v -1.446 0.206 0.025
v -1.444 0.206 0.025
v -1.442 0.206 0.025
v -1.440 0.206 0.025
v -1.438 0.205 0.025
v -1.436 0.205 0.025
v -1.434 0.204 0.025
v -1.432 0.204 0.025
v -1.430 0.203 0.025
v -1.428 0.202 0.025
v -1.426 0.201 0.025
v -1.425 0.200 0.025
v -1.423 0.199 0.025
v -1.421 0.198 0.025
v -1.420 0.196 0.025
v -1.418 0.195 0.025
v -1.417 0.194 0.025
v -1.415 0.192 0.025
v -1.414 0.190 0.025
v -1.413 0.189 0.025
v -1.411 0.187 0.025
v -1.410 0.185 0.025
v -1.409 0.184 0.025
v -1.408 0.182 0.025
v -1.408 0.180 0.025
v -1.407 0.178 0.025
v -1.406 0.176 0.025
v -1.406 0.174 0.025
v -1.405 0.172 0.025
v -1.405 0.170 0.025
v -1.405 0.168 0.025
v -1.405 0.166 0.025
v -1.405 0.164 0.025
v -1.405 0.162 0.025
v -1.405 0.159 0.025
v -1.405 0.157 0.025
v -1.406 0.155 0.025
v -1.406 0.153 0.025
v -1.407 0.151 0.025
v -1.408 0.149 0.025
v -1.409 0.148 0.025
v -1.410 0.146 0.025
v -1.411 0.144 0.025
v -1.412 0.142 0.025
v -1.413 0.141 0.025
v -1.414 0.139 0.025
v -1.416 0.137 0.025
v -1.417 0.136 0.025
v -1.419 0.135 0.025
v -1.420 0.133 0.025
v -1.422 0.132 0.025
v -1.424 0.131 0.025
v -1.426 0.130 0.025
v -1.427 0.129 0.025
v -1.429 0.128 0.025
v -1.431 0.127 0.025
v -1.433 0.127 0.025
v -1.435 0.126 0.025
v -1.437 0.126 0.025
v -1.439 0.126 0.025
v -1.441 0.125 0.025
v -1.443 0.125 0.025
v -1.445 0.125 0.025
v -1.448 0.125 0.025
v -1.450 0.126 0.025
v -1.452 0.126 0.025
v -1.454 0.126 0.025
v -1.456 0.127 0.025
v -1.458 0.127 0.025
v -1.460 0.128 0.025
v -1.461 0.129 0.025
v -1.463 0.130 0.025
v -1.465 0.131 0.025
v -1.467 0.132 0.025
v -1.469 0.133 0.025
v -1.470 0.134 0.025
v -1.472 0.136 0.025
v -1.473 0.137 0.025
v -1.475 0.139 0.025
v -1.476 0.140 0.025
v -1.477 0.142 0.025
v -1.479 0.144 0.025
v -1.480 0.145 0.025
v -1.481 0.147 0.025
v -1.482 0.149 0.025
v -1.483 0.151 0.025
v -1.483 0.153 0.025
v -1.484 0.155 0.025
v -1.485 0.157 0.025
v -1.485 0.159 0.025
v -1.485 0.161 0.025
v -1.486 0.163 0.025
v -1.486 0.165 0.025
v -1.486 0.169 0.025
v -1.486 0.172 0.025
v -1.486 0.174 0.025
v -1.486 0.176 0.025
v -1.486 0.179 0.025
v -1.486 0.181 0.025
v -1.486 0.182 0.025
v -1.485 0.184 0.025
v -1.485 0.186 0.025
v -1.485 0.187 0.025
v -1.485 0.189 0.025
v -1.485 0.190 0.025
v -1.485 0.193 0.025
v -1.484 0.195 0.025
v -1.484 0.196 0.025
v -1.484 0.198 0.025
v -1.483 0.200 0.025
v -1.482 0.202 0.025
v -1.403 0.148 0.110
v -1.403 0.142 0.110
v -1.403 0.137 0.110
v -1.427 0.141 0.110
v -1.427 0.139 0.110
v -1.426 0.137 0.110
v -1.425 0.135 0.110
v -1.424 0.133 0.110
v -1.423 0.132 0.110
v -1.421 0.131 0.110
v -1.419 0.130 0.110
v -1.417 0.129 0.110
v -1.415 0.129 0.110
v -1.413 0.129 0.110
v -1.411 0.130 0.110
v -1.410 0.131 0.110
v -1.408 0.133 0.110
v -1.407 0.134 0.110
v -1.406 0.136 0.110
v -1.406 0.138 0.110
v -1.406 0.140 0.110
v -1.407 0.142 0.110
v -1.407 0.144 0.110
v -1.409 0.146 0.110
v -1.410 0.147 0.110
v -1.412 0.148 0.110
v -1.414 0.149 0.110
v -1.415 0.150 0.110
v -1.418 0.150 0.110
v -1.420 0.150 0.110
v -1.422 0.149 0.110
v -1.423 0.148 0.110
v -1.425 0.147 0.110
v -1.426 0.145 0.110
v -1.427 0.143 0.110
v -1.426 0.156 0.110
v -1.425 0.157 0.110
v -1.423 0.157 0.110
v -1.421 0.158 0.110
v -1.420 0.158 0.110
v -1.418 0.158 0.110
v -1.416 0.158 0.110
v -1.414 0.158 0.110
v -1.412 0.157 0.110
v -1.411 0.157 0.110
v -1.409 0.156 0.110
v -1.407 0.155 0.110
v -1.406 0.154 0.110
v -1.404 0.153 0.110
v -1.403 0.152 0.110
v -1.402 0.150 0.110
v -1.401 0.149 0.110
v -1.400 0.147 0.110
v -1.399 0.146 0.110
v -1.399 0.145 0.110
v -1.401 0.142 0.110
v -1.403 0.145 0.110
v -1.401 0.148 0.110
v -1.401 0.145 0.110
v -1.399 0.145 0.110
v -1.401 0.146 0.110
v -1.401 0.144 0.110
v -1.399 0.144 0.110
v -1.401 0.137 0.110
v -1.403 0.140 0.110
v -1.401 0.140 0.110
v -1.399 0.142 0.110
v -1.399 0.139 0.110
v -1.398 0.136 0.110
v -1.399 0.133 0.110
v -1.399 0.132 0.110
v -1.400 0.130 0.110
v -1.401 0.128 0.110
v -1.402 0.127 0.110
v -1.403 0.126 0.110
v -1.405 0.125 0.110
v -1.406 0.124 0.110
v -1.408 0.123 0.110
v -1.410 0.122 0.110
v -1.411 0.122 0.110
v -1.413 0.121 0.110
v -1.415 0.121 0.110
v -1.417 0.121 0.110
v -1.419 0.121 0.110
v -1.420 0.122 0.110
v -1.422 0.122 0.110
v -1.424 0.123 0.110
v -1.425 0.124 0.110
v -1.427 0.125 0.110
v -1.428 0.126 0.110
v -1.430 0.127 0.110
v -1.431 0.129 0.110
v -1.432 0.130 0.110
v -1.433 0.132 0.110
v -1.434 0.134 0.110
v -1.434 0.135 0.110
v -1.435 0.137 0.110
v -1.435 0.139 0.110
v -1.435 0.141 0.110
v -1.435 0.142 0.110
v -1.435 0.144 0.110
v -1.434 0.146 0.110
v -1.434 0.148 0.110
v -1.433 0.149 0.110
v -1.432 0.151 0.110
v -1.431 0.152 0.110
v -1.429 0.154 0.110
v -1.428 0.155 0.110
v -1.430 0.148 0.110
v -1.424 0.153 0.110
v -1.430 0.137 0.110
v -1.414 0.153 0.110
v -1.430 0.132 0.110
v -1.424 0.126 0.110
v -1.414 0.126 0.110
v -1.409 0.153 0.110
v -1.409 0.126 0.110
v -1.403 0.132 0.110
v -1.426 0.156 0.110
v -1.437 0.165 0.093
v -1.448 0.175 0.076
v -1.470 0.194 0.042
v -1.481 0.203 0.025
v -1.425 0.157 0.110
v -1.435 0.166 0.093
v -1.446 0.176 0.076
v -1.456 0.186 0.059
v -1.467 0.196 0.042
v -1.423 0.157 0.110
v -1.433 0.167 0.093
v -1.443 0.177 0.076
v -1.453 0.187 0.059
v -1.463 0.197 0.042
v -1.421 0.158 0.110
v -1.431 0.167 0.093
v -1.440 0.177 0.076
v -1.450 0.187 0.059
v -1.460 0.197 0.042
v -1.420 0.158 0.110
v -1.429 0.168 0.093
v -1.438 0.178 0.076
v -1.447 0.187 0.059
v -1.456 0.197 0.042
v -1.418 0.158 0.110
v -1.426 0.168 0.093
v -1.435 0.178 0.076
v -1.444 0.187 0.059
v -1.452 0.197 0.042
v -1.416 0.158 0.110
v -1.424 0.168 0.093
v -1.432 0.178 0.076
v -1.440 0.187 0.059
v -1.449 0.197 0.042
v -1.414 0.158 0.110
v -1.422 0.168 0.093
v -1.429 0.177 0.076
v -1.437 0.187 0.059
v -1.445 0.197 0.042
v -1.412 0.157 0.110
v -1.420 0.167 0.093
v -1.427 0.177 0.076
v -1.434 0.187 0.059
v -1.441 0.197 0.042
v -1.411 0.157 0.110
v -1.417 0.167 0.093
v -1.424 0.177 0.076
v -1.431 0.186 0.059
v -1.438 0.196 0.042
v -1.409 0.156 0.110
v -1.415 0.166 0.093
v -1.421 0.176 0.076
v -1.428 0.186 0.059
v -1.434 0.196 0.042
v -1.407 0.155 0.110
v -1.413 0.165 0.093
v -1.419 0.175 0.076
v -1.425 0.185 0.059
v -1.430 0.195 0.042
v -1.406 0.154 0.110
v -1.411 0.164 0.093
v -1.416 0.174 0.076
v -1.422 0.184 0.059
v -1.427 0.194 0.042
v -1.404 0.153 0.110
v -1.409 0.163 0.093
v -1.414 0.173 0.076
v -1.419 0.182 0.059
v -1.424 0.192 0.042
v -1.403 0.152 0.110
v -1.407 0.161 0.093
v -1.412 0.171 0.076
v -1.416 0.181 0.059
v -1.420 0.190 0.042
v -1.402 0.150 0.110
v -1.406 0.160 0.093
v -1.410 0.169 0.076
v -1.414 0.179 0.059
v -1.417 0.188 0.042
v -1.401 0.149 0.110
v -1.404 0.158 0.093
v -1.408 0.167 0.076
v -1.411 0.177 0.059
v -1.415 0.186 0.042
v -1.400 0.147 0.110
v -1.403 0.156 0.093
v -1.406 0.165 0.076
v -1.409 0.174 0.059
v -1.412 0.183 0.042
v -1.399 0.146 0.110
v -1.402 0.154 0.093
v -1.405 0.163 0.076
v -1.407 0.172 0.059
v -1.410 0.180 0.042
v -1.401 0.152 0.093
v -1.403 0.161 0.076
v -1.406 0.169 0.059
v -1.408 0.177 0.042
v -1.400 0.150 0.093
v -1.402 0.158 0.076
v -1.404 0.166 0.059
v -1.406 0.174 0.042
v -1.400 0.148 0.093
v -1.402 0.155 0.076
v -1.403 0.163 0.059
v -1.405 0.170 0.042
v -1.399 0.146 0.093
v -1.401 0.153 0.076
v -1.403 0.160 0.059
v -1.404 0.167 0.042
v -1.401 0.150 0.076
v -1.402 0.157 0.059
v -1.404 0.163 0.042
v -1.401 0.147 0.076
v -1.402 0.153 0.059
v -1.403 0.160 0.042
v -1.405 0.166 0.025
v -1.399 0.133 0.110
v -1.401 0.145 0.076
v -1.402 0.150 0.059
v -1.404 0.156 0.042
v -1.399 0.132 0.110
v -1.402 0.142 0.076
v -1.403 0.147 0.059
v -1.404 0.152 0.042
v -1.400 0.130 0.110
v -1.403 0.139 0.076
v -1.404 0.144 0.059
v -1.405 0.149 0.042
v -1.401 0.128 0.110
v -1.404 0.137 0.076
v -1.405 0.141 0.059
v -1.406 0.145 0.042
v -1.402 0.127 0.110
v -1.405 0.135 0.076
v -1.407 0.138 0.059
v -1.408 0.142 0.042
v -1.403 0.126 0.110
v -1.405 0.129 0.093
v -1.407 0.132 0.076
v -1.408 0.136 0.059
v -1.410 0.139 0.042
v -1.405 0.125 0.110
v -1.407 0.127 0.093
v -1.409 0.130 0.076
v -1.411 0.133 0.059
v -1.412 0.136 0.042
v -1.406 0.124 0.110
v -1.409 0.126 0.093
v -1.411 0.129 0.076
v -1.413 0.131 0.059
v -1.415 0.133 0.042
v -1.408 0.123 0.110
v -1.410 0.125 0.093
v -1.413 0.127 0.076
v -1.415 0.129 0.059
v -1.418 0.131 0.042
v -1.410 0.122 0.110
v -1.413 0.124 0.093
v -1.415 0.126 0.076
v -1.418 0.127 0.059
v -1.421 0.129 0.042
v -1.411 0.122 0.110
v -1.415 0.123 0.093
v -1.418 0.125 0.076
v -1.421 0.126 0.059
v -1.424 0.128 0.042
v -1.413 0.121 0.110
v -1.417 0.123 0.093
v -1.420 0.124 0.076
v -1.424 0.125 0.059
v -1.428 0.126 0.042
v -1.415 0.121 0.110
v -1.419 0.122 0.093
v -1.423 0.123 0.076
v -1.427 0.124 0.059
v -1.431 0.125 0.042
v -1.417 0.121 0.110
v -1.421 0.122 0.093
v -1.426 0.123 0.076
v -1.430 0.124 0.059
v -1.435 0.125 0.042
v -1.419 0.121 0.110
v -1.424 0.122 0.093
v -1.429 0.123 0.076
v -1.434 0.124 0.059
v -1.438 0.125 0.042
v -1.420 0.122 0.110
v -1.426 0.123 0.093
v -1.431 0.123 0.076
v -1.437 0.124 0.059
v -1.442 0.125 0.042
v -1.422 0.122 0.110
v -1.428 0.123 0.093
v -1.434 0.124 0.076
v -1.440 0.125 0.059
v -1.446 0.125 0.042
v -1.424 0.123 0.110
v -1.430 0.124 0.093
v -1.437 0.125 0.076
v -1.443 0.125 0.059
v -1.449 0.126 0.042
v -1.425 0.124 0.110
v -1.432 0.125 0.093
v -1.439 0.126 0.076
v -1.446 0.127 0.059
v -1.453 0.127 0.042
v -1.427 0.125 0.110
v -1.434 0.126 0.093
v -1.442 0.127 0.076
v -1.449 0.128 0.059
v -1.456 0.129 0.042
v -1.428 0.126 0.110
v -1.436 0.127 0.093
v -1.444 0.129 0.076
v -1.452 0.130 0.059
v -1.459 0.131 0.042
v -1.430 0.127 0.110
v -1.438 0.129 0.093
v -1.446 0.130 0.076
v -1.454 0.132 0.059
v -1.462 0.133 0.042
v -1.431 0.129 0.110
v -1.439 0.130 0.093
v -1.448 0.132 0.076
v -1.456 0.134 0.059
v -1.465 0.136 0.042
v -1.432 0.130 0.110
v -1.441 0.132 0.093
v -1.450 0.134 0.076
v -1.458 0.136 0.059
v -1.467 0.138 0.042
v -1.433 0.132 0.110
v -1.442 0.134 0.093
v -1.451 0.137 0.076
v -1.460 0.139 0.059
v -1.470 0.141 0.042
v -1.434 0.134 0.110
v -1.443 0.136 0.093
v -1.452 0.139 0.076
v -1.462 0.142 0.059
v -1.471 0.144 0.042
v -1.434 0.135 0.110
v -1.444 0.138 0.093
v -1.454 0.141 0.076
v -1.463 0.145 0.059
v -1.473 0.148 0.042
v -1.435 0.137 0.110
v -1.445 0.141 0.093
v -1.454 0.144 0.076
v -1.464 0.148 0.059
v -1.474 0.151 0.042
v -1.435 0.139 0.110
v -1.445 0.143 0.093
v -1.455 0.147 0.076
v -1.465 0.151 0.059
v -1.475 0.155 0.042
v -1.435 0.141 0.110
v -1.445 0.145 0.093
v -1.455 0.149 0.076
v -1.465 0.154 0.059
v -1.476 0.158 0.042
v -1.486 0.163 0.025
v -1.435 0.142 0.110
v -1.445 0.147 0.093
v -1.455 0.152 0.076
v -1.465 0.157 0.059
v -1.476 0.162 0.042
v -1.435 0.144 0.110
v -1.445 0.150 0.093
v -1.455 0.155 0.076
v -1.465 0.160 0.059
v -1.476 0.166 0.042
v -1.434 0.146 0.110
v -1.444 0.152 0.093
v -1.455 0.158 0.076
v -1.465 0.164 0.059
v -1.475 0.169 0.042
v -1.434 0.148 0.110
v -1.444 0.154 0.093
v -1.454 0.160 0.076
v -1.465 0.167 0.059
v -1.475 0.173 0.042
v -1.433 0.149 0.110
v -1.443 0.156 0.093
v -1.454 0.163 0.076
v -1.464 0.170 0.059
v -1.475 0.177 0.042
v -1.432 0.151 0.110
v -1.442 0.158 0.093
v -1.453 0.166 0.076
v -1.475 0.180 0.042
v -1.431 0.152 0.110
v -1.441 0.160 0.093
v -1.452 0.168 0.076
v -1.474 0.184 0.042
v -1.429 0.154 0.110
v -1.440 0.162 0.093
v -1.451 0.170 0.076
v -1.473 0.187 0.042
v -1.428 0.155 0.110
v -1.439 0.164 0.093
v -1.450 0.173 0.076
v -1.472 0.191 0.042
v -1.426 0.156 0.110
v -1.437 0.165 0.093
v -1.448 0.175 0.076
v -1.470 0.194 0.042
v -1.481 0.203 0.025
v -1.486 0.167 0.025
v -1.486 0.165 0.025
v -1.485 0.161 0.025
v -1.485 0.159 0.025
v -1.485 0.157 0.025
v -1.484 0.155 0.025
v -1.483 0.153 0.025
v -1.483 0.151 0.025
v -1.482 0.149 0.025
v -1.481 0.147 0.025
v -1.480 0.145 0.025
v -1.479 0.144 0.025
v -1.477 0.142 0.025
v -1.476 0.140 0.025
v -1.475 0.139 0.025
v -1.473 0.137 0.025
v -1.472 0.136 0.025
v -1.470 0.134 0.025
v -1.469 0.133 0.025
v -1.467 0.132 0.025
v -1.465 0.131 0.025
v -1.463 0.130 0.025
v -1.461 0.129 0.025
v -1.460 0.128 0.025
v -1.458 0.127 0.025
v -1.456 0.127 0.025
v -1.454 0.126 0.025
v -1.452 0.126 0.025
v -1.450 0.126 0.025
v -1.448 0.125 0.025
v -1.445 0.125 0.025
v -1.443 0.125 0.025
v -1.441 0.125 0.025
v -1.439 0.126 0.025
v -1.437 0.126 0.025
v -1.435 0.126 0.025
v -1.433 0.127 0.025
v -1.431 0.127 0.025
v -1.429 0.128 0.025
v -1.427 0.129 0.025
v -1.426 0.130 0.025
v -1.424 0.131 0.025
v -1.422 0.132 0.025
v -1.420 0.133 0.025
v -1.419 0.135 0.025
v -1.417 0.136 0.025
v -1.416 0.137 0.025
v -1.414 0.139 0.025
v -1.413 0.141 0.025
v -1.412 0.142 0.025
v -1.411 0.144 0.025
v -1.410 0.146 0.025
v -1.409 0.148 0.025
v -1.408 0.149 0.025
v -1.407 0.151 0.025
v -1.406 0.153 0.025
v -1.406 0.155 0.025
v -1.405 0.157 0.025
v -1.405 0.159 0.025
v -1.405 0.162 0.025
v -1.405 0.164 0.025
v -1.405 0.168 0.025
v -1.405 0.170 0.025
v -1.405 0.172 0.025
v -1.406 0.174 0.025
v -1.406 0.176 0.025
v -1.407 0.178 0.025
v -1.408 0.180 0.025
v -1.408 0.182 0.025
v -1.409 0.184 0.025
v -1.410 0.185 0.025
v -1.411 0.187 0.025
v -1.413 0.189 0.025
v -1.414 0.190 0.025
v -1.415 0.192 0.025
v -1.417 0.194 0.025
v -1.418 0.195 0.025
v -1.420 0.196 0.025
v -1.421 0.198 0.025
v -1.423 0.199 0.025
v -1.425 0.200 0.025
v -1.426 0.201 0.025
v -1.428 0.202 0.025
v -1.430 0.203 0.025
v -1.432 0.204 0.025
v -1.434 0.204 0.025
v -1.436 0.205 0.025
v -1.438 0.205 0.025
v -1.440 0.206 0.025
v -1.442 0.206 0.025
v -1.444 0.206 0.025
v -1.446 0.206 0.025
v -1.448 0.206 0.025
v -1.450 0.207 0.025
v -1.453 0.207 0.025
v -1.455 0.207 0.025
v -1.457 0.207 0.025
v -1.459 0.207 0.025
v -1.461 0.207 0.025
v -1.463 0.207 0.025
v -1.465 0.207 0.025
v -1.467 0.207 0.025
v -1.469 0.207 0.025
v -1.471 0.207 0.025
v -1.473 0.206 0.025
v -1.475 0.206 0.025
v -1.477 0.205 0.025
v -1.479 0.205 0.025
v -1.481 0.165 0.034
v -1.481 0.161 0.034
v -1.476 0.160 0.042
v -1.481 0.163 0.034
v -1.483 0.166 0.029
v -1.483 0.164 0.029
v -1.481 0.164 0.034
v -1.483 0.165 0.029
v -1.481 0.168 0.034
v -1.476 0.164 0.042
v -1.481 0.166 0.034
v -1.483 0.162 0.029
v -1.481 0.162 0.034
v -1.483 0.163 0.029
v -1.480 0.157 0.034
v -1.475 0.157 0.042
v -1.480 0.159 0.034
v -1.483 0.160 0.029
v -1.481 0.160 0.034
v -1.483 0.161 0.029
v -1.483 0.158 0.029
v -1.480 0.158 0.034
v -1.483 0.159 0.029
v -1.479 0.153 0.034
v -1.475 0.153 0.042
v -1.480 0.155 0.034
v -1.482 0.156 0.029
v -1.480 0.156 0.034
v -1.482 0.157 0.029
v -1.478 0.149 0.034
v -1.474 0.149 0.042
v -1.479 0.151 0.034
v -1.482 0.154 0.029
v -1.481 0.152 0.029
v -1.479 0.152 0.034
v -1.481 0.153 0.029
v -1.480 0.150 0.029
v -1.478 0.150 0.034
v -1.481 0.151 0.029
v -1.476 0.146 0.034
v -1.472 0.146 0.042
v -1.477 0.147 0.034
v -1.479 0.148 0.029
v -1.477 0.148 0.034
v -1.480 0.149 0.029
v -1.478 0.146 0.029
v -1.477 0.147 0.034
v -1.479 0.147 0.029
v -1.474 0.142 0.034
v -1.470 0.143 0.042
v -1.475 0.144 0.034
v -1.477 0.145 0.029
v -1.476 0.145 0.034
v -1.478 0.146 0.029
v -1.476 0.143 0.029
v -1.475 0.143 0.034
v -1.477 0.144 0.029
v -1.472 0.139 0.034
v -1.468 0.140 0.042
v -1.473 0.141 0.034
v -1.475 0.141 0.029
v -1.474 0.142 0.034
v -1.476 0.142 0.029
v -1.469 0.136 0.034
v -1.466 0.137 0.042
v -1.470 0.138 0.034
v -1.474 0.140 0.029
v -1.473 0.138 0.029
v -1.471 0.139 0.034
v -1.473 0.139 0.029
v -1.471 0.137 0.029
v -1.470 0.137 0.034
v -1.472 0.137 0.029
v -1.466 0.134 0.034
v -1.464 0.134 0.042
v -1.468 0.135 0.034
v -1.470 0.135 0.029
v -1.468 0.136 0.034
v -1.471 0.136 0.029
v -1.468 0.134 0.029
v -1.467 0.134 0.034
v -1.469 0.135 0.029
v -1.463 0.131 0.034
v -1.461 0.132 0.042
v -1.465 0.133 0.034
v -1.467 0.133 0.029
v -1.465 0.133 0.034
v -1.467 0.133 0.029
v -1.465 0.132 0.029
v -1.464 0.132 0.034
v -1.466 0.132 0.029
v -1.460 0.129 0.034
v -1.458 0.130 0.042
v -1.461 0.130 0.034
v -1.456 0.128 0.034
v -1.454 0.128 0.042
v -1.458 0.129 0.034
v -1.452 0.126 0.034
v -1.451 0.127 0.042
v -1.454 0.127 0.034
v -1.449 0.126 0.034
v -1.448 0.126 0.042
v -1.451 0.126 0.034
v -1.445 0.125 0.034
v -1.444 0.125 0.042
v -1.447 0.125 0.034
v -1.441 0.125 0.034
v -1.440 0.125 0.042
v -1.443 0.125 0.034
v -1.437 0.125 0.034
v -1.437 0.125 0.042
v -1.439 0.125 0.034
v -1.433 0.126 0.034
v -1.433 0.125 0.042
v -1.435 0.125 0.034
v -1.429 0.127 0.034
v -1.429 0.126 0.042
v -1.431 0.126 0.034
v -1.426 0.128 0.034
v -1.426 0.127 0.042
v -1.428 0.128 0.034
v -1.422 0.130 0.034
v -1.423 0.128 0.042
v -1.424 0.129 0.034
v -1.419 0.132 0.034
v -1.419 0.130 0.042
v -1.421 0.131 0.034
v -1.416 0.135 0.034
v -1.416 0.132 0.042
v -1.418 0.133 0.034
v -1.420 0.133 0.029
v -1.418 0.134 0.029
v -1.418 0.133 0.034
v -1.419 0.133 0.029
v -1.417 0.135 0.029
v -1.417 0.134 0.034
v -1.417 0.135 0.029
v -1.413 0.138 0.034
v -1.414 0.135 0.042
v -1.415 0.136 0.034
v -1.415 0.137 0.029
v -1.415 0.135 0.034
v -1.416 0.136 0.029
v -1.414 0.138 0.029
v -1.414 0.137 0.034
v -1.414 0.137 0.029
v -1.411 0.141 0.034
v -1.411 0.137 0.042
v -1.412 0.139 0.034
v -1.409 0.144 0.034
v -1.409 0.140 0.042
v -1.410 0.142 0.034
v -1.407 0.147 0.034
v -1.407 0.144 0.042
v -1.408 0.146 0.034
v -1.406 0.151 0.034
v -1.406 0.147 0.042
v -1.406 0.149 0.034
v -1.405 0.155 0.034
v -1.405 0.150 0.042
v -1.405 0.153 0.034
v -1.404 0.159 0.034
v -1.404 0.154 0.042
v -1.404 0.157 0.034
v -1.404 0.163 0.034
v -1.403 0.158 0.042
v -1.404 0.161 0.034
v -1.404 0.166 0.034
v -1.403 0.161 0.042
v -1.404 0.165 0.034
v -1.405 0.170 0.034
v -1.404 0.165 0.042
v -1.405 0.168 0.034
v -1.406 0.174 0.034
v -1.405 0.169 0.042
v -1.405 0.172 0.034
v -1.407 0.178 0.034
v -1.406 0.172 0.042
v -1.407 0.176 0.034
v -1.409 0.181 0.034
v -1.407 0.175 0.042
v -1.408 0.180 0.034
v -1.409 0.182 0.029
v -1.410 0.183 0.029
v -1.409 0.180 0.034
v -1.409 0.182 0.029
v -1.411 0.185 0.034
v -1.409 0.179 0.042
v -1.410 0.183 0.034
v -1.411 0.185 0.029
v -1.410 0.182 0.034
v -1.410 0.184 0.029
v -1.412 0.187 0.029
v -1.411 0.184 0.034
v -1.411 0.186 0.029
v -1.414 0.188 0.034
v -1.411 0.182 0.042
v -1.412 0.186 0.034
v -1.413 0.188 0.029
v -1.412 0.185 0.034
v -1.413 0.187 0.029
v -1.414 0.190 0.029
v -1.413 0.187 0.034
v -1.414 0.189 0.029
v -1.416 0.190 0.034
v -1.413 0.185 0.042
v -1.415 0.189 0.034
v -1.416 0.191 0.029
v -1.414 0.188 0.034
v -1.415 0.191 0.029
v -1.419 0.193 0.034
v -1.416 0.187 0.042
v -1.418 0.192 0.034
v -1.417 0.193 0.029
v -1.419 0.194 0.029
v -1.417 0.191 0.034
v -1.418 0.193 0.029
v -1.420 0.195 0.029
v -1.419 0.192 0.034
v -1.420 0.195 0.029
v -1.423 0.195 0.034
v -1.419 0.189 0.042
v -1.421 0.194 0.034
v -1.422 0.197 0.029
v -1.420 0.194 0.034
v -1.421 0.196 0.029
v -1.424 0.198 0.029
v -1.422 0.195 0.034
v -1.423 0.197 0.029
v -1.426 0.197 0.034
v -1.422 0.191 0.042
v -1.424 0.196 0.034
v -1.425 0.199 0.029
v -1.423 0.196 0.034
v -1.424 0.198 0.029
v -1.427 0.200 0.029
v -1.425 0.197 0.034
v -1.426 0.199 0.029
v -1.429 0.199 0.034
v -1.425 0.193 0.042
v -1.428 0.198 0.034
v -1.429 0.200 0.029
v -1.427 0.198 0.034
v -1.428 0.200 0.029
v -1.431 0.201 0.029
v -1.429 0.198 0.034
v -1.430 0.201 0.029
v -1.433 0.200 0.034
v -1.429 0.194 0.042
v -1.431 0.199 0.034
v -1.433 0.202 0.029
v -1.430 0.199 0.034
v -1.432 0.202 0.029
v -1.435 0.202 0.029
v -1.432 0.200 0.034
v -1.434 0.202 0.029
v -1.437 0.201 0.034
v -1.432 0.195 0.042
v -1.435 0.200 0.034
v -1.437 0.203 0.029
v -1.434 0.200 0.034
v -1.436 0.203 0.029
v -1.439 0.203 0.029
v -1.436 0.201 0.034
v -1.438 0.203 0.029
v -1.441 0.201 0.034
v -1.436 0.196 0.042
v -1.439 0.201 0.034
v -1.441 0.203 0.029
v -1.438 0.201 0.034
v -1.440 0.203 0.029
v -1.443 0.204 0.029
v -1.440 0.201 0.034
v -1.442 0.204 0.029
v -1.445 0.201 0.034
v -1.439 0.196 0.042
v -1.443 0.201 0.034
v -1.445 0.204 0.029
v -1.442 0.201 0.034
v -1.444 0.204 0.029
v -1.447 0.204 0.029
v -1.444 0.201 0.034
v -1.446 0.204 0.029
v -1.449 0.202 0.034
v -1.443 0.197 0.042
v -1.447 0.202 0.034
v -1.449 0.204 0.029
v -1.446 0.202 0.034
v -1.448 0.204 0.029
v -1.451 0.204 0.029
v -1.448 0.202 0.034
v -1.450 0.204 0.029
v -1.453 0.202 0.034
v -1.447 0.197 0.042
v -1.451 0.202 0.034
v -1.453 0.204 0.029
v -1.450 0.202 0.034
v -1.452 0.204 0.029
v -1.455 0.204 0.029
v -1.452 0.202 0.034
v -1.454 0.204 0.029
v -1.456 0.202 0.034
v -1.450 0.197 0.042
v -1.455 0.202 0.034
v -1.457 0.204 0.029
v -1.454 0.202 0.034
v -1.456 0.204 0.029
v -1.459 0.204 0.029
v -1.456 0.202 0.034
v -1.458 0.204 0.029
v -1.460 0.202 0.034
v -1.454 0.197 0.042
v -1.458 0.202 0.034
v -1.461 0.205 0.029
v -1.457 0.202 0.034
v -1.460 0.205 0.029
v -1.463 0.205 0.029
v -1.459 0.202 0.034
v -1.462 0.205 0.029
v -1.464 0.202 0.034
v -1.458 0.197 0.042
v -1.462 0.202 0.034
v -1.465 0.204 0.029
v -1.461 0.202 0.034
v -1.464 0.204 0.029
v -1.467 0.204 0.029
v -1.463 0.202 0.034
v -1.466 0.204 0.029
v -1.468 0.202 0.034
v -1.461 0.197 0.042
v -1.466 0.202 0.034
v -1.469 0.204 0.029
v -1.465 0.202 0.034
v -1.468 0.204 0.029
v -1.471 0.204 0.029
v -1.467 0.202 0.034
v -1.470 0.204 0.029
v -1.472 0.201 0.034
v -1.465 0.196 0.042
v -1.470 0.201 0.034
v -1.473 0.204 0.029
v -1.469 0.201 0.034
v -1.472 0.204 0.029
v -1.475 0.203 0.029
v -1.471 0.201 0.034
v -1.474 0.203 0.029
v -1.475 0.198 0.034
v -1.468 0.195 0.042
v -1.474 0.200 0.034
v -1.476 0.202 0.029
v -1.473 0.200 0.034
v -1.476 0.203 0.029
v -1.478 0.201 0.029
v -1.475 0.199 0.034
v -1.477 0.202 0.029
v -1.475 0.198 0.034
v -1.477 0.195 0.034
v -1.471 0.192 0.042
v -1.477 0.197 0.034
v -1.482 0.202 0.025
v -1.483 0.200 0.025
v -1.484 0.198 0.025
v -1.484 0.196 0.025
v -1.484 0.195 0.025
v -1.485 0.193 0.025
v -1.485 0.190 0.025
v -1.485 0.189 0.025
v -1.485 0.187 0.025
v -1.485 0.186 0.025
v -1.485 0.184 0.025
v -1.486 0.182 0.025
v -1.486 0.181 0.025
v -1.486 0.179 0.025
v -1.486 0.176 0.025
v -1.486 0.174 0.025
v -1.486 0.172 0.025
v -1.486 0.169 0.025
v -1.478 0.201 0.029
v -1.479 0.199 0.029
v -1.476 0.198 0.034
v -1.479 0.200 0.029
v -1.480 0.198 0.029
v -1.477 0.196 0.034
v -1.480 0.198 0.029
v -1.479 0.192 0.034
v -1.473 0.189 0.042
v -1.478 0.194 0.034
v -1.481 0.196 0.029
v -1.478 0.194 0.034
v -1.481 0.197 0.029
v -1.481 0.194 0.029
v -1.478 0.193 0.034
v -1.481 0.195 0.029
v -1.479 0.188 0.034
v -1.474 0.186 0.042
v -1.479 0.190 0.034
v -1.482 0.192 0.029
v -1.479 0.191 0.034
v -1.482 0.193 0.029
v -1.482 0.190 0.029
v -1.479 0.189 0.034
v -1.482 0.191 0.029
v -1.480 0.184 0.034
v -1.474 0.182 0.042
v -1.480 0.186 0.034
v -1.482 0.188 0.029
v -1.480 0.187 0.034
v -1.482 0.189 0.029
v -1.483 0.186 0.029
v -1.480 0.185 0.034
v -1.482 0.187 0.029
v -1.480 0.180 0.034
v -1.475 0.178 0.042
v -1.480 0.182 0.034
v -1.483 0.184 0.029
v -1.480 0.183 0.034
v -1.483 0.185 0.029
v -1.483 0.182 0.029
v -1.480 0.181 0.034
v -1.483 0.183 0.029
v -1.480 0.176 0.034
v -1.475 0.175 0.042
v -1.480 0.178 0.034
v -1.483 0.180 0.029
v -1.480 0.179 0.034
v -1.483 0.181 0.029
v -1.483 0.178 0.029
v -1.480 0.177 0.034
v -1.483 0.179 0.029
v -1.481 0.172 0.034
v -1.475 0.171 0.042
v -1.481 0.174 0.034
v -1.483 0.176 0.029
v -1.481 0.175 0.034
v -1.483 0.177 0.029
v -1.483 0.174 0.029
v -1.481 0.173 0.034
v -1.483 0.175 0.029
v -1.476 0.168 0.042
v -1.481 0.170 0.034
v -1.483 0.172 0.029
v -1.481 0.171 0.034
v -1.483 0.173 0.029
v -1.399 0.145 0.110
v -1.430 0.161 0.101
v -1.436 0.166 0.093
v -1.432 0.160 0.101
v -1.431 0.161 0.101
v -1.428 0.159 0.106
v -1.431 0.161 0.101
v -1.429 0.158 0.106
v -1.429 0.158 0.106
v -1.432 0.160 0.101
v -1.438 0.165 0.093
v -1.433 0.159 0.101
v -1.433 0.160 0.101
v -1.428 0.162 0.101
v -1.434 0.167 0.093
v -1.429 0.162 0.101
v -1.427 0.159 0.106
v -1.430 0.162 0.101
v -1.427 0.159 0.106
v -1.427 0.159 0.106
v -1.426 0.160 0.106
v -1.429 0.162 0.101
v -1.426 0.159 0.106
v -1.426 0.163 0.101
v -1.432 0.167 0.093
v -1.427 0.162 0.101
v -1.424 0.160 0.106
v -1.427 0.162 0.101
v -1.425 0.160 0.106
v -1.424 0.160 0.106
v -1.424 0.163 0.101
v -1.430 0.168 0.093
v -1.425 0.163 0.101
v -1.422 0.160 0.106
v -1.425 0.163 0.101
v -1.423 0.160 0.106
v -1.422 0.160 0.106
v -1.422 0.163 0.101
v -1.427 0.168 0.093
v -1.423 0.163 0.101
v -1.420 0.163 0.101
v -1.425 0.168 0.093
v -1.421 0.163 0.101
v -1.419 0.161 0.106
v -1.422 0.163 0.101
v -1.420 0.161 0.106
v -1.419 0.161 0.106
v -1.418 0.160 0.106
v -1.421 0.163 0.101
v -1.418 0.161 0.106
v -1.418 0.163 0.101
v -1.423 0.168 0.093
v -1.419 0.163 0.101
v -1.416 0.162 0.101
v -1.421 0.167 0.093
v -1.417 0.163 0.101
v -1.415 0.160 0.106
v -1.417 0.163 0.101
v -1.416 0.160 0.106
v -1.416 0.160 0.106
v -1.414 0.160 0.106
v -1.416 0.162 0.101
v -1.415 0.160 0.106
v -1.414 0.162 0.101
v -1.418 0.167 0.093
v -1.415 0.162 0.101
v -1.412 0.161 0.101
v -1.416 0.166 0.093
v -1.413 0.161 0.101
v -1.411 0.159 0.106
v -1.414 0.162 0.101
v -1.412 0.159 0.106
v -1.412 0.159 0.106
v -1.411 0.159 0.106
v -1.413 0.161 0.101
v -1.411 0.159 0.106
v -1.410 0.160 0.101
v -1.414 0.166 0.093
v -1.411 0.161 0.101
v -1.408 0.159 0.101
v -1.412 0.165 0.093
v -1.409 0.160 0.101
v -1.408 0.157 0.106
v -1.410 0.160 0.101
v -1.409 0.158 0.106
v -1.408 0.157 0.106
v -1.407 0.157 0.106
v -1.409 0.159 0.101
v -1.408 0.157 0.106
v -1.407 0.158 0.101
v -1.410 0.164 0.093
v -1.408 0.159 0.101
v -1.405 0.157 0.101
v -1.408 0.162 0.093
v -1.406 0.157 0.101
v -1.405 0.155 0.106
v -1.406 0.158 0.101
v -1.406 0.156 0.106
v -1.405 0.155 0.106
v -1.404 0.155 0.101
v -1.407 0.161 0.093
v -1.405 0.156 0.101
v -1.404 0.154 0.106
v -1.405 0.156 0.101
v -1.404 0.154 0.106
v -1.404 0.154 0.106
v -1.403 0.154 0.101
v -1.405 0.159 0.093
v -1.403 0.154 0.101
v -1.402 0.152 0.106
v -1.404 0.155 0.101
v -1.403 0.153 0.106
v -1.403 0.152 0.106
v -1.402 0.151 0.106
v -1.403 0.154 0.101
v -1.402 0.152 0.106
v -1.402 0.152 0.101
v -1.404 0.157 0.093
v -1.402 0.153 0.101
v -1.401 0.150 0.106
v -1.402 0.152 0.101
v -1.401 0.150 0.106
v -1.401 0.150 0.106
v -1.401 0.150 0.101
v -1.402 0.155 0.093
v -1.401 0.151 0.101
v -1.400 0.148 0.101
v -1.401 0.153 0.093
v -1.400 0.149 0.101
v -1.400 0.147 0.106
v -1.400 0.150 0.101
v -1.400 0.148 0.106
v -1.400 0.147 0.106
v -1.399 0.146 0.108
v -1.400 0.148 0.106
v -1.400 0.147 0.108
v -1.399 0.147 0.108
v -1.401 0.151 0.101
v -1.400 0.149 0.106
v -1.400 0.148 0.106
v -1.399 0.146 0.109
v -1.400 0.147 0.108
v -1.399 0.146 0.109
v -1.399 0.146 0.109
v -1.400 0.148 0.106
v -1.400 0.147 0.108
v -1.400 0.147 0.108
v -1.399 0.146 0.108
v -1.399 0.146 0.109
v -1.400 0.147 0.106
v -1.400 0.149 0.101
v -1.401 0.151 0.093
v -1.400 0.147 0.101
v -1.399 0.146 0.109
v -1.399 0.147 0.107
v -1.399 0.147 0.104
v -1.399 0.147 0.100
v -1.399 0.146 0.097
v -1.399 0.144 0.093
v -1.400 0.142 0.090
v -1.400 0.141 0.088
v -1.401 0.139 0.086
v -1.402 0.137 0.085
v -1.403 0.136 0.084
v -1.403 0.135 0.084
v -1.404 0.134 0.084
v -1.404 0.133 0.084
v -1.405 0.132 0.085
v -1.405 0.132 0.086
v -1.405 0.131 0.088
v -1.405 0.130 0.090
v -1.405 0.130 0.092
v -1.404 0.130 0.093
v -1.403 0.130 0.097
v -1.402 0.131 0.101
v -1.401 0.131 0.103
v -1.400 0.133 0.106
v -1.399 0.134 0.108
v -1.398 0.135 0.109
v -1.398 0.136 0.110
v -1.400 0.149 0.093
v -1.400 0.147 0.093
v -1.400 0.144 0.084
v -1.401 0.149 0.076
v -1.400 0.147 0.084
v -1.400 0.145 0.084
v -1.401 0.142 0.084
v -1.401 0.146 0.076
v -1.400 0.143 0.084
v -1.401 0.143 0.076
v -1.401 0.141 0.084
v -1.402 0.141 0.076
v -1.403 0.138 0.076
v -1.403 0.137 0.080
v -1.403 0.139 0.076
v -1.402 0.138 0.080
v -1.403 0.138 0.080
v -1.404 0.139 0.068
v -1.404 0.143 0.059
v -1.403 0.142 0.068
v -1.404 0.140 0.068
v -1.404 0.136 0.076
v -1.404 0.135 0.080
v -1.404 0.136 0.076
v -1.403 0.136 0.080
v -1.404 0.135 0.080
v -1.406 0.136 0.068
v -1.406 0.140 0.059
v -1.405 0.138 0.068
v -1.405 0.134 0.080
v -1.405 0.135 0.076
v -1.404 0.134 0.080
v -1.406 0.131 0.084
v -1.406 0.133 0.076
v -1.405 0.132 0.084
v -1.404 0.127 0.101
v -1.403 0.129 0.101
v -1.404 0.128 0.101
v -1.406 0.130 0.089
v -1.406 0.131 0.084
v -1.405 0.129 0.093
v -1.408 0.129 0.084
v -1.408 0.131 0.076
v -1.406 0.128 0.093
v -1.407 0.130 0.084
v -1.405 0.128 0.097
v -1.404 0.129 0.097
v -1.404 0.128 0.101
v -1.404 0.129 0.097
v -1.406 0.126 0.101
v -1.405 0.127 0.101
v -1.402 0.130 0.101
v -1.402 0.130 0.101
v -1.402 0.129 0.106
v -1.401 0.129 0.106
v -1.402 0.129 0.106
v -1.403 0.128 0.106
v -1.403 0.129 0.101
v -1.402 0.128 0.106
v -1.404 0.127 0.106
v -1.403 0.127 0.106
v -1.404 0.127 0.106
v -1.405 0.125 0.106
v -1.405 0.126 0.101
v -1.405 0.126 0.106
v -1.405 0.126 0.106
v -1.407 0.125 0.101
v -1.408 0.127 0.093
v -1.407 0.125 0.101
v -1.409 0.124 0.101
v -1.410 0.125 0.093
v -1.408 0.124 0.101
v -1.408 0.124 0.106
v -1.408 0.125 0.101
v -1.407 0.124 0.106
v -1.407 0.124 0.106
v -1.409 0.123 0.106
v -1.409 0.124 0.101
v -1.408 0.123 0.106
v -1.411 0.123 0.101
v -1.411 0.124 0.093
v -1.410 0.123 0.101
v -1.410 0.123 0.106
v -1.411 0.123 0.101
v -1.410 0.123 0.106
v -1.410 0.123 0.106
v -1.413 0.122 0.101
v -1.414 0.123 0.093
v -1.412 0.123 0.101
v -1.412 0.122 0.106
v -1.413 0.122 0.101
v -1.411 0.122 0.106
v -1.412 0.122 0.106
v -1.415 0.122 0.101
v -1.416 0.123 0.093
v -1.414 0.122 0.101
v -1.417 0.122 0.101
v -1.418 0.122 0.093
v -1.416 0.122 0.101
v -1.415 0.121 0.106
v -1.416 0.122 0.101
v -1.414 0.122 0.106
v -1.415 0.122 0.106
v -1.416 0.121 0.106
v -1.417 0.122 0.101
v -1.416 0.121 0.106
v -1.419 0.122 0.101
v -1.420 0.122 0.093
v -1.418 0.122 0.101
v -1.418 0.121 0.106
v -1.419 0.122 0.101
v -1.417 0.121 0.106
v -1.418 0.121 0.106
v -1.421 0.122 0.101
v -1.423 0.122 0.093
v -1.420 0.122 0.101
v -1.420 0.122 0.106
v -1.421 0.122 0.101
v -1.419 0.122 0.106
v -1.419 0.122 0.106
v -1.423 0.122 0.101
v -1.425 0.122 0.093
v -1.422 0.122 0.101
v -1.425 0.123 0.101
v -1.427 0.123 0.093
v -1.424 0.122 0.101
v -1.423 0.122 0.106
v -1.424 0.122 0.101
v -1.422 0.122 0.106
v -1.422 0.122 0.106
v -1.424 0.123 0.106
v -1.425 0.123 0.101
v -1.423 0.122 0.106
v -1.427 0.124 0.101
v -1.429 0.123 0.093
v -1.426 0.123 0.101
v -1.429 0.124 0.101
v -1.431 0.124 0.093
v -1.428 0.124 0.101
v -1.426 0.124 0.106
v -1.428 0.124 0.101
v -1.425 0.123 0.106
v -1.426 0.124 0.106
v -1.427 0.124 0.106
v -1.428 0.124 0.101
v -1.427 0.124 0.106
v -1.431 0.126 0.101
v -1.433 0.125 0.093
v -1.430 0.125 0.101
v -1.429 0.125 0.106
v -1.430 0.125 0.101
v -1.428 0.125 0.106
v -1.428 0.125 0.106
v -1.432 0.127 0.101
v -1.435 0.127 0.093
v -1.431 0.126 0.101
v -1.430 0.126 0.106
v -1.432 0.126 0.101
v -1.430 0.126 0.106
v -1.430 0.126 0.106
v -1.434 0.128 0.101
v -1.437 0.128 0.093
v -1.433 0.127 0.101
v -1.435 0.130 0.101
v -1.439 0.130 0.093
v -1.434 0.129 0.101
v -1.432 0.128 0.106
v -1.434 0.129 0.101
v -1.432 0.128 0.106
v -1.432 0.128 0.106
v -1.433 0.129 0.106
v -1.435 0.129 0.101
v -1.433 0.129 0.106
v -1.436 0.131 0.101
v -1.440 0.131 0.093
v -1.436 0.130 0.101
v -1.437 0.133 0.101
v -1.441 0.133 0.093
v -1.437 0.132 0.101
v -1.435 0.132 0.106
v -1.437 0.132 0.101
v -1.434 0.131 0.106
v -1.434 0.131 0.106
v -1.435 0.132 0.106
v -1.437 0.133 0.101
v -1.435 0.132 0.106
v -1.438 0.135 0.101
v -1.443 0.135 0.093
v -1.438 0.134 0.101
v -1.439 0.137 0.101
v -1.443 0.137 0.093
v -1.439 0.136 0.101
v -1.436 0.135 0.106
v -1.439 0.135 0.101
v -1.436 0.134 0.106
v -1.436 0.135 0.106
v -1.437 0.136 0.106
v -1.439 0.136 0.101
v -1.436 0.136 0.106
v -1.440 0.139 0.101
v -1.444 0.139 0.093
v -1.439 0.138 0.101
v -1.440 0.141 0.101
v -1.445 0.142 0.093
v -1.440 0.140 0.101
v -1.437 0.139 0.106
v -1.440 0.139 0.101
v -1.437 0.138 0.106
v -1.437 0.138 0.106
v -1.437 0.140 0.106
v -1.440 0.140 0.101
v -1.437 0.139 0.106
v -1.440 0.143 0.101
v -1.445 0.144 0.093
v -1.440 0.142 0.101
v -1.440 0.145 0.101
v -1.445 0.146 0.093
v -1.440 0.144 0.101
v -1.438 0.143 0.106
v -1.440 0.143 0.101
v -1.438 0.142 0.106
v -1.438 0.142 0.106
v -1.437 0.144 0.106
v -1.440 0.144 0.101
v -1.437 0.143 0.106
v -1.440 0.147 0.101
v -1.445 0.148 0.093
v -1.440 0.146 0.101
v -1.439 0.149 0.101
v -1.445 0.151 0.093
v -1.440 0.148 0.101
v -1.437 0.146 0.106
v -1.440 0.147 0.101
v -1.437 0.146 0.106
v -1.437 0.146 0.106
v -1.437 0.147 0.106
v -1.439 0.148 0.101
v -1.437 0.147 0.106
v -1.439 0.151 0.101
v -1.444 0.153 0.093
v -1.439 0.150 0.101
v -1.438 0.153 0.101
v -1.444 0.155 0.093
v -1.438 0.152 0.101
v -1.436 0.150 0.106
v -1.439 0.151 0.101
v -1.436 0.149 0.106
v -1.436 0.150 0.106
v -1.435 0.151 0.106
v -1.438 0.152 0.101
v -1.436 0.151 0.106
v -1.437 0.155 0.101
v -1.443 0.157 0.093
v -1.438 0.154 0.101
v -1.436 0.156 0.101
v -1.442 0.159 0.093
v -1.437 0.155 0.101
v -1.434 0.153 0.106
v -1.437 0.155 0.101
v -1.434 0.153 0.106
v -1.434 0.153 0.106
v -1.433 0.154 0.106
v -1.436 0.156 0.101
v -1.434 0.154 0.106
v -1.435 0.158 0.101
v -1.441 0.161 0.093
v -1.435 0.157 0.101
v -1.432 0.156 0.106
v -1.435 0.157 0.101
v -1.433 0.155 0.106
v -1.432 0.155 0.106
v -1.440 0.163 0.093
v -1.434 0.159 0.101
v -1.430 0.158 0.106
v -1.433 0.160 0.101
v -1.431 0.157 0.106
v -1.430 0.157 0.106
v -1.429 0.158 0.106
v -1.432 0.160 0.101
v -1.430 0.158 0.106
v -1.456 0.185 0.060
v -1.455 0.185 0.060
v -1.455 0.185 0.061
v -1.455 0.184 0.062
v -1.454 0.184 0.063
v -1.454 0.183 0.063
v -1.454 0.183 0.064
v -1.454 0.182 0.065
v -1.454 0.181 0.066
v -1.454 0.180 0.066
v -1.454 0.180 0.066
v -1.448 0.182 0.068
v -1.455 0.186 0.059
v -1.451 0.181 0.068
v -1.444 0.177 0.076
v -1.450 0.181 0.068
v -1.452 0.184 0.063
v -1.455 0.186 0.059
v -1.454 0.183 0.063
v -1.450 0.181 0.068
v -1.453 0.184 0.063
v -1.458 0.192 0.051
v -1.461 0.191 0.051
v -1.460 0.191 0.051
v -1.454 0.179 0.068
v -1.447 0.175 0.076
v -1.452 0.180 0.068
v -1.454 0.185 0.061
v -1.456 0.186 0.059
v -1.453 0.184 0.063
v -1.455 0.185 0.061
v -1.457 0.189 0.055
v -1.461 0.191 0.051
v -1.459 0.188 0.055
v -1.458 0.189 0.055
v -1.464 0.189 0.051
v -1.463 0.190 0.051
v -1.452 0.181 0.068
v -1.455 0.185 0.060
v -1.456 0.186 0.059
v -1.455 0.185 0.061
v -1.455 0.185 0.060
v -1.457 0.187 0.057
v -1.458 0.188 0.055
v -1.458 0.187 0.057
v -1.457 0.187 0.057
v -1.462 0.190 0.051
v -1.460 0.188 0.055
v -1.460 0.188 0.055
v -1.457 0.186 0.059
v -1.454 0.183 0.063
v -1.452 0.182 0.065
v -1.453 0.182 0.065
v -1.451 0.181 0.068
v -1.453 0.182 0.065
v -1.448 0.179 0.072
v -1.450 0.178 0.072
v -1.446 0.176 0.076
v -1.449 0.178 0.072
v -1.441 0.171 0.084
v -1.443 0.170 0.084
v -1.442 0.171 0.084
v -1.454 0.182 0.065
v -1.452 0.181 0.068
v -1.453 0.182 0.065
v -1.453 0.180 0.068
v -1.454 0.179 0.068
v -1.449 0.174 0.076
v -1.455 0.178 0.068
v -1.453 0.180 0.068
v -1.451 0.177 0.072
v -1.448 0.175 0.076
v -1.450 0.178 0.072
v -1.453 0.180 0.068
v -1.454 0.179 0.068
v -1.464 0.189 0.051
v -1.466 0.186 0.051
v -1.466 0.188 0.051
v -1.454 0.180 0.066
v -1.453 0.180 0.068
v -1.454 0.180 0.066
v -1.454 0.179 0.068
v -1.451 0.177 0.072
v -1.452 0.176 0.072
v -1.449 0.174 0.076
v -1.451 0.177 0.072
v -1.443 0.170 0.084
v -1.444 0.168 0.084
v -1.444 0.169 0.084
v -1.452 0.179 0.070
v -1.452 0.178 0.070
v -1.451 0.177 0.072
v -1.452 0.178 0.070
v -1.456 0.176 0.068
v -1.456 0.176 0.068
v -1.457 0.175 0.067
v -1.457 0.175 0.067
v -1.451 0.172 0.076
v -1.453 0.175 0.072
v -1.453 0.174 0.072
v -1.450 0.172 0.076
v -1.453 0.174 0.072
v -1.446 0.166 0.084
v -1.445 0.167 0.084
v -1.454 0.176 0.070
v -1.455 0.175 0.070
v -1.453 0.174 0.072
v -1.455 0.175 0.070
v -1.468 0.183 0.051
v -1.467 0.185 0.051
v -1.454 0.173 0.072
v -1.451 0.171 0.076
v -1.454 0.173 0.072
v -1.458 0.172 0.068
v -1.452 0.169 0.076
v -1.455 0.174 0.070
v -1.454 0.174 0.072
v -1.455 0.175 0.070
v -1.469 0.180 0.051
v -1.468 0.182 0.051
v -1.455 0.171 0.072
v -1.452 0.170 0.076
v -1.454 0.172 0.072
v -1.447 0.164 0.084
v -1.446 0.165 0.084
v -1.455 0.174 0.070
v -1.456 0.173 0.070
v -1.454 0.172 0.072
v -1.456 0.173 0.070
v -1.456 0.174 0.069
v -1.456 0.174 0.069
v -1.455 0.173 0.070
v -1.456 0.174 0.069
v -1.454 0.173 0.072
v -1.455 0.174 0.070
v -1.456 0.175 0.069
v -1.455 0.174 0.070
v -1.456 0.174 0.069
v -1.458 0.173 0.068
v -1.458 0.169 0.068
v -1.453 0.167 0.076
v -1.458 0.171 0.068
v -1.454 0.180 0.066
v -1.454 0.179 0.067
v -1.455 0.179 0.067
v -1.454 0.179 0.068
v -1.457 0.174 0.067
v -1.458 0.173 0.067
v -1.458 0.173 0.067
v -1.459 0.172 0.066
v -1.459 0.172 0.066
v -1.460 0.171 0.065
v -1.460 0.171 0.065
v -1.461 0.171 0.064
v -1.455 0.170 0.072
v -1.452 0.169 0.076
v -1.455 0.171 0.072
v -1.458 0.172 0.068
v -1.458 0.171 0.068
v -1.469 0.177 0.051
v -1.469 0.178 0.051
v -1.458 0.172 0.068
v -1.455 0.169 0.072
v -1.453 0.167 0.076
v -1.455 0.169 0.072
v -1.448 0.162 0.084
v -1.447 0.163 0.084
v -1.458 0.171 0.068
v -1.458 0.170 0.068
v -1.464 0.171 0.059
v -1.459 0.166 0.068
v -1.453 0.164 0.076
v -1.459 0.168 0.068
v -1.460 0.171 0.065
v -1.458 0.170 0.068
v -1.460 0.171 0.065
v -1.456 0.167 0.072
v -1.453 0.166 0.076
v -1.456 0.168 0.072
v -1.460 0.170 0.065
v -1.458 0.170 0.068
v -1.460 0.171 0.065
v -1.464 0.172 0.059
v -1.461 0.170 0.063
v -1.459 0.169 0.068
v -1.461 0.170 0.063
v -1.470 0.173 0.051
v -1.469 0.175 0.051
v -1.455 0.179 0.067
v -1.455 0.178 0.067
v -1.454 0.179 0.068
v -1.455 0.178 0.068
v -1.450 0.173 0.076
v -1.452 0.176 0.072
v -1.453 0.178 0.070
v -1.453 0.177 0.070
v -1.452 0.176 0.072
v -1.453 0.178 0.070
v -1.455 0.178 0.068
v -1.455 0.178 0.068
v -1.454 0.177 0.070
v -1.452 0.176 0.072
v -1.453 0.177 0.070
v -1.454 0.178 0.069
v -1.454 0.178 0.069
v -1.453 0.177 0.070
v -1.454 0.178 0.069
v -1.455 0.178 0.068
v -1.455 0.178 0.068
v -1.454 0.178 0.069
v -1.453 0.177 0.070
v -1.454 0.178 0.069
v -1.454 0.178 0.068
v -1.454 0.178 0.068
v -1.454 0.178 0.069
v -1.454 0.178 0.068
v -1.462 0.187 0.055
v -1.465 0.188 0.051
v -1.463 0.185 0.055
v -1.462 0.186 0.055
v -1.455 0.178 0.068
v -1.454 0.178 0.068
v -1.454 0.178 0.069
v -1.454 0.178 0.068
v -1.466 0.187 0.051
v -1.463 0.185 0.055
v -1.455 0.179 0.067
v -1.455 0.179 0.067
v -1.455 0.178 0.068
v -1.455 0.179 0.067
v -1.454 0.178 0.068
v -1.454 0.178 0.068
v -1.454 0.178 0.068
v -1.454 0.178 0.068
v -1.455 0.178 0.067
v -1.455 0.178 0.068
v -1.455 0.178 0.067
v -1.454 0.178 0.068
v -1.454 0.178 0.068
v -1.454 0.178 0.068
v -1.461 0.186 0.057
v -1.460 0.186 0.057
v -1.459 0.186 0.058
v -1.457 0.186 0.059
v -1.456 0.185 0.060
v -1.464 0.190 0.051
v -1.462 0.187 0.055
v -1.461 0.187 0.055
v -1.456 0.186 0.060
v -1.456 0.186 0.059
v -1.456 0.186 0.060
v -1.456 0.185 0.060
v -1.456 0.186 0.060
v -1.457 0.187 0.058
v -1.457 0.187 0.057
v -1.457 0.187 0.058
v -1.457 0.187 0.058
v -1.459 0.188 0.055
v -1.458 0.187 0.057
v -1.458 0.187 0.057
v -1.456 0.186 0.059
v -1.456 0.186 0.059
v -1.456 0.186 0.060
v -1.458 0.187 0.057
v -1.457 0.186 0.058
v -1.457 0.186 0.058
v -1.461 0.171 0.064
v -1.461 0.171 0.063
v -1.460 0.171 0.064
v -1.460 0.170 0.065
v -1.466 0.176 0.055
v -1.469 0.177 0.051
v -1.467 0.175 0.055
v -1.466 0.176 0.055
v -1.460 0.169 0.065
v -1.459 0.169 0.068
v -1.460 0.170 0.065
v -1.456 0.166 0.072
v -1.453 0.165 0.076
v -1.456 0.167 0.072
v -1.449 0.160 0.084
v -1.448 0.161 0.084
v -1.463 0.171 0.061
v -1.469 0.176 0.051
v -1.467 0.173 0.055
v -1.467 0.174 0.055
v -1.461 0.170 0.064
v -1.460 0.170 0.065
v -1.461 0.170 0.064
v -1.462 0.171 0.062
v -1.463 0.171 0.061
v -1.464 0.172 0.059
v -1.464 0.173 0.058
v -1.465 0.173 0.058
v -1.465 0.175 0.057
v -1.465 0.177 0.056
v -1.465 0.179 0.055
v -1.465 0.181 0.055
v -1.464 0.182 0.055
v -1.463 0.184 0.055
v -1.462 0.185 0.056
v -1.461 0.186 0.057
v -1.465 0.174 0.057
v -1.467 0.174 0.055
v -1.465 0.173 0.057
v -1.465 0.173 0.057
v -1.469 0.179 0.051
v -1.466 0.177 0.055
v -1.468 0.181 0.051
v -1.467 0.184 0.051
v -1.468 0.182 0.051
v -1.467 0.186 0.051
v -1.454 0.179 0.068
v -1.452 0.178 0.070
v -1.451 0.177 0.072
v -1.452 0.178 0.070
v -1.462 0.186 0.055
v -1.456 0.174 0.065
v -1.455 0.175 0.067
v -1.454 0.178 0.066
v -1.454 0.180 0.065
v -1.456 0.185 0.060
v -1.457 0.175 0.067
v -1.457 0.174 0.067
v -1.456 0.174 0.066
v -1.455 0.185 0.060
v -1.455 0.185 0.061
v -1.455 0.184 0.062
v -1.454 0.184 0.063
v -1.454 0.183 0.063
v -1.454 0.183 0.064
v -1.454 0.182 0.065
v -1.454 0.181 0.066
v -1.454 0.180 0.066
v -1.454 0.180 0.066
v -1.454 0.180 0.066
v -1.454 0.181 0.065
v -1.454 0.181 0.066
v -1.454 0.179 0.067
v -1.454 0.179 0.066
v -1.454 0.179 0.066
v -1.456 0.176 0.068
v -1.456 0.176 0.068
v -1.457 0.175 0.067
v -1.456 0.176 0.067
v -1.456 0.175 0.067
v -1.456 0.175 0.067
v -1.454 0.179 0.067
v -1.455 0.179 0.067
v -1.455 0.175 0.065
v -1.454 0.176 0.065
v -1.454 0.177 0.065
v -1.453 0.178 0.065
v -1.453 0.179 0.064
v -1.453 0.180 0.064
v -1.453 0.181 0.063
v -1.453 0.182 0.063
v -1.454 0.183 0.062
v -1.454 0.184 0.061
v -1.455 0.185 0.061
v -1.455 0.179 0.067
v -1.456 0.176 0.068
v -1.455 0.179 0.067
v -1.455 0.178 0.067
v -1.443 0.160 0.029
v -1.447 0.163 0.036
v -1.451 0.166 0.043
v -1.454 0.170 0.050
v -1.458 0.173 0.058
v -1.442 0.160 0.029
v -1.445 0.163 0.036
v -1.449 0.167 0.044
v -1.453 0.170 0.051
v -1.440 0.161 0.029
v -1.444 0.165 0.037
v -1.448 0.168 0.044
v -1.452 0.171 0.051
v -1.440 0.163 0.029
v -1.444 0.166 0.036
v -1.447 0.169 0.044
v -1.451 0.173 0.051
v -1.440 0.164 0.028
v -1.443 0.167 0.036
v -1.447 0.171 0.043
v -1.451 0.174 0.050
v -1.440 0.165 0.028
v -1.444 0.169 0.035
v -1.448 0.172 0.042
v -1.451 0.175 0.049
v -1.441 0.166 0.027
v -1.445 0.170 0.034
v -1.448 0.173 0.041
v -1.452 0.176 0.049
v -1.442 0.167 0.026
v -1.446 0.170 0.033
v -1.450 0.173 0.040
v -1.453 0.177 0.048
v -1.443 0.167 0.025
v -1.447 0.170 0.033
v -1.451 0.173 0.040
v -1.455 0.177 0.047
v -1.445 0.166 0.025
v -1.448 0.169 0.032
v -1.452 0.173 0.039
v -1.456 0.176 0.047
v -1.446 0.165 0.025
v -1.450 0.168 0.032
v -1.453 0.172 0.039
v -1.457 0.175 0.046
v -1.446 0.164 0.025
v -1.450 0.167 0.032
v -1.454 0.170 0.039
v -1.458 0.174 0.047
v -1.447 0.162 0.025
v -1.451 0.166 0.033
v -1.454 0.169 0.040
v -1.458 0.172 0.047
v -1.446 0.161 0.026
v -1.450 0.164 0.034
v -1.454 0.168 0.041
v -1.458 0.171 0.048
v -1.446 0.160 0.027
v -1.449 0.163 0.034
v -1.453 0.167 0.042
v -1.457 0.170 0.049
v -1.444 0.159 0.028
v -1.448 0.163 0.035
v -1.452 0.166 0.043
v -1.456 0.170 0.050
v -1.443 0.160 0.029
v -1.447 0.163 0.036
v -1.451 0.166 0.043
v -1.454 0.170 0.050
v -1.458 0.173 0.058
v -1.459 0.173 0.058
v -1.456 0.171 0.054
v -1.458 0.171 0.053
v -1.455 0.169 0.050
v -1.457 0.171 0.054
v -1.457 0.172 0.056
v -1.458 0.172 0.056
v -1.457 0.171 0.054
v -1.458 0.172 0.056
v -1.455 0.172 0.055
v -1.456 0.171 0.054
v -1.454 0.170 0.051
v -1.456 0.171 0.054
v -1.458 0.172 0.057
v -1.458 0.172 0.057
v -1.457 0.172 0.056
v -1.458 0.172 0.057
v -1.457 0.172 0.056
v -1.457 0.172 0.056
v -1.456 0.171 0.054
v -1.457 0.172 0.056
v -1.458 0.172 0.057
v -1.458 0.172 0.056
v -1.458 0.172 0.057
v -1.459 0.172 0.055
v -1.457 0.171 0.054
v -1.458 0.172 0.055
v -1.459 0.172 0.053
v -1.456 0.170 0.049
v -1.458 0.171 0.053
v -1.460 0.173 0.057
v -1.461 0.174 0.056
v -1.462 0.175 0.055
v -1.462 0.177 0.054
v -1.461 0.178 0.054
v -1.460 0.180 0.054
v -1.458 0.180 0.054
v -1.457 0.180 0.055
v -1.456 0.179 0.056
v -1.455 0.178 0.057
v -1.455 0.176 0.058
v -1.456 0.175 0.058
v -1.457 0.174 0.058
v -1.460 0.173 0.052
v -1.457 0.170 0.048
v -1.459 0.172 0.052
v -1.460 0.174 0.051
v -1.458 0.172 0.048
v -1.460 0.173 0.051
v -1.460 0.175 0.050
v -1.458 0.173 0.047
v -1.460 0.175 0.051
v -1.459 0.177 0.050
v -1.458 0.174 0.047
v -1.460 0.176 0.050
v -1.458 0.178 0.050
v -1.457 0.178 0.051
v -1.455 0.176 0.047
v -1.457 0.178 0.050
v -1.455 0.178 0.051
v -1.454 0.177 0.047
v -1.456 0.178 0.051
v -1.454 0.178 0.052
v -1.453 0.177 0.048
v -1.455 0.178 0.052
v -1.453 0.177 0.053
v -1.452 0.176 0.049
v -1.454 0.178 0.053
v -1.453 0.176 0.054
v -1.451 0.175 0.050
v -1.453 0.176 0.054
v -1.453 0.174 0.054
v -1.451 0.173 0.051
v -1.453 0.175 0.054
v -1.454 0.173 0.055
v -1.452 0.172 0.051
v -1.453 0.174 0.055
v -1.452 0.171 0.051
v -1.454 0.172 0.055
v -1.439 0.156 0.022
v -1.438 0.157 0.022
v -1.437 0.158 0.022
v -1.436 0.159 0.022
v -1.436 0.161 0.022
v -1.437 0.163 0.022
v -1.438 0.164 0.022
v -1.440 0.165 0.022
v -1.442 0.165 0.022
v -1.443 0.165 0.022
v -1.444 0.164 0.022
v -1.445 0.162 0.022
v -1.445 0.161 0.022
v -1.444 0.159 0.022
v -1.443 0.158 0.022
v -1.441 0.157 0.022
v -1.439 0.156 0.022
v -1.440 0.158 0.026
v -1.442 0.160 0.029
v -1.441 0.158 0.025
v -1.440 0.158 0.025
v -1.439 0.160 0.026
v -1.441 0.161 0.029
v -1.439 0.159 0.026
v -1.438 0.161 0.025
v -1.440 0.162 0.029
v -1.438 0.160 0.026
v -1.438 0.162 0.025
v -1.440 0.163 0.029
v -1.438 0.162 0.025
v -1.438 0.164 0.024
v -1.440 0.165 0.028
v -1.438 0.163 0.025
v -1.439 0.165 0.023
v -1.440 0.166 0.027
v -1.438 0.164 0.024
v -1.441 0.167 0.026
v -1.439 0.165 0.023
v -1.444 0.166 0.025
v -1.443 0.167 0.026
v -1.445 0.166 0.025
v -1.446 0.164 0.025
v -1.447 0.163 0.025
v -1.447 0.162 0.026
v -1.445 0.160 0.022
v -1.444 0.158 0.024
v -1.446 0.160 0.027
v -1.444 0.159 0.023
v -1.442 0.158 0.024
v -1.445 0.160 0.028
v -1.443 0.158 0.024
v -1.441 0.158 0.025
v -1.444 0.159 0.028
v -1.442 0.158 0.025
v -1.457 0.173 0.057
v -1.458 0.172 0.057
v -1.457 0.172 0.056
v -1.458 0.173 0.057
v -1.459 0.173 0.058
v -1.459 0.173 0.058
v -1.458 0.173 0.058
v -1.459 0.172 0.061
v -1.460 0.172 0.061
v -1.460 0.172 0.061
v -1.459 0.172 0.059
v -1.460 0.172 0.061
v -1.459 0.172 0.059
v -1.459 0.172 0.059
v -1.460 0.172 0.061
v -1.461 0.172 0.060
v -1.458 0.172 0.059
v -1.459 0.172 0.061
v -1.459 0.172 0.059
v -1.458 0.172 0.061
v -1.458 0.172 0.061
v -1.457 0.174 0.058
v -1.456 0.175 0.058
v -1.455 0.176 0.058
v -1.455 0.178 0.057
v -1.456 0.179 0.056
v -1.457 0.180 0.055
v -1.458 0.180 0.054
v -1.460 0.180 0.054
v -1.461 0.178 0.054
v -1.462 0.177 0.054
v -1.462 0.175 0.055
v -1.461 0.174 0.056
v -1.460 0.173 0.057
v -1.456 0.174 0.065
v -1.456 0.173 0.065
v -1.457 0.173 0.065
v -1.457 0.172 0.065
v -1.458 0.172 0.065
v -1.459 0.172 0.065
v -1.459 0.171 0.065
v -1.460 0.171 0.064
v -1.461 0.171 0.064
v -1.456 0.174 0.062
v -1.456 0.174 0.062
v -1.455 0.174 0.064
v -1.456 0.174 0.064
v -1.456 0.174 0.062
v -1.456 0.174 0.064
v -1.457 0.173 0.062
v -1.456 0.173 0.062
v -1.456 0.173 0.064
v -1.456 0.174 0.062
v -1.456 0.173 0.064
v -1.457 0.173 0.063
v -1.457 0.173 0.062
v -1.457 0.173 0.063
v -1.457 0.173 0.062
v -1.458 0.172 0.063
v -1.457 0.173 0.062
v -1.457 0.173 0.063
v -1.458 0.172 0.063
v -1.458 0.173 0.062
v -1.458 0.172 0.063
v -1.459 0.172 0.063
v -1.458 0.172 0.061
v -1.458 0.172 0.063
v -1.459 0.171 0.063
v -1.459 0.172 0.061
v -1.459 0.172 0.063
v -1.460 0.171 0.062
v -1.460 0.171 0.063
v -1.461 0.186 0.057
v -1.460 0.186 0.057
v -1.459 0.186 0.058
v -1.457 0.186 0.059
v -1.456 0.185 0.060
v -1.456 0.185 0.060
v -1.459 0.183 0.056
v -1.460 0.183 0.056
v -1.460 0.185 0.056
v -1.460 0.185 0.057
v -1.459 0.183 0.056
v -1.460 0.185 0.056
v -1.459 0.183 0.056
v -1.459 0.185 0.057
v -1.459 0.183 0.056
v -1.459 0.185 0.057
v -1.456 0.183 0.058
v -1.455 0.182 0.058
v -1.456 0.182 0.058
v -1.456 0.184 0.059
v -1.455 0.184 0.059
v -1.456 0.183 0.058
v -1.456 0.184 0.059
v -1.456 0.183 0.057
v -1.456 0.185 0.059
v -1.456 0.185 0.059
v -1.456 0.184 0.059
v -1.456 0.185 0.059
v -1.457 0.184 0.058
v -1.456 0.183 0.058
v -1.456 0.184 0.059
v -1.456 0.185 0.060
v -1.456 0.185 0.060
v -1.456 0.185 0.059
v -1.456 0.185 0.060
v -1.455 0.184 0.060
v -1.456 0.184 0.059
v -1.456 0.185 0.060
v -1.455 0.183 0.060
v -1.455 0.182 0.058
v -1.455 0.184 0.059
v -1.456 0.185 0.060
v -1.456 0.185 0.060
v -1.456 0.185 0.060
v -1.461 0.171 0.064
v -1.461 0.171 0.063
v -1.460 0.171 0.063
v -1.460 0.171 0.063
v -1.460 0.171 0.063
v -1.460 0.171 0.063
v -1.461 0.171 0.062
v -1.460 0.171 0.062
v -1.460 0.171 0.064
v -1.461 0.171 0.064
v -1.460 0.171 0.063
v -1.460 0.171 0.064
v -1.461 0.171 0.063
v -1.460 0.171 0.062
v -1.461 0.171 0.063
v -1.461 0.171 0.064
v -1.461 0.171 0.063
v -1.461 0.171 0.064
v -1.461 0.171 0.063
v -1.462 0.171 0.062
v -1.463 0.171 0.061
v -1.464 0.172 0.059
v -1.464 0.173 0.058
v -1.465 0.173 0.058
v -1.465 0.175 0.057
v -1.465 0.177 0.056
v -1.465 0.179 0.055
v -1.465 0.181 0.055
v -1.464 0.182 0.055
v -1.463 0.184 0.055
v -1.462 0.185 0.056
v -1.455 0.185 0.061
v -1.454 0.184 0.061
v -1.454 0.183 0.062
v -1.453 0.182 0.063
v -1.453 0.181 0.063
v -1.453 0.180 0.064
v -1.453 0.179 0.064
v -1.453 0.178 0.065
v -1.454 0.177 0.065
v -1.454 0.176 0.065
v -1.455 0.175 0.065
v -1.461 0.171 0.062
v -1.461 0.171 0.062
v -1.460 0.172 0.060
v -1.461 0.171 0.062
v -1.459 0.172 0.059
v -1.460 0.172 0.059
v -1.460 0.172 0.059
v -1.461 0.171 0.064
v -1.456 0.174 0.065
v -1.457 0.175 0.067
v -1.456 0.174 0.066
v -1.457 0.174 0.067
v -1.460 0.171 0.064
v -1.459 0.171 0.065
v -1.459 0.172 0.065
v -1.458 0.172 0.065
v -1.457 0.172 0.065
v -1.457 0.173 0.065
v -1.456 0.173 0.065
v -1.457 0.174 0.067
v -1.458 0.173 0.067
v -1.458 0.173 0.067
v -1.459 0.172 0.066
v -1.459 0.172 0.066
v -1.460 0.171 0.065
v -1.460 0.171 0.065
v -1.377 0.050 0.055
v -1.380 0.044 0.050
v -1.380 0.043 0.051
v -1.378 0.051 0.055
v -1.379 0.052 0.056
v -1.380 0.053 0.057
v -1.381 0.054 0.058
v -1.382 0.055 0.058
v -1.384 0.055 0.059
v -1.386 0.056 0.059
v -1.387 0.055 0.059
v -1.389 0.055 0.058
v -1.390 0.054 0.058
v -1.392 0.054 0.057
v -1.393 0.053 0.057
v -1.394 0.051 0.056
v -1.394 0.050 0.055
v -1.394 0.049 0.054
v -1.394 0.047 0.053
v -1.394 0.046 0.052
v -1.393 0.045 0.051
v -1.392 0.044 0.050
v -1.391 0.043 0.050
v -1.389 0.042 0.049
v -1.388 0.042 0.049
v -1.386 0.042 0.049
v -1.385 0.042 0.049
v -1.384 0.042 0.049
v -1.383 0.042 0.049
v -1.382 0.042 0.049
v -1.381 0.043 0.050
v -1.388 0.040 0.051
v -1.389 0.041 0.051
v -1.390 0.041 0.051
v -1.391 0.042 0.051
v -1.392 0.043 0.051
v -1.393 0.043 0.052
v -1.393 0.044 0.052
v -1.394 0.045 0.052
v -1.394 0.046 0.053
v -1.394 0.047 0.053
v -1.394 0.048 0.054
v -1.394 0.050 0.055
v -1.394 0.051 0.056
v -1.393 0.052 0.057
v -1.392 0.053 0.058
v -1.392 0.053 0.058
v -1.391 0.053 0.059
v -1.390 0.054 0.060
v -1.388 0.054 0.060
v -1.387 0.054 0.061
v -1.386 0.054 0.061
v -1.384 0.054 0.060
v -1.383 0.054 0.060
v -1.381 0.053 0.059
v -1.380 0.053 0.058
v -1.379 0.053 0.058
v -1.379 0.052 0.057
v -1.378 0.052 0.056
v -1.378 0.051 0.056
v -1.378 0.050 0.055
v -1.381 0.042 0.051
v -1.383 0.041 0.050
v -1.384 0.041 0.050
v -1.386 0.040 0.050
v -1.387 0.040 0.051
v -1.385 0.064 0.025
v -1.385 0.059 0.032
v -1.385 0.054 0.040
v -1.385 0.049 0.047
v -1.384 0.065 0.025
v -1.384 0.060 0.033
v -1.384 0.054 0.040
v -1.383 0.066 0.026
v -1.383 0.060 0.033
v -1.383 0.055 0.041
v -1.382 0.067 0.027
v -1.382 0.062 0.034
v -1.382 0.056 0.041
v -1.382 0.068 0.027
v -1.382 0.063 0.035
v -1.382 0.057 0.042
v -1.382 0.069 0.028
v -1.382 0.064 0.036
v -1.382 0.059 0.043
v -1.384 0.070 0.029
v -1.384 0.065 0.036
v -1.384 0.060 0.044
v -1.385 0.071 0.029
v -1.385 0.065 0.037
v -1.385 0.060 0.044
v -1.386 0.071 0.029
v -1.386 0.066 0.037
v -1.386 0.060 0.044
v -1.388 0.070 0.029
v -1.388 0.065 0.037
v -1.388 0.060 0.044
v -1.389 0.070 0.028
v -1.389 0.064 0.036
v -1.389 0.059 0.043
v -1.390 0.068 0.028
v -1.390 0.063 0.035
v -1.390 0.058 0.043
v -1.390 0.067 0.027
v -1.390 0.062 0.034
v -1.390 0.057 0.042
v -1.389 0.066 0.026
v -1.389 0.061 0.033
v -1.389 0.055 0.041
v -1.388 0.065 0.025
v -1.388 0.060 0.033
v -1.388 0.054 0.040
v -1.387 0.065 0.025
v -1.387 0.059 0.032
v -1.387 0.054 0.040
v -1.385 0.064 0.025
v -1.385 0.059 0.032
v -1.385 0.054 0.040
v -1.385 0.049 0.047
v -1.386 0.049 0.047
v -1.385 0.051 0.043
v -1.387 0.051 0.043
v -1.386 0.054 0.040
v -1.386 0.051 0.043
v -1.385 0.050 0.045
v -1.386 0.050 0.045
v -1.386 0.051 0.043
v -1.386 0.050 0.045
v -1.384 0.052 0.044
v -1.385 0.051 0.043
v -1.385 0.054 0.040
v -1.385 0.051 0.043
v -1.385 0.049 0.046
v -1.386 0.049 0.046
v -1.386 0.050 0.045
v -1.386 0.049 0.046
v -1.385 0.050 0.045
v -1.385 0.050 0.045
v -1.385 0.051 0.043
v -1.385 0.050 0.045
v -1.386 0.049 0.046
v -1.386 0.050 0.045
v -1.386 0.049 0.046
v -1.387 0.050 0.045
v -1.386 0.051 0.043
v -1.386 0.050 0.045
v -1.388 0.052 0.044
v -1.388 0.054 0.040
v -1.388 0.051 0.044
v -1.388 0.049 0.047
v -1.389 0.050 0.048
v -1.390 0.051 0.049
v -1.390 0.052 0.050
v -1.389 0.054 0.051
v -1.388 0.055 0.051
v -1.386 0.055 0.052
v -1.384 0.055 0.052
v -1.383 0.054 0.051
v -1.382 0.053 0.050
v -1.382 0.051 0.049
v -1.383 0.050 0.048
v -1.384 0.049 0.047
v -1.389 0.053 0.045
v -1.389 0.055 0.040
v -1.389 0.052 0.044
v -1.390 0.054 0.045
v -1.390 0.056 0.041
v -1.390 0.053 0.045
v -1.390 0.055 0.046
v -1.390 0.057 0.042
v -1.390 0.055 0.046
v -1.389 0.056 0.047
v -1.389 0.058 0.043
v -1.389 0.056 0.047
v -1.388 0.057 0.048
v -1.386 0.058 0.048
v -1.387 0.060 0.044
v -1.387 0.057 0.048
v -1.385 0.058 0.048
v -1.386 0.060 0.044
v -1.386 0.058 0.048
v -1.384 0.057 0.048
v -1.384 0.060 0.044
v -1.384 0.057 0.048
v -1.382 0.056 0.047
v -1.383 0.059 0.043
v -1.383 0.057 0.047
v -1.382 0.055 0.046
v -1.382 0.058 0.043
v -1.382 0.055 0.046
v -1.382 0.054 0.045
v -1.382 0.057 0.042
v -1.382 0.054 0.046
v -1.383 0.052 0.044
v -1.382 0.056 0.041
v -1.382 0.053 0.045
v -1.383 0.055 0.040
v -1.383 0.052 0.044
v -1.385 0.067 0.022
v -1.384 0.067 0.022
v -1.384 0.067 0.022
v -1.383 0.069 0.022
v -1.382 0.070 0.022
v -1.382 0.072 0.022
v -1.382 0.074 0.022
v -1.383 0.075 0.022
v -1.385 0.076 0.022
v -1.385 0.076 0.022
v -1.386 0.076 0.022
v -1.387 0.076 0.022
v -1.388 0.075 0.022
v -1.389 0.074 0.022
v -1.390 0.072 0.022
v -1.390 0.071 0.022
v -1.389 0.069 0.022
v -1.389 0.068 0.022
v -1.387 0.067 0.022
v -1.386 0.066 0.022
v -1.385 0.067 0.022
v -1.385 0.065 0.025
v -1.385 0.066 0.023
v -1.385 0.065 0.025
v -1.385 0.066 0.023
v -1.385 0.066 0.023
v -1.384 0.062 0.029
v -1.385 0.059 0.032
v -1.385 0.062 0.029
v -1.385 0.062 0.029
v -1.386 0.064 0.025
v -1.384 0.066 0.023
v -1.384 0.065 0.025
v -1.384 0.066 0.023
v -1.383 0.065 0.025
v -1.383 0.067 0.024
v -1.384 0.065 0.025
v -1.384 0.066 0.023
v -1.383 0.063 0.029
v -1.383 0.060 0.033
v -1.383 0.063 0.029
v -1.382 0.066 0.026
v -1.382 0.069 0.022
v -1.382 0.071 0.024
v -1.382 0.068 0.027
v -1.382 0.070 0.023
v -1.382 0.072 0.025
v -1.382 0.069 0.028
v -1.382 0.071 0.024
v -1.384 0.073 0.025
v -1.383 0.070 0.029
v -1.383 0.072 0.025
v -1.385 0.073 0.026
v -1.384 0.071 0.029
v -1.384 0.073 0.025
v -1.385 0.075 0.024
v -1.385 0.073 0.026
v -1.384 0.075 0.024
v -1.385 0.075 0.024
v -1.386 0.074 0.026
v -1.386 0.071 0.029
v -1.386 0.074 0.026
v -1.386 0.075 0.024
v -1.385 0.074 0.026
v -1.385 0.075 0.024
v -1.386 0.075 0.024
v -1.386 0.074 0.026
v -1.386 0.075 0.024
v -1.388 0.073 0.025
v -1.387 0.071 0.029
v -1.387 0.073 0.026
v -1.387 0.075 0.024
v -1.387 0.073 0.026
v -1.387 0.075 0.024
v -1.388 0.074 0.024
v -1.388 0.073 0.026
v -1.388 0.075 0.024
v -1.389 0.072 0.025
v -1.389 0.070 0.029
v -1.389 0.073 0.025
v -1.389 0.074 0.023
v -1.388 0.073 0.025
v -1.388 0.074 0.023
v -1.390 0.071 0.024
v -1.389 0.069 0.028
v -1.389 0.072 0.024
v -1.390 0.070 0.023
v -1.390 0.068 0.027
v -1.390 0.070 0.024
v -1.390 0.067 0.026
v -1.390 0.069 0.023
v -1.389 0.066 0.026
v -1.388 0.065 0.025
v -1.387 0.066 0.023
v -1.387 0.065 0.025
v -1.388 0.066 0.023
v -1.387 0.066 0.023
v -1.387 0.062 0.029
v -1.388 0.059 0.032
v -1.388 0.062 0.029
v -1.388 0.062 0.029
v -1.386 0.066 0.023
v -1.386 0.064 0.025
v -1.386 0.066 0.023
v -1.385 0.062 0.029
v -1.386 0.059 0.032
v -1.386 0.062 0.029
v -1.385 0.066 0.023
v -1.386 0.064 0.025
v -1.386 0.066 0.023
v -1.385 0.049 0.046
v -1.385 0.049 0.046
v -1.385 0.050 0.045
v -1.385 0.049 0.046
v -1.386 0.049 0.047
v -1.386 0.042 0.049
v -1.386 0.049 0.047
v -1.386 0.042 0.049
v -1.388 0.042 0.049
v -1.389 0.042 0.049
v -1.391 0.043 0.050
v -1.392 0.044 0.050
v -1.393 0.045 0.051
v -1.394 0.046 0.052
v -1.394 0.047 0.053
v -1.394 0.049 0.054
v -1.394 0.050 0.055
v -1.394 0.051 0.056
v -1.393 0.053 0.057
v -1.392 0.054 0.057
v -1.390 0.054 0.058
v -1.389 0.055 0.058
v -1.387 0.055 0.059
v -1.386 0.056 0.059
v -1.384 0.055 0.059
v -1.382 0.055 0.058
v -1.381 0.054 0.058
v -1.380 0.053 0.057
v -1.379 0.052 0.056
v -1.378 0.051 0.055
v -1.377 0.050 0.055
v -1.385 0.049 0.047
v -1.385 0.045 0.048
v -1.386 0.045 0.048
v -1.385 0.045 0.048
v -1.385 0.047 0.048
v -1.386 0.045 0.048
v -1.386 0.047 0.047
v -1.386 0.047 0.047
v -1.386 0.045 0.048
v -1.387 0.045 0.048
v -1.385 0.047 0.048
v -1.385 0.045 0.048
v -1.385 0.047 0.048
v -1.384 0.049 0.047
v -1.383 0.050 0.048
v -1.382 0.051 0.049
v -1.382 0.053 0.050
v -1.383 0.054 0.051
v -1.384 0.055 0.052
v -1.386 0.055 0.052
v -1.388 0.055 0.051
v -1.389 0.054 0.051
v -1.390 0.052 0.050
v -1.390 0.051 0.049
v -1.389 0.050 0.048
v -1.388 0.049 0.047
v -1.380 0.044 0.050
v -1.381 0.043 0.050
v -1.382 0.042 0.049
v -1.383 0.042 0.049
v -1.384 0.042 0.049
v -1.385 0.042 0.049
v -1.378 0.047 0.052
v -1.378 0.046 0.052
v -1.379 0.045 0.051
v -1.377 0.048 0.053
v -1.386 0.047 0.047
v -1.386 0.045 0.048
v -1.386 0.047 0.048
v -1.386 0.047 0.047
v -1.380 0.044 0.050
v -1.380 0.043 0.051
v -1.378 0.047 0.052
v -1.378 0.045 0.052
v -1.379 0.044 0.051
v -1.379 0.045 0.051
v -1.378 0.046 0.052
v -1.385 0.067 0.022
v -1.386 0.066 0.022
v -1.387 0.067 0.022
v -1.389 0.068 0.022
v -1.389 0.069 0.022
v -1.390 0.071 0.022
v -1.390 0.072 0.022
v -1.389 0.074 0.022
v -1.388 0.075 0.022
v -1.387 0.076 0.022
v -1.386 0.076 0.022
v -1.385 0.076 0.022
v -1.385 0.076 0.022
v -1.383 0.075 0.022
v -1.382 0.074 0.022
v -1.382 0.072 0.022
v -1.382 0.070 0.022
v -1.383 0.069 0.022
v -1.384 0.067 0.022
v -1.384 0.067 0.022
v -1.385 0.069 0.022
v -1.384 0.068 0.022
v -1.387 0.068 0.022
v -1.386 0.067 0.022
v -1.387 0.073 0.022
v -1.385 0.074 0.022
v -1.388 0.074 0.022
v -1.386 0.075 0.022
v -1.439 0.156 0.022
v -1.441 0.157 0.022
v -1.443 0.158 0.022
v -1.444 0.159 0.022
v -1.445 0.161 0.022
v -1.445 0.162 0.022
v -1.444 0.164 0.022
v -1.443 0.165 0.022
v -1.442 0.165 0.022
v -1.440 0.165 0.022
v -1.438 0.164 0.022
v -1.437 0.163 0.022
v -1.436 0.161 0.022
v -1.436 0.159 0.022
v -1.437 0.158 0.022
v -1.438 0.157 0.022
v -1.399 0.144 0.110
v -1.399 0.142 0.110
v -1.399 0.145 0.110
v -1.398 0.138 0.110
v -1.398 0.136 0.110
v -1.399 0.139 0.110
f 1 5 14 2
f 14 5 6
f 7 8 12 13
f 13 14 6 7
f 12 8 9
f 11 9 10
f 11 12 9
f 4 11 10 3
f 16 253 254 247
f 15 254 253
f 17 245 248 246
f 248 249 252 250
f 249 247 251 252
f 249 16 247
f 245 249 248
f 16 249 245
f 215 212 214
f 22 215 210
f 212 215 22
f 210 215 218 216
f 215 214 217 218
f 212 21 213 214
f 211 23 209
f 209 22 210 211
f 24 255 257 256
f 257 15 256
f 253 256 15
f 256 25 24
f 25 253 16
f 253 25 256
f 245 25 16
f 26 245 17
f 25 245 26
f 27 26 17 18
f 28 27 18 19
f 29 28 19 20
f 30 29 20 21
f 212 30 21
f 31 212 22
f 30 212 31
f 207 209 23
f 209 31 22
f 31 207 32
f 207 31 209
f 23 208 207
f 204 32 207 208
f 33 258 260 259
f 259 260 255 24
f 259 34 33
f 25 259 24
f 34 259 25
f 35 34 25 26
f 36 35 26 27
f 37 36 27 28
f 38 37 28 29
f 39 38 29 30
f 40 39 30 31
f 205 31 32
f 40 205 41
f 31 205 40
f 206 205 32 204
f 203 41 205 206
f 43 42 33 34
f 44 43 34 35
f 45 44 35 36
f 46 45 36 37
f 47 46 37 38
f 48 47 38 39
f 49 48 39 40
f 50 49 40 41
f 52 51 42 43
f 506 44 53
f 43 506 52
f 44 506 43
f 513 45 54
f 44 513 53
f 45 513 44
f 55 54 45 46
f 56 55 46 47
f 394 48 57
f 47 394 56
f 48 394 47
f 405 49 58
f 48 405 57
f 49 405 48
f 417 50 59
f 49 417 58
f 50 417 49
f 496 507 61
f 507 51 52
f 51 496 60
f 496 51 507
f 500 505 62
f 508 500 493
f 505 500 508
f 505 508 506 53
f 508 507 52 506
f 493 61 507 508
f 516 512 63
f 514 516 504
f 512 516 514
f 512 514 513 54
f 514 505 53 513
f 510 514 504
f 505 510 62
f 514 510 505
f 512 518 63
f 518 55 64
f 55 512 54
f 512 55 518
f 382 395 65
f 395 55 56
f 55 382 64
f 382 55 395
f 398 393 66
f 396 398 388
f 393 398 396
f 393 396 394 57
f 396 395 56 394
f 390 396 388
f 395 390 65
f 396 390 395
f 408 404 67
f 406 408 400
f 404 408 406
f 404 406 405 58
f 406 393 57 405
f 402 406 400
f 393 402 66
f 406 402 393
f 68 411 418 416
f 416 418 417 59
f 418 404 58 417
f 414 418 411
f 404 414 67
f 418 414 404
f 494 566 564
f 566 565 498 564
f 564 61 494
f 496 564 498
f 61 564 496
f 498 497 60 496
f 565 497 498
f 69 565 495
f 497 565 69
f 499 502 500 62
f 502 501 493 500
f 515 517 516 63
f 517 509 504 516
f 509 511 510 504
f 511 499 62 510
f 520 70 376
f 383 520 519
f 70 520 383
f 383 519 518 64
f 515 521 503
f 521 518 519
f 518 515 63
f 515 518 521
f 520 522 521 519
f 387 386 384 385
f 385 391 381
f 391 382 65
f 382 385 384
f 385 382 391
f 384 383 64 382
f 378 386 369
f 386 383 384
f 383 378 70
f 378 383 386
f 397 399 398 66
f 399 389 388 398
f 389 392 390 388
f 392 391 65 390
f 407 409 408 67
f 409 401 400 408
f 401 403 402 400
f 403 397 66 402
f 419 71 266
f 410 419 412
f 71 419 410
f 413 410 412
f 68 413 411
f 410 413 68
f 412 415 413
f 413 415 414 411
f 415 407 67 414
f 562 557 553
f 563 69 495
f 560 563 561
f 69 563 560
f 562 560 561
f 72 562 553
f 560 562 72
f 373 524 377 370
f 524 373 73 375
f 379 523 376 70
f 523 379 370 377
f 369 380 378
f 380 379 70 378
f 372 370 379 380
f 374 373 370 372
f 371 73 373 374
f 269 74 264
f 265 269 267
f 74 269 265
f 420 265 267
f 71 420 266
f 265 420 71
f 276 264 268
f 269 276 271
f 264 276 269
f 269 271 270 267
f 268 275 278 276
f 276 278 277 271
f 75 162 165 163
f 163 165 164 72
f 550 556 542
f 556 552 554
f 552 550 76
f 550 552 556
f 542 556 559 555
f 559 558 553 557
f 556 554 558 559
f 558 72 553
f 163 558 554
f 72 558 163
f 552 75 163 554
f 545 77 543
f 543 541 544 545
f 541 548 551 544
f 551 550 542 549
f 548 76 550 551
f 78 532 535 533
f 532 531 534 535
f 79 525 527 360
f 529 360 527
f 73 529 375
f 360 529 73
f 527 528 530 529
f 528 533 526
f 533 525 78
f 525 528 527
f 528 525 533
f 80 362 365 358
f 365 364 361 363
f 362 359 364 365
f 364 360 361
f 79 364 359
f 360 364 79
f 358 357 80
f 279 346 348 347
f 83 272 274 131
f 281 131 274
f 74 281 264
f 131 281 74
f 274 280 283 281
f 281 283 268 264
f 282 268 283
f 280 273 282 283
f 280 82 273
f 272 280 274
f 82 280 272
f 136 135 132 134
f 133 127 135 136
f 132 131 74 130
f 135 131 132
f 83 135 127
f 131 135 83
f 84 167 166
f 166 167 162 75
f 169 166 552 546
f 169 546 85
f 546 552 76
f 552 166 75
f 166 169 84
f 86 172 547 538
f 543 547 541
f 538 543 77
f 547 543 538
f 548 546 76
f 547 548 541
f 546 548 547
f 172 85 546 547
f 87 536 539 537
f 532 539 531
f 537 532 78
f 539 532 537
f 540 538 77
f 539 540 531
f 538 540 539
f 536 86 538 539
f 537 525 367
f 367 525 79
f 525 537 78
f 537 367 88 87
f 89 366 368 355
f 362 368 359
f 355 362 80
f 368 362 355
f 368 367 79 359
f 366 88 367 368
f 90 354 356 351
f 353 356 349
f 351 353 81
f 356 353 351
f 357 355 80
f 356 357 349
f 355 357 356
f 354 89 355 356
f 91 122 352 350
f 350 352 279 82
f 346 351 81
f 352 346 279
f 351 346 352
f 122 90 351 352
f 125 350 272 128
f 125 128 92
f 128 272 83
f 272 350 82
f 350 125 91
f 129 128 83 127
f 129 92 128
f 168 170 169 85
f 170 84 169
f 171 173 172 86
f 175 172 173
f 85 175 168
f 172 175 85
f 174 177 175 173
f 177 176 168 175
f 121 124 122 91
f 124 123 90 122
f 92 126 125
f 126 121 91 125
f 239 238 257
f 239 257 240
f 242 241 257
f 240 257 241
f 242 255 243
f 236 235 15
f 237 236 15
f 238 237 15
f 242 257 255
f 15 257 238
f 234 15 235
f 255 244 243
f 219 260 258 220
f 258 221 220
f 51 223 222
f 223 51 60 224
f 42 222 221
f 219 255 260
f 244 255 219
f 258 33 42
f 51 222 42
f 42 221 258
f 230 229 251
f 231 230 251
f 232 231 254
f 251 254 231
f 228 251 229
f 250 185 184
f 184 183 246
f 185 250 252
f 251 228 252
f 184 246 250
f 183 182 18
f 252 228 185
f 232 254 233
f 251 247 254
f 254 15 234
f 501 61 493
f 250 246 248
f 18 17 246
f 183 18 246
f 423 501 502
f 427 499 511
f 499 425 502
f 18 182 19
f 494 61 501
f 233 254 234
f 224 60 497 225
f 488 494 489
f 492 494 501
f 494 491 490
f 494 490 489
f 69 225 497
f 492 491 494
f 424 502 425
f 423 502 424
f 421 501 422
f 492 501 421
f 423 422 501
f 425 499 426
f 495 565 485
f 481 563 482
f 483 563 495
f 69 226 225
f 563 483 482
f 488 487 566
f 486 566 487
f 494 488 566
f 484 495 485
f 566 486 485
f 565 566 485
f 484 483 495
f 511 428 427
f 427 426 499
f 511 429 428
f 509 430 429
f 511 509 429
f 431 430 509
f 503 517 515
f 509 517 431
f 431 517 432
f 517 503 433
f 503 521 436
f 434 433 503
f 433 432 517
f 521 522 436
f 435 503 436
f 438 437 522
f 436 522 437
f 376 438 522
f 520 376 522
f 439 438 376
f 440 439 376
f 376 523 441
f 441 523 442
f 440 376 441
f 435 434 503
f 442 523 443
f 180 179 213
f 213 179 217
f 218 217 178
f 179 178 217
f 202 218 178
f 180 20 19 181
f 200 216 201
f 202 201 216
f 211 199 198
f 200 199 216
f 216 199 211
f 216 218 202
f 180 213 20
f 322 392 389
f 324 389 399
f 392 321 391
f 211 197 196
f 213 217 214
f 198 197 211
f 210 216 211
f 21 20 213
f 23 211 196
f 19 182 181
f 193 23 194
f 195 194 23
f 188 204 208
f 192 23 193
f 23 196 195
f 208 23 192
f 192 191 208
f 191 190 208
f 189 208 190
f 208 189 188
f 204 188 187
f 187 186 204
f 186 102 204
f 41 203 50
f 50 99 98 59
f 416 59 98
f 68 416 97
f 101 203 206 102
f 100 203 101
f 50 203 100
f 100 99 50
f 98 97 416
f 96 410 68 97
f 204 102 206
f 323 389 324
f 322 389 323
f 322 321 392
f 321 381 391
f 318 385 381
f 320 381 321
f 325 324 399
f 328 397 403
f 326 399 397
f 326 397 327
f 397 328 327
f 399 326 325
f 329 328 403
f 369 386 316
f 313 369 314
f 314 369 315
f 312 380 313
f 369 313 380
f 380 312 372
f 320 319 381
f 318 381 319
f 386 387 316
f 318 317 387
f 316 387 317
f 315 369 316
f 387 385 318
f 331 401 409
f 403 401 329
f 329 401 330
f 409 332 331
f 401 331 330
f 333 332 409
f 335 407 415
f 409 407 333
f 333 407 334
f 412 336 415
f 336 335 415
f 335 334 407
f 412 419 337
f 420 342 341
f 266 341 340
f 266 340 339
f 71 410 96
f 337 419 338
f 339 338 419
f 266 339 419
f 96 95 71
f 71 95 265
f 266 420 341
f 342 420 267
f 337 336 412
f 560 226 69
f 481 561 563
f 561 481 480
f 164 560 72
f 477 557 562
f 560 164 226
f 562 561 479
f 561 480 479
f 562 479 478
f 477 476 557
f 476 475 557
f 477 562 478
f 559 557 474
f 227 164 165
f 475 474 557
f 474 555 559
f 165 144 227
f 473 555 474
f 472 555 473
f 471 555 472
f 471 470 549
f 468 551 549
f 549 470 469
f 469 468 549
f 542 471 549
f 555 471 542
f 164 227 226
f 449 448 375
f 448 447 375
f 530 451 450
f 452 451 530
f 529 450 449
f 375 529 449
f 377 444 443
f 445 444 377
f 524 446 445
f 447 446 524
f 524 375 447
f 377 524 445
f 530 450 529
f 468 467 544
f 466 465 545
f 544 467 466
f 455 535 456
f 528 452 530
f 453 452 528
f 526 455 454
f 526 453 528
f 455 526 533
f 454 453 526
f 535 457 456
f 523 377 443
f 145 144 162
f 145 162 146
f 148 147 167
f 162 147 146
f 149 148 167
f 167 147 162
f 167 84 151
f 152 151 84
f 150 167 151
f 167 150 149
f 551 468 544
f 154 153 84
f 155 154 84
f 170 156 155
f 155 84 170
f 157 156 170
f 168 176 170
f 158 170 176
f 159 176 160
f 160 176 161
f 158 176 159
f 158 157 170
f 153 152 84
f 176 177 161
f 545 464 463
f 77 463 462
f 463 77 545
f 465 464 545
f 466 545 544
f 540 462 461
f 534 460 459
f 534 459 458
f 534 457 535
f 540 460 534
f 533 535 455
f 540 461 460
f 534 458 457
f 77 462 540
f 174 173 171
f 536 171 86
f 174 137 177
f 161 177 137
f 138 174 171
f 137 174 138
f 534 531 540
f 536 87 139
f 139 87 88 140
f 139 171 536
f 171 139 138
f 162 144 165
f 309 374 310
f 372 310 374
f 311 310 372
f 371 306 361
f 308 374 309
f 371 374 308
f 371 308 307
f 306 305 361
f 305 304 361
f 306 371 307
f 73 371 360
f 372 312 311
f 304 363 361
f 360 371 361
f 358 301 300
f 303 363 304
f 301 358 302
f 302 365 363
f 303 302 363
f 290 289 347
f 347 289 273
f 300 299 358
f 292 291 348
f 291 290 347
f 277 261 345
f 262 261 277
f 271 277 345
f 263 262 278
f 278 262 277
f 263 278 275
f 342 267 270
f 344 343 270
f 345 270 271
f 345 344 270
f 270 343 342
f 284 263 275
f 282 286 285
f 287 286 282
f 275 282 285
f 273 288 287
f 289 288 273
f 282 273 287
f 268 282 275
f 134 132 130
f 93 134 94
f 130 94 134
f 130 95 94
f 265 130 74
f 284 275 285
f 265 95 130
f 292 348 293
f 349 298 297
f 365 302 358
f 357 358 299
f 298 349 357
f 357 299 298
f 296 349 297
f 348 81 293
f 295 294 81
f 291 347 348
f 295 81 353
f 349 296 353
f 81 348 346
f 353 296 295
f 347 273 82
f 141 88 366
f 89 142 141 366
f 354 142 89
f 123 142 354
f 141 140 88
f 124 103 143 123
f 354 90 123
f 123 143 142
f 82 279 347
f 124 121 103
f 114 129 115
f 92 129 114
f 129 127 133
f 115 129 116
f 120 133 93
f 136 93 133
f 119 133 120
f 129 133 118
f 118 133 119
f 129 118 117
f 117 116 129
f 134 93 136
f 107 106 126
f 121 126 106
f 108 107 126
f 126 92 110
f 106 105 121
f 104 121 105
f 92 114 113
f 92 113 112
f 92 111 110
f 92 112 111
f 110 109 126
f 109 108 126
f 121 104 103
f 293 81 294
f 630 628 624 629
f 621 630 629 620
f 633 631 622 632
f 628 633 632 624
f 632 622 598
f 623 624 632
f 598 623 632
f 629 624 623
f 600 620 629
f 623 600 629
f 602 600 623
f 623 598 577
f 577 599 602
f 602 623 577
f 617 601 618 619
f 619 618 604 610
f 618 601 600
f 602 604 618
f 600 602 618
f 611 604 602
f 599 603 611
f 602 599 611
f 610 604 611 613
f 613 611 603 612
f 636 634 627 635
f 622 636 635 598
f 627 625 575 626
f 635 627 626
f 577 598 635
f 626 577 635
f 605 577 626
f 626 575 574
f 574 576 605
f 605 626 574
f 603 599 614 616
f 616 614 607 615
f 614 599 577
f 605 607 614
f 577 605 614
f 607 605 576 606
f 734 722 719 733
f 732 734 733 727
f 733 719 579
f 726 727 733
f 579 726 733
f 625 727 726 575
f 731 729 725 730
f 728 731 730 722
f 737 735 723 736
f 729 737 736 725
f 736 723 721
f 724 725 736
f 721 724 736
f 730 725 724
f 719 722 730
f 724 719 730
f 745 741 739
f 721 738 745
f 739 721 745
f 747 745 738
f 745 747 746 741
f 741 746 750 748
f 748 750 749 740
f 748 740 720
f 739 741 748
f 720 739 748
f 724 721 739
f 739 720 579
f 579 719 724
f 724 739 579
f 751 744 742
f 579 720 751
f 742 579 751
f 720 740 753 751
f 751 753 752 744
f 742 744 743 578
f 726 579 742
f 742 578 574
f 574 575 726
f 726 742 574
f 784 670 800
f 800 608 574
f 574 578 784
f 784 800 574
f 578 743 785 784
f 785 791 792 790
f 790 792 781 778
f 790 778 670
f 784 785 790
f 670 784 790
f 780 779 798
f 798 777 670
f 670 778 780
f 780 798 670
f 786 783 780
f 778 781 786
f 780 778 786
f 781 787 789 786
f 786 789 788 783
f 783 788 794 793
f 782 793 794
f 793 782 779
f 780 783 793
f 779 780 793
f 806 797 777
f 798 799 806
f 777 798 806
f 803 799 798
f 779 795 803
f 798 779 803
f 799 803 804 802
f 803 795 796 804
f 797 806 807 805
f 806 799 802 807
f 608 800 801 668
f 809 801 800
f 670 777 809
f 800 670 809
f 801 809 810 808
f 809 777 797 810
f 606 576 685 686
f 694 686 685
f 609 660 694
f 685 609 694
f 693 686 694 695
f 695 694 660 682
f 667 609 685
f 685 576 574
f 574 608 667
f 667 685 574
f 675 661 609
f 667 669 675
f 609 667 675
f 667 608 668 669
f 661 675 677 665
f 675 669 676 677
f 690 682 691 692
f 692 691 684 687
f 691 682 660
f 683 684 691
f 660 683 691
f 688 684 683
f 662 681 688
f 683 662 688
f 687 684 688 689
f 689 688 681
f 664 662 683
f 683 660 609
f 609 661 664
f 664 683 609
f 679 663 662
f 664 666 679
f 662 664 679
f 672 666 664
f 661 665 672
f 664 661 672
f 666 672 674 671
f 672 665 673 674
f 663 679 680 678
f 679 666 671 680
f 794 764 765
f 794 762 763
f 764 794 763
f 788 762 794
f 794 765 782
f 768 779 782
f 768 769 795
f 782 766 767
f 768 782 767
f 765 766 782
f 789 701 760
f 701 787 700
f 700 791 699
f 760 761 789
f 761 788 789
f 701 789 787
f 787 781 792
f 792 791 700
f 787 792 700
f 788 761 762
f 791 743 699
f 795 769 770
f 804 796 773
f 796 771 772
f 773 796 772
f 795 771 796
f 804 773 774
f 754 802 776
f 754 755 805 807
f 775 802 804
f 774 775 804
f 775 776 802
f 755 756 808 810
f 754 807 802
f 795 779 768
f 797 805 810
f 810 805 755
f 801 808 668
f 808 757 668
f 757 808 756
f 795 770 771
f 785 743 791
f 697 749 696
f 717 718 750
f 718 696 750
f 752 697 698
f 749 697 753
f 752 753 697
f 740 749 753
f 717 750 746
f 696 749 750
f 752 698 743
f 716 717 746
f 747 715 716
f 713 714 747
f 715 747 714
f 738 713 747
f 747 716 746
f 711 712 738
f 713 738 712
f 710 711 738
f 709 710 723
f 723 708 709
f 710 738 721
f 708 723 707
f 707 723 735
f 721 723 710
f 722 734 728
f 734 732 571 572
f 703 737 729
f 570 732 625
f 705 735 737
f 704 705 737
f 706 735 705
f 703 729 702
f 704 737 703
f 706 707 735
f 728 573 731
f 729 573 702
f 572 573 728
f 734 572 728
f 571 732 570
f 731 573 729
f 625 732 727
f 743 744 752
f 743 698 699
f 758 676 757
f 674 673 642
f 759 642 673
f 758 759 677 676
f 759 673 677
f 643 671 642
f 644 671 643
f 680 645 646
f 644 645 680
f 674 642 671
f 647 678 646
f 665 677 673
f 676 669 668
f 646 678 680
f 678 648 663
f 686 693 606
f 651 662 663
f 680 671 644
f 648 678 647
f 649 650 663
f 662 651 681
f 652 681 651
f 651 663 650
f 681 653 654
f 689 681 654
f 656 689 655
f 654 655 689
f 657 689 656
f 652 653 681
f 658 692 687
f 638 693 695
f 682 690 695
f 690 638 695
f 690 692 637
f 692 658 659
f 692 659 637
f 637 638 690
f 638 639 693
f 657 658 687
f 657 687 689
f 606 693 639
f 648 649 663
f 640 606 639
f 634 625 627
f 634 636 568 569
f 631 636 622
f 570 634 569
f 600 589 620
f 591 592 620
f 567 631 633
f 567 633 628
f 631 568 636
f 628 596 597
f 631 567 568
f 628 597 567
f 621 594 630
f 620 592 621
f 592 593 621
f 595 630 594
f 593 594 621
f 596 630 595
f 596 628 630
f 625 634 570
f 641 612 616
f 616 612 603
f 580 613 612
f 641 616 615
f 641 580 612
f 580 581 613
f 582 610 581
f 581 610 613
f 583 610 582
f 640 641 615
f 615 607 606
f 588 601 587
f 617 587 601
f 589 601 588
f 620 590 591
f 590 620 589
f 600 601 589
f 584 619 583
f 610 583 619
f 585 619 584
f 586 617 585
f 619 585 617
f 587 617 586
f 615 606 640
f 676 668 757
f 811 815 824 812
f 824 815 816
f 817 818 822 823
f 823 824 816 817
f 822 818 819
f 821 819 820
f 821 822 819
f 814 821 820 813
f 826 825 844 845
f 828 827 846 847
f 827 826 845 846
f 830 829 848 849
f 832 831 850 851
f 833 832 851 852
f 831 830 849 850
f 829 828 847 848
f 835 834 853 854
f 837 836 855 856
f 838 837 856 857
f 836 835 854 855
f 840 839 858 859
f 842 841 860 861
f 843 842 861 862
f 841 840 859 860
f 839 838 857 858
f 834 833 852 853
f 864 863 882 883
f 866 865 884 885
f 865 864 883 884
f 868 867 886 887
f 870 869 888 889
f 871 870 889 890
f 869 868 887 888
f 867 866 885 886
f 873 872 891 892
f 875 874 893 894
f 876 875 894 895
f 874 873 892 893
f 878 877 896 897
f 880 879 898 899
f 881 880 899 900
f 879 878 897 898
f 877 876 895 896
f 872 871 890 891
f 902 901 905
f 906 907 916 917
f 917 905 906
f 917 902 905
f 915 916 907 908
f 914 909 910
f 913 911 912
f 910 911 913 914
f 914 915 909
f 904 913 912 903
f 908 909 915
f 919 918 937 938
f 921 920 939 940
f 920 919 938 939
f 923 922 941 942
f 925 924 943 944
f 926 925 944 945
f 924 923 942 943
f 922 921 940 941
f 928 927 946 947
f 930 929 948 949
f 931 930 949 950
f 929 928 947 948
f 933 932 951 952
f 935 934 953 954
f 936 935 954 955
f 934 933 952 953
f 932 931 950 951
f 927 926 945 946
f 957 956 960
f 961 962 971 972
f 972 960 961
f 972 957 960
f 970 971 962 963
f 969 964 965
f 968 966 967
f 965 966 968 969
f 969 970 964
f 959 968 967 958
f 963 964 970
f 974 973 992 993
f 976 975 994 995
f 975 974 993 994
f 978 977 996 997
f 980 979 998 999
f 981 980 999 1000
f 979 978 997 998
f 977 976 995 996
f 983 982 1001 1002
f 985 984 1003 1004
f 986 985 1004 1005
f 984 983 1002 1003
f 988 987 1006 1007
f 990 989 1008 1009
f 991 990 1009 1010
f 989 988 1007 1008
f 987 986 1005 1006
f 982 981 1000 1001
f 1012 1157 1158 1155
f 1011 1158 1157
f 1013 1154 1156 1083
f 1154 1012 1155 1156
f 1085 1082 1084
f 1014 1085 1081
f 1082 1085 1014
f 1086 1085 1084
f 1082 1013 1083 1084
f 1017 1160 1162 1161
f 1161 1162 1159 1015
f 1080 1079 1016 1078
f 1075 1018 1079 1080
f 1019 1163 1165 1164
f 1164 1165 1160 1017
f 1077 1076 1018 1075
f 1074 1020 1076 1077
f 1021 1166 1168 1167
f 1167 1168 1163 1019
f 1022 1101 1099
f 1100 1099 1101
f 1096 1101 1090
f 1100 1096 1026
f 1101 1096 1100
f 1170 1172 1171 1024
f 1172 1169 1023 1171
f 1093 1174 1173 1025
f 1174 1170 1024 1173
f 1097 1092 1026
f 1094 1097 1091
f 1092 1097 1094
f 1094 1093 1025 1092
f 1095 1098 1096 1090
f 1098 1097 1026 1096
f 1011 1118 1117
f 1116 1158 1117
f 1116 1115 1158
f 1118 1011 1119
f 1122 1121 1015
f 1011 1121 1120
f 1121 1011 1015
f 1119 1011 1120
f 1048 1011 1157
f 1117 1158 1011
f 1155 1158 1114
f 1115 1114 1158
f 1155 1113 1112
f 1114 1113 1155
f 1156 1155 1112
f 1049 1012 1050
f 1050 1012 1051
f 1051 1012 1154
f 1157 1012 1049
f 1111 1156 1112
f 1123 1122 1015
f 1162 1126 1125
f 1124 1159 1125
f 1162 1125 1159
f 1015 1159 1124
f 1162 1127 1126
f 1165 1129 1128
f 1127 1160 1128
f 1165 1128 1160
f 1162 1160 1127
f 1165 1130 1129
f 1047 1046 1015
f 1161 1015 1046
f 1049 1048 1157
f 1047 1011 1048
f 1011 1047 1015
f 1045 1017 1161
f 1045 1044 1017
f 1164 1017 1044
f 1046 1045 1161
f 1015 1124 1123
f 1110 1083 1111
f 1083 1156 1111
f 1083 1110 1086
f 1086 1073 1085
f 1084 1083 1086
f 1013 1082 1053
f 1054 1082 1014
f 1072 1085 1073
f 1071 1081 1072
f 1081 1085 1072
f 1071 1070 1081
f 1014 1070 1069
f 1014 1081 1070
f 1067 1014 1068
f 1069 1068 1014
f 1066 1016 1067
f 1016 1066 1065
f 1067 1016 1014
f 1052 1154 1013
f 1053 1082 1054
f 1014 1016 1055
f 1056 1055 1016
f 1055 1054 1014
f 1065 1078 1016
f 1016 1079 1057
f 1058 1079 1018
f 1057 1079 1058
f 1027 1058 1018
f 1056 1016 1057
f 1063 1080 1078
f 1064 1063 1078
f 1062 1080 1063
f 1062 1061 1080
f 1078 1065 1064
f 1027 1018 1076
f 1075 1060 1077
f 1080 1061 1075
f 1061 1060 1075
f 1077 1060 1059
f 1028 1027 1076
f 1052 1013 1053
f 1052 1051 1154
f 1164 1044 1043
f 1163 1131 1130
f 1131 1163 1132
f 1132 1163 1168
f 1043 1019 1164
f 1166 1134 1133
f 1168 1166 1133
f 1135 1134 1166
f 1132 1168 1133
f 1135 1166 1021
f 1043 1042 1019
f 1167 1019 1042
f 1167 1042 1041
f 1041 1040 1021
f 1021 1167 1041
f 1040 1039 1021
f 1023 1039 1038
f 1039 1023 1021
f 1037 1036 1024
f 1037 1171 1038
f 1021 1136 1135
f 1130 1165 1163
f 1137 1021 1138
f 1139 1138 1023
f 1138 1021 1023
f 1140 1139 1023
f 1023 1038 1171
f 1023 1169 1141
f 1143 1142 1169
f 1141 1169 1142
f 1140 1023 1141
f 1143 1169 1172
f 1035 1173 1036
f 1173 1024 1036
f 1173 1035 1025
f 1024 1171 1037
f 1170 1145 1172
f 1144 1172 1145
f 1146 1145 1170
f 1174 1147 1170
f 1146 1170 1147
f 1148 1147 1174
f 1172 1144 1143
f 1137 1136 1021
f 1099 1031 1030
f 1029 1028 1020
f 1030 1029 1099
f 1029 1022 1099
f 1099 1100 1031
f 1092 1033 1100
f 1033 1032 1100
f 1103 1101 1104
f 1032 1031 1100
f 1108 1074 1109
f 1077 1109 1074
f 1074 1108 1107
f 1022 1020 1074
f 1059 1109 1077
f 1105 1104 1022
f 1101 1022 1104
f 1107 1106 1022
f 1105 1022 1106
f 1074 1107 1022
f 1022 1029 1020
f 1034 1033 1025
f 1020 1028 1076
f 1094 1153 1152
f 1153 1094 1091
f 1151 1093 1094
f 1092 1100 1026
f 1093 1150 1149
f 1094 1152 1151
f 1151 1150 1093
f 1174 1093 1149
f 1025 1035 1034
f 1102 1090 1103
f 1090 1101 1103
f 1090 1102 1095
f 1098 1087 1097
f 1091 1097 1087
f 1153 1091 1087
f 1088 1087 1098
f 1095 1089 1098
f 1088 1098 1089
f 1102 1089 1095
f 1025 1033 1092
f 1148 1174 1149
f 1185 1472 1475 1473
f 1473 1475 1474 1176
f 1473 1186 1185
f 1177 1473 1176
f 1186 1473 1177
f 1187 1186 1177 1178
f 1188 1187 1178 1179
f 1189 1188 1179 1180
f 1190 1189 1180 1181
f 1602 1181 1182
f 1190 1602 1191
f 1181 1602 1190
f 1603 1602 1182 1601
f 1600 1191 1602 1603
f 1195 1194 1185 1186
f 1196 1195 1186 1187
f 1197 1196 1187 1188
f 1198 1197 1188 1189
f 1199 1198 1189 1190
f 1200 1199 1190 1191
f 1203 1476 1479 1477
f 1477 1479 1478 1194
f 1477 1204 1203
f 1195 1477 1194
f 1204 1477 1195
f 1205 1204 1195 1196
f 1206 1205 1196 1197
f 1207 1206 1197 1198
f 1208 1207 1198 1199
f 1598 1199 1200
f 1208 1598 1209
f 1199 1598 1208
f 1599 1598 1200 1597
f 1596 1209 1598 1599
f 1213 1212 1203 1204
f 1214 1213 1204 1205
f 1215 1214 1205 1206
f 1216 1215 1206 1207
f 1217 1216 1207 1208
f 1218 1217 1208 1209
f 1222 1221 1212 1213
f 1223 1222 1213 1214
f 1224 1223 1214 1215
f 1225 1224 1215 1216
f 1226 1225 1216 1217
f 1594 1217 1218
f 1226 1594 1227
f 1217 1594 1226
f 1595 1594 1218 1593
f 1590 1227 1594 1595
f 1231 1230 1221 1222
f 1232 1231 1222 1223
f 1233 1232 1223 1224
f 1234 1233 1224 1225
f 1235 1234 1225 1226
f 1591 1226 1227
f 1235 1591 1236
f 1226 1591 1235
f 1592 1591 1227 1590
f 1587 1236 1591 1592
f 1240 1239 1230 1231
f 1241 1240 1231 1232
f 1242 1241 1232 1233
f 1243 1242 1233 1234
f 1244 1243 1234 1235
f 1588 1235 1236
f 1244 1588 1245
f 1235 1588 1244
f 1589 1588 1236 1587
f 1584 1245 1588 1589
f 1248 1480 1483 1481
f 1481 1483 1482 1239
f 1481 1249 1248
f 1240 1481 1239
f 1249 1481 1240
f 1250 1249 1240 1241
f 1251 1250 1241 1242
f 1252 1251 1242 1243
f 1253 1252 1243 1244
f 1585 1244 1245
f 1253 1585 1254
f 1244 1585 1253
f 1586 1585 1245 1584
f 1583 1254 1585 1586
f 1257 1484 1486 1485
f 1485 1486 1480 1248
f 1485 1258 1257
f 1249 1485 1248
f 1258 1485 1249
f 1259 1258 1249 1250
f 1260 1259 1250 1251
f 1261 1260 1251 1252
f 1262 1261 1252 1253
f 1263 1262 1253 1254
f 1267 1266 1257 1258
f 1268 1267 1258 1259
f 1269 1268 1259 1260
f 1270 1269 1260 1261
f 1271 1270 1261 1262
f 1581 1262 1263
f 1271 1581 1272
f 1262 1581 1271
f 1582 1581 1263 1580
f 1577 1272 1581 1582
f 1275 1487 1490 1488
f 1488 1490 1489 1266
f 1488 1276 1275
f 1267 1488 1266
f 1276 1488 1267
f 1277 1276 1267 1268
f 1278 1277 1268 1269
f 1279 1278 1269 1270
f 1280 1279 1270 1271
f 1578 1271 1272
f 1280 1578 1281
f 1271 1578 1280
f 1579 1578 1272 1577
f 1574 1281 1578 1579
f 1284 1491 1493 1492
f 1492 1493 1487 1275
f 1492 1285 1284
f 1276 1492 1275
f 1285 1492 1276
f 1286 1285 1276 1277
f 1287 1286 1277 1278
f 1288 1287 1278 1279
f 1289 1288 1279 1280
f 1575 1280 1281
f 1289 1575 1290
f 1280 1575 1289
f 1576 1575 1281 1574
f 1573 1290 1575 1576
f 1294 1293 1284 1285
f 1295 1294 1285 1286
f 1296 1295 1286 1287
f 1297 1296 1287 1288
f 1298 1297 1288 1289
f 1299 1298 1289 1290
f 1302 1494 1497 1495
f 1495 1497 1496 1293
f 1495 1303 1302
f 1294 1495 1293
f 1303 1495 1294
f 1304 1303 1294 1295
f 1305 1304 1295 1296
f 1306 1305 1296 1297
f 1307 1306 1297 1298
f 1571 1298 1299
f 1307 1571 1308
f 1298 1571 1307
f 1572 1571 1299 1570
f 1569 1308 1571 1572
f 1312 1311 1302 1303
f 1313 1312 1303 1304
f 1314 1313 1304 1305
f 1315 1314 1305 1306
f 1316 1315 1306 1307
f 1317 1316 1307 1308
f 1320 1498 1501 1499
f 1499 1501 1500 1311
f 1499 1321 1320
f 1312 1499 1311
f 1321 1499 1312
f 1322 1321 1312 1313
f 1323 1322 1313 1314
f 1324 1323 1314 1315
f 1325 1324 1315 1316
f 1567 1316 1317
f 1325 1567 1326
f 1316 1567 1325
f 1568 1567 1317 1566
f 1563 1326 1567 1568
f 1329 1502 1504 1503
f 1503 1504 1498 1320
f 1503 1330 1329
f 1321 1503 1320
f 1330 1503 1321
f 1331 1330 1321 1322
f 1332 1331 1322 1323
f 1333 1332 1323 1324
f 1334 1333 1324 1325
f 1564 1325 1326
f 1334 1564 1335
f 1325 1564 1334
f 1565 1564 1326 1563
f 1562 1335 1564 1565
f 1339 1338 1329 1330
f 1340 1339 1330 1331
f 1341 1340 1331 1332
f 1342 1341 1332 1333
f 1343 1342 1333 1334
f 1344 1343 1334 1335
f 1347 1505 1508 1506
f 1506 1508 1507 1338
f 1506 1348 1347
f 1339 1506 1338
f 1348 1506 1339
f 1349 1348 1339 1340
f 1350 1349 1340 1341
f 1351 1350 1341 1342
f 1352 1351 1342 1343
f 1560 1343 1344
f 1352 1560 1353
f 1343 1560 1352
f 1561 1560 1344 1559
f 1558 1353 1560 1561
f 1357 1356 1347 1348
f 1358 1357 1348 1349
f 1359 1358 1349 1350
f 1360 1359 1350 1351
f 1361 1360 1351 1352
f 1362 1361 1352 1353
f 1365 1509 1512 1510
f 1510 1512 1511 1356
f 1510 1366 1365
f 1357 1510 1356
f 1366 1510 1357
f 1367 1366 1357 1358
f 1368 1367 1358 1359
f 1369 1368 1359 1360
f 1370 1369 1360 1361
f 1556 1361 1362
f 1370 1556 1371
f 1361 1556 1370
f 1557 1556 1362 1555
f 1552 1371 1556 1557
f 1374 1513 1515 1514
f 1514 1515 1509 1365
f 1514 1375 1374
f 1366 1514 1365
f 1375 1514 1366
f 1376 1375 1366 1367
f 1377 1376 1367 1368
f 1378 1377 1368 1369
f 1379 1378 1369 1370
f 1553 1370 1371
f 1379 1553 1380
f 1370 1553 1379
f 1554 1553 1371 1552
f 1549 1380 1553 1554
f 1384 1383 1374 1375
f 1385 1384 1375 1376
f 1386 1385 1376 1377
f 1387 1386 1377 1378
f 1388 1387 1378 1379
f 1550 1379 1380
f 1388 1550 1389
f 1379 1550 1388
f 1551 1550 1380 1549
f 1546 1389 1550 1551
f 1392 1516 1519 1517
f 1517 1519 1518 1383
f 1517 1393 1392
f 1384 1517 1383
f 1393 1517 1384
f 1394 1393 1384 1385
f 1395 1394 1385 1386
f 1396 1395 1386 1387
f 1397 1396 1387 1388
f 1547 1388 1389
f 1397 1547 1398
f 1388 1547 1397
f 1548 1547 1389 1546
f 1545 1398 1547 1548
f 1401 1520 1522 1521
f 1521 1522 1516 1392
f 1521 1402 1401
f 1393 1521 1392
f 1402 1521 1393
f 1403 1402 1393 1394
f 1404 1403 1394 1395
f 1405 1404 1395 1396
f 1406 1405 1396 1397
f 1407 1406 1397 1398
f 1411 1410 1401 1402
f 1412 1411 1402 1403
f 1413 1412 1403 1404
f 1414 1413 1404 1405
f 1415 1414 1405 1406
f 1543 1406 1407
f 1415 1543 1416
f 1406 1543 1415
f 1544 1543 1407 1542
f 1539 1416 1543 1544
f 1420 1419 1410 1411
f 1421 1420 1411 1412
f 1422 1421 1412 1413
f 1423 1422 1413 1414
f 1424 1423 1414 1415
f 1540 1415 1416
f 1424 1540 1425
f 1415 1540 1424
f 1541 1540 1416 1539
f 1536 1425 1540 1541
f 1429 1428 1419 1420
f 1430 1429 1420 1421
f 1431 1430 1421 1422
f 1432 1431 1422 1423
f 1433 1432 1423 1424
f 1537 1424 1425
f 1433 1537 1434
f 1424 1537 1433
f 1538 1537 1425 1536
f 1535 1434 1537 1538
f 1438 1437 1428 1429
f 1439 1438 1429 1430
f 1440 1439 1430 1431
f 1441 1440 1431 1432
f 1442 1441 1432 1433
f 1443 1442 1433 1434
f 1447 1446 1437 1438
f 1448 1447 1438 1439
f 1449 1448 1439 1440
f 1450 1449 1440 1441
f 1451 1450 1441 1442
f 1533 1442 1443
f 1451 1533 1452
f 1442 1533 1451
f 1534 1533 1443 1532
f 1531 1452 1533 1534
f 1456 1455 1446 1447
f 1457 1456 1447 1448
f 1458 1457 1448 1449
f 1459 1458 1449 1450
f 1460 1459 1450 1451
f 1461 1460 1451 1452
f 1464 1523 1526 1524
f 1524 1526 1525 1455
f 1524 1465 1464
f 1456 1524 1455
f 1465 1524 1456
f 1466 1465 1456 1457
f 1467 1466 1457 1458
f 1468 1467 1458 1459
f 1469 1468 1459 1460
f 1529 1460 1461
f 1469 1529 1470
f 1460 1529 1469
f 1530 1529 1461 1528
f 1527 1470 1529 1530
f 1475 1184 1175
f 1472 1478 1193 1184
f 1175 1474 1475
f 1184 1475 1472
f 1193 1478 1479 1202
f 1211 1202 1476
f 1229 1220 1221 1230
f 1238 1229 1482
f 1220 1211 1212 1221
f 1247 1238 1483
f 1202 1479 1476
f 1478 1472 1185 1194
f 1212 1476 1203
f 1238 1482 1483
f 1212 1211 1476
f 1482 1230 1239
f 1229 1230 1482
f 1483 1480 1247
f 1486 1247 1480
f 1256 1247 1486
f 1265 1256 1484 1489
f 1256 1486 1484
f 1489 1484 1257 1266
f 1489 1490 1265
f 1493 1274 1487
f 1283 1274 1493
f 1487 1274 1490
f 1301 1292 1497
f 1292 1283 1491 1496
f 1310 1301 1494 1500
f 1265 1490 1274
f 1283 1493 1491
f 1284 1293 1496 1491
f 1301 1497 1494
f 1500 1494 1302 1311
f 1501 1310 1500
f 1497 1292 1496
f 1501 1319 1310
f 1600 1597 1200 1191
f 1183 1603 1601
f 1597 1600 1192 1201
f 1201 1599 1597
f 1192 1600 1603
f 1218 1209 1596 1593
f 1593 1596 1210 1219
f 1228 1590 1595
f 1219 1595 1593
f 1210 1596 1599
f 1192 1603 1183
f 1228 1595 1219
f 1201 1210 1599
f 1237 1587 1592
f 1237 1589 1587
f 1237 1246 1589
f 1584 1589 1246
f 1255 1586 1246
f 1584 1246 1586
f 1228 1237 1592
f 1590 1228 1592
f 1263 1254 1583 1580
f 1580 1583 1255 1264
f 1273 1577 1582
f 1273 1579 1577
f 1264 1582 1580
f 1573 1570 1299 1290
f 1282 1576 1574
f 1317 1308 1569 1566
f 1291 1573 1576
f 1282 1574 1579
f 1291 1300 1570 1573
f 1264 1273 1582
f 1282 1579 1273
f 1291 1576 1282
f 1309 1569 1572
f 1566 1569 1309 1318
f 1309 1572 1300
f 1327 1568 1318
f 1566 1318 1568
f 1570 1300 1572
f 1586 1255 1583
f 1504 1328 1319
f 1502 1507 1337 1328
f 1319 1498 1504
f 1328 1504 1502
f 1501 1498 1319
f 1505 1511 1355 1346
f 1507 1508 1337
f 1373 1364 1515
f 1346 1508 1505
f 1355 1511 1512 1364
f 1346 1337 1508
f 1507 1502 1329 1338
f 1344 1335 1562 1559
f 1364 1512 1509
f 1374 1383 1518 1513
f 1513 1373 1515
f 1515 1364 1509
f 1511 1505 1347 1356
f 1513 1518 1382 1373
f 1519 1391 1382
f 1522 1391 1516
f 1382 1518 1519
f 1391 1519 1516
f 1400 1391 1522
f 1409 1400 1520
f 1418 1409 1410 1419
f 1436 1427 1428 1437
f 1454 1445 1525
f 1445 1436 1437 1446
f 1427 1418 1419 1428
f 1463 1454 1526
f 1400 1522 1520
f 1520 1401 1410
f 1409 1520 1410
f 1454 1525 1526
f 1463 1526 1523
f 1525 1446 1455
f 1525 1445 1446
f 1327 1565 1563
f 1336 1562 1565
f 1345 1561 1559
f 1354 1558 1561
f 1559 1562 1336 1345
f 1362 1353 1558 1555
f 1372 1552 1557
f 1381 1549 1554
f 1372 1554 1552
f 1363 1557 1555
f 1555 1558 1354 1363
f 1336 1565 1327
f 1372 1557 1363
f 1345 1354 1561
f 1390 1546 1551
f 1390 1548 1546
f 1390 1551 1381
f 1548 1390 1399
f 1399 1408 1542 1545
f 1548 1399 1545
f 1554 1372 1381
f 1551 1549 1381
f 1545 1542 1407 1398
f 1568 1327 1563
f 1408 1544 1542
f 1417 1541 1539
f 1426 1536 1541
f 1417 1539 1544
f 1443 1434 1535 1532
f 1435 1535 1538
f 1461 1452 1531 1528
f 1532 1535 1435 1444
f 1426 1538 1536
f 1408 1417 1544
f 1534 1532 1444
f 1417 1426 1541
f 1435 1538 1426
f 1444 1453 1534
f 1528 1531 1453 1462
f 1462 1530 1528
f 1530 1462 1471
f 1530 1471 1527
f 1534 1453 1531
f 2017 2010 1607
f 2011 2012 2017
f 1607 2011 2017
f 2012 2014 2015 2013
f 2010 2017 2018 2016
f 2017 2012 2013 2018
f 2986 2920 2988
f 2971 1610 2986
f 2988 2971 2986
f 2971 2988 2987 1609
f 1612 2583 2922 2921
f 2923 1611 2939
f 2939 2921 2922
f 2922 2919 2923
f 2923 2939 2922
f 2587 2585 2584 2586
f 2580 2587 2586 2574
f 2585 2589 2588 2584
f 2586 2584 2583
f 1612 2574 2586
f 2583 1612 2586
f 1614 2020 2021 2019
f 2020 1607 2010 2021
f 2020 1614 1615
f 1608 1607 2020
f 1615 1608 2020
f 2972 1609 1608
f 1615 1616 2972
f 1608 1615 2972
f 2978 2970 2983
f 2980 1617 2978
f 2983 2980 2978
f 2970 2925 2981 2983
f 2983 2981 2973 2982
f 2980 2983 2982 2967
f 2981 2925 2985
f 2985 1610 2971
f 2971 2973 2981
f 2981 2985 2971
f 2973 2971 1609 2972
f 2982 2973 2972
f 1616 2967 2982
f 2972 1616 2982
f 1618 2950 2951 2949
f 2950 2933 2941 2951
f 2933 2942 2943 2941
f 2942 2924 2929 2943
f 2924 2930 2932 2929
f 2930 2926 2931 2932
f 2975 2974 2979
f 2976 2963 2975
f 2979 2976 2975
f 2979 2977 2970 2978
f 2976 2979 2978 1617
f 2945 2927 1619
f 2575 2928 2945
f 1619 2575 2945
f 2938 2928 2575
f 1612 2921 2938
f 2575 1612 2938
f 2928 2938 2940 2937
f 2938 2921 2939 2940
f 2940 2939 1611 2926
f 2930 2924 2937
f 2940 2926 2930
f 2937 2940 2930
f 2927 2945 2946 2944
f 2945 2928 2937 2946
f 2942 2933 2946
f 2937 2924 2942
f 2946 2937 2942
f 2950 1618 2944
f 2946 2933 2950
f 2944 2946 2950
f 2579 2577 2576 2578
f 2571 2579 2578 2565
f 2582 2580 2574 2581
f 2577 2582 2581 2576
f 2581 2574 1612
f 2575 2576 2581
f 1612 2575 2581
f 2578 2576 2575
f 1619 2565 2578
f 2575 1619 2578
f 2030 2022 1621
f 2023 2024 2030
f 1621 2023 2030
f 2026 2024 2023
f 1614 2019 2026
f 2023 1614 2026
f 2024 2026 2028 2025
f 2026 2019 2027 2028
f 2022 2030 2031 2029
f 2030 2024 2025 2031
f 2023 1621 1622
f 1615 1614 2023
f 1622 1615 2023
f 2968 1616 1615
f 1622 1623 2968
f 1615 1622 2968
f 1624 2936 2969 2966
f 2964 1617 2980
f 2980 2967 2969
f 2969 2936 2964
f 2964 2980 2969
f 2969 2967 1616 2968
f 2966 2969 2968 1623
f 1625 2955 2957 2954
f 2955 2935 2952 2957
f 2954 2957 2956 2934
f 2984 2963 2976
f 2976 1617 2964
f 2964 2965 2984
f 2984 2976 2964
f 2962 2965 2964 2936
f 1626 2566 2948 2947
f 2566 1619 2927 2948
f 2944 1618 2953
f 2953 2935 2948
f 2948 2927 2944
f 2944 2953 2948
f 2955 1625 2947
f 2948 2935 2955
f 2947 2948 2955
f 2570 2568 2567 2569
f 2562 2570 2569 2556
f 2573 2571 2565 2572
f 2568 2573 2572 2567
f 2572 2565 1619
f 2566 2567 2572
f 1619 2566 2572
f 2569 2567 2566
f 1626 2556 2569
f 2566 1626 2569
f 1628 2033 2034 2032
f 2033 1621 2022 2034
f 2033 1628 1629
f 1622 1621 2033
f 1629 1622 2033
f 1630 1623 1622 1629
f 2960 1624 2966
f 2966 1623 1630
f 1630 1631 2960
f 2960 2966 1630
f 1632 2959 2961 2958
f 2954 2934 2961
f 2959 1625 2954
f 2961 2959 2954
f 2961 2934 1624 2960
f 2958 2961 2960 1631
f 2959 2557 2947
f 2557 1626 2947
f 2947 1625 2959
f 2959 1632 1633 2557
f 2561 2559 2558 2560
f 2553 2561 2560 2547
f 2564 2562 2556 2563
f 2559 2564 2563 2558
f 2563 2556 1626
f 2557 2558 2563
f 1626 2557 2563
f 2560 2558 2557
f 1633 2547 2560
f 2557 1633 2560
f 2043 2035 1635
f 2036 2037 2043
f 1635 2036 2043
f 2039 2037 2036
f 1628 2032 2039
f 2036 1628 2039
f 2037 2039 2041 2038
f 2039 2032 2040 2041
f 2035 2043 2044 2042
f 2043 2037 2038 2044
f 2036 1635 1636
f 1629 1628 2036
f 1636 1629 2036
f 1637 1630 1629 1636
f 1638 1631 1630 1637
f 2958 1631 1638
f 1639 1632 2958
f 1638 1639 2958
f 2548 1633 1632
f 1639 1640 2548
f 1632 1639 2548
f 2552 2550 2549 2551
f 2544 2552 2551 2538
f 2555 2553 2547 2554
f 2550 2555 2554 2549
f 2554 2547 1633
f 2548 2549 2554
f 1633 2548 2554
f 2551 2549 2548
f 1640 2538 2551
f 2548 1640 2551
f 1642 2046 2047 2045
f 2046 1635 2035 2047
f 2046 1642 1643
f 1636 1635 2046
f 1643 1636 2046
f 1644 1637 1636 1643
f 1645 1638 1637 1644
f 1646 1639 1638 1645
f 2539 1640 1639
f 1646 1647 2539
f 1639 1646 2539
f 2543 2541 2540 2542
f 2535 2543 2542 2529
f 2546 2544 2538 2545
f 2541 2546 2545 2540
f 2545 2538 1640
f 2539 2540 2545
f 1640 2539 2545
f 2542 2540 2539
f 1647 2529 2542
f 2539 1647 2542
f 2056 2048 1649
f 2049 2050 2056
f 1649 2049 2056
f 2052 2050 2049
f 1642 2045 2052
f 2049 1642 2052
f 2050 2052 2054 2051
f 2052 2045 2053 2054
f 2048 2056 2057 2055
f 2056 2050 2051 2057
f 2049 1649 1650
f 1643 1642 2049
f 1650 1643 2049
f 1651 1644 1643 1650
f 1652 1645 1644 1651
f 1653 1646 1645 1652
f 2530 1647 1646
f 1653 1654 2530
f 1646 1653 2530
f 2534 2532 2531 2533
f 2526 2534 2533 2520
f 2537 2535 2529 2536
f 2532 2537 2536 2531
f 2536 2529 1647
f 2530 2531 2536
f 1647 2530 2536
f 2533 2531 2530
f 1654 2520 2533
f 2530 1654 2533
f 1656 2059 2060 2058
f 2059 1649 2048 2060
f 2059 1656 1657
f 1650 1649 2059
f 1657 1650 2059
f 1658 1651 1650 1657
f 1659 1652 1651 1658
f 1660 1653 1652 1659
f 2521 1654 1653
f 1660 1661 2521
f 1653 1660 2521
f 2525 2523 2522 2524
f 2517 2525 2524 2511
f 2528 2526 2520 2527
f 2523 2528 2527 2522
f 2527 2520 1654
f 2521 2522 2527
f 1654 2521 2527
f 2524 2522 2521
f 1661 2511 2524
f 2521 1661 2524
f 2069 2061 1663
f 2062 2063 2069
f 1663 2062 2069
f 2065 2063 2062
f 1656 2058 2065
f 2062 1656 2065
f 2063 2065 2067 2064
f 2065 2058 2066 2067
f 2061 2069 2070 2068
f 2069 2063 2064 2070
f 2062 1663 1664
f 1657 1656 2062
f 1664 1657 2062
f 1665 1658 1657 1664
f 1666 1659 1658 1665
f 1667 1660 1659 1666
f 2512 1661 1660
f 1667 1668 2512
f 1660 1667 2512
f 2516 2514 2513 2515
f 2508 2516 2515 2502
f 2519 2517 2511 2518
f 2514 2519 2518 2513
f 2518 2511 1661
f 2512 2513 2518
f 1661 2512 2518
f 2515 2513 2512
f 1668 2502 2515
f 2512 1668 2515
f 2075 2071 1670
f 2072 2073 2075
f 1670 2072 2075
f 2072 1663 2061 2073
f 2071 2075 2077 2074
f 2075 2073 2076 2077
f 2072 1670 1671
f 1664 1663 2072
f 1671 1664 2072
f 1672 1665 1664 1671
f 1673 1666 1665 1672
f 1674 1667 1666 1673
f 2503 1668 1667
f 1674 1675 2503
f 1667 1674 2503
f 2507 2505 2504 2506
f 2499 2507 2506 2493
f 2510 2508 2502 2509
f 2505 2510 2509 2504
f 2509 2502 1668
f 2503 2504 2509
f 1668 2503 2509
f 2506 2504 2503
f 1675 2493 2506
f 2503 1675 2506
f 1677 2079 2080 2078
f 2079 1670 2071 2080
f 2079 1677 1678
f 1671 1670 2079
f 1678 1671 2079
f 1679 1672 1671 1678
f 1680 1673 1672 1679
f 1681 1674 1673 1680
f 2494 1675 1674
f 1681 1682 2494
f 1674 1681 2494
f 2498 2496 2495 2497
f 2490 2498 2497 2484
f 2501 2499 2493 2500
f 2496 2501 2500 2495
f 2500 2493 1675
f 2494 2495 2500
f 1675 2494 2500
f 2497 2495 2494
f 1682 2484 2497
f 2494 1682 2497
f 1684 2082 2083 2081
f 2085 2083 2082
f 1677 2078 2085
f 2082 1677 2085
f 2083 2085 2087 2084
f 2085 2078 2086 2087
f 2082 1684 1685
f 1678 1677 2082
f 1685 1678 2082
f 1686 1679 1678 1685
f 1687 1680 1679 1686
f 1688 1681 1680 1687
f 2485 1682 1681
f 1688 1689 2485
f 1681 1688 2485
f 2489 2487 2486 2488
f 2481 2489 2488 2475
f 2492 2490 2484 2491
f 2487 2492 2491 2486
f 2491 2484 1682
f 2485 2486 2491
f 1682 2485 2491
f 2488 2486 2485
f 1689 2475 2488
f 2485 1689 2488
f 2106 2088 1691
f 2089 2090 2106
f 1691 2089 2106
f 2092 2090 2089
f 1684 2081 2092
f 2089 1684 2092
f 2090 2092 2094 2091
f 2092 2081 2093 2094
f 2088 2106 2107 2100
f 2106 2090 2091 2107
f 2089 1691 1692
f 1685 1684 2089
f 1692 1685 2089
f 1693 1686 1685 1692
f 1694 1687 1686 1693
f 1695 1688 1687 1694
f 2476 1689 1688
f 1695 1696 2476
f 1688 1695 2476
f 2480 2478 2477 2479
f 2472 2480 2479 2466
f 2483 2481 2475 2482
f 2478 2483 2482 2477
f 2482 2475 1689
f 2476 2477 2482
f 1689 2476 2482
f 2479 2477 2476
f 1696 2466 2479
f 2476 1696 2479
f 2111 2095 1697
f 2096 2097 2111
f 1697 2096 2111
f 2099 2097 2096
f 1691 2088 2099
f 2096 1691 2099
f 2109 2098 2097
f 2099 2101 2109
f 2097 2099 2109
f 2103 2101 2099
f 2088 2100 2103
f 2099 2088 2103
f 2101 2103 2105 2102
f 2103 2100 2104 2105
f 2098 2109 2110 2108
f 2109 2101 2102 2110
f 2111 2097 2098 2112
f 2096 1697 1698
f 1692 1691 2096
f 1698 1692 2096
f 1699 1693 1692 1698
f 1700 1694 1693 1699
f 1701 1695 1694 1700
f 2467 1696 1695
f 1701 1702 2467
f 1695 1701 2467
f 2471 2469 2468 2470
f 2463 2471 2470 2456
f 2474 2472 2466 2473
f 2469 2474 2473 2468
f 2473 2466 1696
f 2467 2468 2473
f 1696 2467 2473
f 2470 2468 2467
f 1702 2456 2470
f 2467 1702 2470
f 2113 1697 2095 2114
f 2113 1703 2624
f 2624 1704 1698
f 1698 1697 2113
f 2113 2624 1698
f 1705 1699 1698 1704
f 1706 1700 1699 1705
f 1707 1701 1700 1706
f 2457 1702 1701
f 1707 1708 2457
f 1701 1707 2457
f 2462 2460 2458 2461
f 2459 2462 2461 2453
f 2465 2463 2456 2464
f 2460 2465 2464 2458
f 2464 2456 1702
f 2457 2458 2464
f 1702 2457 2464
f 2461 2458 2457
f 1708 2453 2461
f 2457 1708 2461
f 2626 2617 2618 2627
f 2617 2619 2621 2618
f 2619 1703 2620 2621
f 1710 2623 2625 2622
f 2623 1704 2624 2625
f 2619 2617 2625
f 2624 1703 2619
f 2625 2624 2619
f 2626 1709 2622
f 2625 2617 2626
f 2622 2625 2626
f 2623 1710 1711
f 1705 1704 2623
f 1711 1705 2623
f 1712 1706 1705 1711
f 1713 1707 1706 1712
f 2454 1708 1707
f 1713 1714 2454
f 1707 1713 2454
f 2455 2453 1708 2454
f 2450 2455 2454 1714
f 1716 1711 1710 1715
f 1717 1712 1711 1716
f 1718 1713 1712 1717
f 2451 1714 1713
f 1718 1719 2451
f 1713 1718 2451
f 2452 2450 1714 2451
f 2447 2452 2451 1719
f 1721 1716 1715 1720
f 1722 1717 1716 1721
f 1723 1718 1717 1722
f 2448 1719 1718
f 1723 1724 2448
f 1718 1723 2448
f 2449 2447 1719 2448
f 2444 2449 2448 1724
f 1725 2629 2631 2628
f 2629 1720 2630 2631
f 2629 1725 1726
f 1721 1720 2629
f 1726 1721 2629
f 1727 1722 1721 1726
f 1728 1723 1722 1727
f 2445 1724 1723
f 1728 1729 2445
f 1723 1728 2445
f 2446 2444 1724 2445
f 2441 2446 2445 1729
f 2632 1731 1732
f 1726 1725 2632
f 1732 1726 2632
f 1733 1727 1726 1732
f 1734 1728 1727 1733
f 2442 1729 1728
f 1734 1735 2442
f 1728 1734 2442
f 2443 2441 1729 2442
f 2438 2443 2442 1735
f 2633 1737 1738
f 1732 1731 2633
f 1738 1732 2633
f 1739 1733 1732 1738
f 1740 1734 1733 1739
f 2439 1735 1734
f 1740 1741 2439
f 1734 1740 2439
f 2440 2438 1735 2439
f 2435 2440 2439 1741
f 2634 1743 2637
f 2637 1744 1738
f 1738 1737 2634
f 2634 2637 1738
f 1745 1739 1738 1744
f 1746 1740 1739 1745
f 2436 1741 1740
f 1746 1747 2436
f 1740 1746 2436
f 2437 2435 1741 2436
f 2432 2437 2436 1747
f 1749 2636 2638 2635
f 2636 1744 2637 2638
f 2636 1749 1750
f 1745 1744 2636
f 1750 1745 2636
f 1751 1746 1745 1750
f 2433 1747 1746
f 1751 1752 2433
f 1746 1751 2433
f 2434 2432 1747 2433
f 2429 2434 2433 1752
f 2671 2674 2676 2673
f 2674 2672 2675 2676
f 1754 2640 2641 2639
f 2643 2641 2640
f 1749 2635 2643
f 2640 1749 2643
f 2641 2643 2645 2642
f 2643 2635 2644 2645
f 2640 1754 1755
f 1750 1749 2640
f 1755 1750 2640
f 1756 1751 1750 1755
f 2430 1752 1751
f 1756 1757 2430
f 1751 1756 2430
f 2431 2429 1752 2430
f 2426 2431 2430 1757
f 2654 2646 1759
f 2647 2648 2654
f 1759 2647 2654
f 2650 2648 2647
f 1754 2639 2650
f 2647 1754 2650
f 2648 2650 2652 2649
f 2650 2639 2651 2652
f 2646 2654 2655 2653
f 2654 2648 2649 2655
f 2647 1759 1760
f 1755 1754 2647
f 1760 1755 2647
f 1761 1756 1755 1760
f 2427 1757 1756
f 1761 1762 2427
f 1756 1761 2427
f 2428 2426 1757 2427
f 2423 2428 2427 1762
f 2679 2681 2683 2680
f 2681 2677 2682 2683
f 2678 2685 2686 2684
f 2685 2679 2680 2686
f 2663 2656 1765
f 2657 2658 2663
f 1765 2657 2663
f 2660 2658 2657
f 1759 2646 2660
f 2657 1759 2660
f 2658 2660 2661 2659
f 2660 2646 2653 2661
f 2656 2663 2664 2662
f 2663 2658 2659 2664
f 2657 1765 1766
f 1760 1759 2657
f 1766 1760 2657
f 1767 1761 1760 1766
f 2424 1762 1761
f 1767 1768 2424
f 1761 1767 2424
f 2425 2423 1762 2424
f 2420 2425 2424 1768
f 1770 2670 2688 2687
f 2670 1764 2678 2688
f 1772 2666 2668 2665
f 2666 1765 2656 2668
f 2665 2668 2667 1771
f 2666 1772 1773
f 1766 1765 2666
f 1773 1766 2666
f 1774 1767 1766 1773
f 2421 1768 1767
f 1774 1775 2421
f 1767 1774 2421
f 2422 2420 1768 2421
f 2417 2422 2421 1775
f 2669 1770 1777
f 1778 1771 2669
f 1777 1778 2669
f 2665 1771 1778
f 1779 1772 2665
f 1778 1779 2665
f 1780 1773 1772 1779
f 1781 1774 1773 1780
f 2418 1775 1774
f 1781 1782 2418
f 1774 1781 2418
f 2419 2417 1775 2418
f 2414 2419 2418 1782
f 1784 2690 2692 2689
f 2690 1777 2691 2692
f 2690 1784 1785
f 1778 1777 2690
f 1785 1778 2690
f 1786 1779 1778 1785
f 1787 1780 1779 1786
f 1788 1781 1780 1787
f 2415 1782 1781
f 1788 1789 2415
f 1781 1788 2415
f 2416 2414 1782 2415
f 2411 2416 2415 1789
f 1791 2694 2695 2693
f 2694 1784 2689 2695
f 2694 1791 1792
f 1785 1784 2694
f 1792 1785 2694
f 1793 1786 1785 1792
f 1794 1787 1786 1793
f 1795 1788 1787 1794
f 2412 1789 1788
f 1795 1796 2412
f 1788 1795 2412
f 2413 2411 1789 2412
f 2408 2413 2412 1796
f 2704 2696 1798
f 2697 2698 2704
f 1798 2697 2704
f 2700 2698 2697
f 1791 2693 2700
f 2697 1791 2700
f 2698 2700 2702 2699
f 2700 2693 2701 2702
f 2696 2704 2705 2703
f 2704 2698 2699 2705
f 2697 1798 1799
f 1792 1791 2697
f 1799 1792 2697
f 1800 1793 1792 1799
f 1801 1794 1793 1800
f 1802 1795 1794 1801
f 2409 1796 1795
f 1802 1803 2409
f 1795 1802 2409
f 2410 2408 1796 2409
f 2405 2410 2409 1803
f 1805 2707 2708 2706
f 2707 1798 2696 2708
f 2707 1805 1806
f 1799 1798 2707
f 1806 1799 2707
f 1807 1800 1799 1806
f 1808 1801 1800 1807
f 1809 1802 1801 1808
f 2406 1803 1802
f 1809 1810 2406
f 1802 1809 2406
f 2407 2405 1803 2406
f 2402 2407 2406 1810
f 1812 2710 2711 2709
f 2710 1805 2706 2711
f 2710 1812 1813
f 1806 1805 2710
f 1813 1806 2710
f 1814 1807 1806 1813
f 1815 1808 1807 1814
f 1816 1809 1808 1815
f 2403 1810 1809
f 1816 1817 2403
f 1809 1816 2403
f 2404 2402 1810 2403
f 2399 2404 2403 1817
f 1819 2713 2714 2712
f 2713 1812 2709 2714
f 2713 1819 1820
f 1813 1812 2713
f 1820 1813 2713
f 1821 1814 1813 1820
f 1822 1815 1814 1821
f 1823 1816 1815 1822
f 2400 1817 1816
f 1823 1824 2400
f 1816 1823 2400
f 2401 2399 1817 2400
f 2396 2401 2400 1824
f 1826 2716 2717 2715
f 2719 2717 2716
f 1819 2712 2719
f 2716 1819 2719
f 2717 2719 2721 2718
f 2719 2712 2720 2721
f 2716 1826 1827
f 1820 1819 2716
f 1827 1820 2716
f 1828 1821 1820 1827
f 1829 1822 1821 1828
f 1830 1823 1822 1829
f 2397 1824 1823
f 1830 1831 2397
f 1823 1830 2397
f 2398 2396 1824 2397
f 2393 2398 2397 1831
f 1833 2723 2724 2722
f 2726 2724 2723
f 1826 2715 2726
f 2723 1826 2726
f 2724 2726 2728 2725
f 2726 2715 2727 2728
f 2723 1833 1834
f 1827 1826 2723
f 1834 1827 2723
f 1835 1828 1827 1834
f 1836 1829 1828 1835
f 1837 1830 1829 1836
f 2394 1831 1830
f 1837 1838 2394
f 1830 1837 2394
f 2395 2393 1831 2394
f 2390 2395 2394 1838
f 2737 2729 1840
f 2730 2731 2737
f 1840 2730 2737
f 2733 2731 2730
f 1833 2722 2733
f 2730 1833 2733
f 2731 2733 2735 2732
f 2733 2722 2734 2735
f 2729 2737 2738 2736
f 2737 2731 2732 2738
f 2730 1840 1841
f 1834 1833 2730
f 1841 1834 2730
f 1842 1835 1834 1841
f 1843 1836 1835 1842
f 1844 1837 1836 1843
f 2391 1838 1837
f 1844 1845 2391
f 1837 1844 2391
f 2392 2390 1838 2391
f 2387 2392 2391 1845
f 2743 2739 1847
f 2740 2741 2743
f 1847 2740 2743
f 2740 1840 2729 2741
f 2739 2743 2745 2742
f 2743 2741 2744 2745
f 2740 1847 1848
f 1841 1840 2740
f 1848 1841 2740
f 1849 1842 1841 1848
f 1850 1843 1842 1849
f 1851 1844 1843 1850
f 2388 1845 1844
f 1851 1852 2388
f 1844 1851 2388
f 2389 2387 1845 2388
f 2384 2389 2388 1852
f 1854 2747 2748 2746
f 2747 1847 2739 2748
f 2747 1854 1855
f 1848 1847 2747
f 1855 1848 2747
f 1856 1849 1848 1855
f 1857 1850 1849 1856
f 1858 1851 1850 1857
f 2385 1852 1851
f 1858 1859 2385
f 1851 1858 2385
f 2386 2384 1852 2385
f 2381 2386 2385 1859
f 1861 2750 2751 2749
f 2753 2751 2750
f 1854 2746 2753
f 2750 1854 2753
f 2751 2753 2755 2752
f 2753 2746 2754 2755
f 2750 1861 1862
f 1855 1854 2750
f 1862 1855 2750
f 1863 1856 1855 1862
f 1864 1857 1856 1863
f 1865 1858 1857 1864
f 2382 1859 1858
f 1865 1866 2382
f 1858 1865 2382
f 2383 2381 1859 2382
f 2378 2383 2382 1866
f 2764 2756 1868
f 2757 2758 2764
f 1868 2757 2764
f 2760 2758 2757
f 1861 2749 2760
f 2757 1861 2760
f 2758 2760 2762 2759
f 2760 2749 2761 2762
f 2756 2764 2765 2763
f 2764 2758 2759 2765
f 2757 1868 1869
f 1862 1861 2757
f 1869 1862 2757
f 1870 1863 1862 1869
f 1871 1864 1863 1870
f 1872 1865 1864 1871
f 2379 1866 1865
f 1872 1873 2379
f 1865 1872 2379
f 2380 2378 1866 2379
f 2375 2380 2379 1873
f 1875 2767 2768 2766
f 2767 1868 2756 2768
f 2767 1875 1876
f 1869 1868 2767
f 1876 1869 2767
f 1877 1870 1869 1876
f 1878 1871 1870 1877
f 1879 1872 1871 1878
f 2376 1873 1872
f 1879 1880 2376
f 1872 1879 2376
f 2377 2375 1873 2376
f 2372 2377 2376 1880
f 1882 2770 2771 2769
f 2773 2771 2770
f 1875 2766 2773
f 2770 1875 2773
f 2771 2773 2775 2772
f 2773 2766 2774 2775
f 2770 1882 1883
f 1876 1875 2770
f 1883 1876 2770
f 1884 1877 1876 1883
f 1885 1878 1877 1884
f 1886 1879 1878 1885
f 2373 1880 1879
f 1886 1887 2373
f 1879 1886 2373
f 2374 2372 1880 2373
f 2369 2374 2373 1887
f 2784 2776 1889
f 2777 2778 2784
f 1889 2777 2784
f 2780 2778 2777
f 1882 2769 2780
f 2777 1882 2780
f 2778 2780 2782 2779
f 2780 2769 2781 2782
f 2776 2784 2785 2783
f 2784 2778 2779 2785
f 2777 1889 1890
f 1883 1882 2777
f 1890 1883 2777
f 1891 1884 1883 1890
f 1892 1885 1884 1891
f 1893 1886 1885 1892
f 2370 1887 1886
f 1893 1894 2370
f 1886 1893 2370
f 2371 2369 1887 2370
f 2366 2371 2370 1894
f 2790 2786 1896
f 2787 2788 2790
f 1896 2787 2790
f 2787 1889 2776 2788
f 2786 2790 2792 2789
f 2790 2788 2791 2792
f 2787 1896 1897
f 1890 1889 2787
f 1897 1890 2787
f 1898 1891 1890 1897
f 1899 1892 1891 1898
f 1900 1893 1892 1899
f 2367 1894 1893
f 1900 1901 2367
f 1893 1900 2367
f 2368 2366 1894 2367
f 2363 2368 2367 1901
f 1903 2794 2795 2793
f 2794 1896 2786 2795
f 2794 1903 1904
f 1897 1896 2794
f 1904 1897 2794
f 1905 1898 1897 1904
f 1906 1899 1898 1905
f 1907 1900 1899 1906
f 2364 1901 1900
f 1907 1908 2364
f 1900 1907 2364
f 2365 2363 1901 2364
f 2360 2365 2364 1908
f 1910 2797 2798 2796
f 2800 2798 2797
f 1903 2793 2800
f 2797 1903 2800
f 2798 2800 2802 2799
f 2800 2793 2801 2802
f 2797 1910 1911
f 1904 1903 2797
f 1911 1904 2797
f 1912 1905 1904 1911
f 1913 1906 1905 1912
f 1914 1907 1906 1913
f 2361 1908 1907
f 1914 1915 2361
f 1907 1914 2361
f 2362 2360 1908 2361
f 2357 2362 2361 1915
f 2811 2803 1917
f 2804 2805 2811
f 1917 2804 2811
f 2807 2805 2804
f 1910 2796 2807
f 2804 1910 2807
f 2805 2807 2809 2806
f 2807 2796 2808 2809
f 2803 2811 2812 2810
f 2811 2805 2806 2812
f 2804 1917 1918
f 1911 1910 2804
f 1918 1911 2804
f 1919 1912 1911 1918
f 1920 1913 1912 1919
f 1921 1914 1913 1920
f 2358 1915 1914
f 1921 1922 2358
f 1914 1921 2358
f 2359 2357 1915 2358
f 2354 2359 2358 1922
f 2817 2813 1924
f 2814 2815 2817
f 1924 2814 2817
f 2814 1917 2803 2815
f 2813 2817 2819 2816
f 2817 2815 2818 2819
f 2814 1924 1925
f 1918 1917 2814
f 1925 1918 2814
f 1926 1919 1918 1925
f 1927 1920 1919 1926
f 1928 1921 1920 1927
f 2355 1922 1921
f 1928 1929 2355
f 1921 1928 2355
f 2356 2354 1922 2355
f 2351 2356 2355 1929
f 2824 2820 1931
f 2821 2822 2824
f 1931 2821 2824
f 2821 1924 2813 2822
f 2820 2824 2826 2823
f 2824 2822 2825 2826
f 2821 1931 1932
f 1925 1924 2821
f 1932 1925 2821
f 1933 1926 1925 1932
f 1934 1927 1926 1933
f 1935 1928 1927 1934
f 2352 1929 1928
f 1935 1936 2352
f 1928 1935 2352
f 2353 2351 1929 2352
f 2348 2353 2352 1936
f 2831 2827 1938
f 2828 2829 2831
f 1938 2828 2831
f 2828 1931 2820 2829
f 2827 2831 2833 2830
f 2831 2829 2832 2833
f 2828 1938 1939
f 1932 1931 2828
f 1939 1932 2828
f 1940 1933 1932 1939
f 1941 1934 1933 1940
f 1942 1935 1934 1941
f 2349 1936 1935
f 1942 1943 2349
f 1935 1942 2349
f 2350 2348 1936 2349
f 2345 2350 2349 1943
f 1945 2835 2836 2834
f 2835 1938 2827 2836
f 2835 1945 1946
f 1939 1938 2835
f 1946 1939 2835
f 1947 1940 1939 1946
f 1948 1941 1940 1947
f 1949 1942 1941 1948
f 2346 1943 1942
f 1949 1950 2346
f 1942 1949 2346
f 2347 2345 1943 2346
f 2342 2347 2346 1950
f 1952 2838 2839 2837
f 2841 2839 2838
f 1945 2834 2841
f 2838 1945 2841
f 2839 2841 2843 2840
f 2841 2834 2842 2843
f 2838 1952 1953
f 1946 1945 2838
f 1953 1946 2838
f 1954 1947 1946 1953
f 1955 1948 1947 1954
f 1956 1949 1948 1955
f 2343 1950 1949
f 1956 1957 2343
f 1949 1956 2343
f 2344 2342 1950 2343
f 2333 2344 2343 1957
f 1959 2845 2846 2844
f 2848 2846 2845
f 1952 2837 2848
f 2845 1952 2848
f 2846 2848 2850 2847
f 2848 2837 2849 2850
f 2845 1959 1960
f 1953 1952 2845
f 1960 1953 2845
f 1961 1954 1953 1960
f 1962 1955 1954 1961
f 1963 1956 1955 1962
f 2334 1957 1956
f 1963 1964 2334
f 1956 1963 2334
f 2338 2336 2335 2337
f 2330 2338 2337 2324
f 2341 2339 2333 2340
f 2336 2341 2340 2335
f 2340 2333 1957
f 2334 2335 2340
f 1957 2334 2340
f 2337 2335 2334
f 1964 2324 2337
f 2334 1964 2337
f 2859 2851 1966
f 2852 2853 2859
f 1966 2852 2859
f 2855 2853 2852
f 1959 2844 2855
f 2852 1959 2855
f 2853 2855 2857 2854
f 2855 2844 2856 2857
f 2851 2859 2860 2858
f 2859 2853 2854 2860
f 2852 1966 1967
f 1960 1959 2852
f 1967 1960 2852
f 1968 1961 1960 1967
f 1969 1962 1961 1968
f 1970 1963 1962 1969
f 2325 1964 1963
f 1970 1971 2325
f 1963 1970 2325
f 2329 2327 2326 2328
f 2321 2329 2328 2315
f 2332 2330 2324 2331
f 2327 2332 2331 2326
f 2331 2324 1964
f 2325 2326 2331
f 1964 2325 2331
f 2328 2326 2325
f 1971 2315 2328
f 2325 1971 2328
f 2865 2861 1973
f 2862 2863 2865
f 1973 2862 2865
f 2862 1966 2851 2863
f 2861 2865 2867 2864
f 2865 2863 2866 2867
f 2862 1973 1974
f 1967 1966 2862
f 1974 1967 2862
f 1975 1968 1967 1974
f 1976 1969 1968 1975
f 1977 1970 1969 1976
f 2316 1971 1970
f 1977 1978 2316
f 1970 1977 2316
f 2320 2318 2317 2319
f 2312 2320 2319 2306
f 2323 2321 2315 2322
f 2318 2323 2322 2317
f 2322 2315 1971
f 2316 2317 2322
f 1971 2316 2322
f 2319 2317 2316
f 1978 2306 2319
f 2316 1978 2319
f 2872 2868 1980
f 2869 2870 2872
f 1980 2869 2872
f 2869 1973 2861 2870
f 2868 2872 2874 2871
f 2872 2870 2873 2874
f 2869 1980 1981
f 1974 1973 2869
f 1981 1974 2869
f 1982 1975 1974 1981
f 1983 1976 1975 1982
f 1984 1977 1976 1983
f 2307 1978 1977
f 1984 1985 2307
f 1977 1984 2307
f 2311 2309 2308 2310
f 2303 2311 2310 2297
f 2314 2312 2306 2313
f 2309 2314 2313 2308
f 2313 2306 1978
f 2307 2308 2313
f 1978 2307 2313
f 2310 2308 2307
f 1985 2297 2310
f 2307 1985 2310
f 2879 2875 1987
f 2876 2877 2879
f 1987 2876 2879
f 2876 1980 2868 2877
f 2875 2879 2881 2878
f 2879 2877 2880 2881
f 2876 1987 1988
f 1981 1980 2876
f 1988 1981 2876
f 1989 1982 1981 1988
f 1990 1983 1982 1989
f 1991 1984 1983 1990
f 2298 1985 1984
f 1991 1992 2298
f 1984 1991 2298
f 2302 2300 2299 2301
f 2294 2302 2301 2288
f 2305 2303 2297 2304
f 2300 2305 2304 2299
f 2304 2297 1985
f 2298 2299 2304
f 1985 2298 2304
f 2301 2299 2298
f 1992 2288 2301
f 2298 1992 2301
f 1994 2883 2884 2882
f 2883 1987 2875 2884
f 2883 1994 1995
f 1988 1987 2883
f 1995 1988 2883
f 1996 1989 1988 1995
f 1997 1990 1989 1996
f 1998 1991 1990 1997
f 2289 1992 1991
f 1998 1999 2289
f 1991 1998 2289
f 2293 2291 2290 2292
f 2285 2293 2292 2152
f 2296 2294 2288 2295
f 2291 2296 2295 2290
f 2295 2288 1992
f 2289 2290 2295
f 1992 2289 2295
f 2292 2290 2289
f 1999 2152 2292
f 2289 1999 2292
f 2001 2886 2887 2885
f 2889 2887 2886
f 1994 2882 2889
f 2886 1994 2889
f 2887 2889 2891 2888
f 2889 2882 2890 2891
f 2886 2001 2002
f 1995 1994 2886
f 2002 1995 2886
f 2003 1996 1995 2002
f 2004 1997 1996 2003
f 2005 1998 1997 2004
f 2153 1999 1998
f 2005 2006 2153
f 1998 2005 2153
f 2284 2282 2154 2283
f 2149 2284 2283 2143
f 2287 2285 2152 2286
f 2282 2287 2286 2154
f 2286 2152 1999
f 2153 2154 2286
f 1999 2153 2286
f 2283 2154 2153
f 2006 2143 2283
f 2153 2006 2283
f 2895 2893 2892
f 2001 2885 2895
f 2892 2001 2895
f 2893 2895 2897 2894
f 2895 2885 2896 2897
f 2898 2893 2894 2899
f 2148 2146 2145 2147
f 2151 2149 2143 2150
f 2146 2151 2150 2145
f 2150 2143 2006
f 2144 2145 2150
f 2006 2144 2150
f 2013 1604 1606
f 1604 2013 2015
f 1606 2018 2013
f 2018 1606 2016
f 2120 1604 2015 2014
f 1606 1613 2021
f 1620 2025 1613
f 1627 1634 2038
f 1627 2034 1620
f 1634 1641 2047
f 2016 1606 2021
f 1613 2028 2027
f 1613 2025 2028
f 1620 2029 2031
f 2029 1620 2034
f 1627 2040 2034
f 2031 2025 1620
f 1627 2038 2041
f 1634 2044 2038
f 1641 2053 2047
f 2042 1634 2047
f 1641 2054 2053
f 2042 2044 1634
f 2041 2040 1627
f 2054 1641 2051
f 2027 2021 1613
f 1648 1655 2060
f 1662 2064 1655
f 1669 1676 2080
f 1676 2087 2086
f 1669 2076 1662
f 2105 2104 1690
f 1690 2009 2102 2105
f 2091 1683 1690
f 2009 2110 2102
f 2110 2009 2590
f 1690 2104 2107
f 2084 1676 1683
f 1648 2057 2051
f 1648 2055 2057
f 1655 2067 2066
f 1655 2064 2067
f 1648 2060 2055
f 1655 2066 2060
f 1662 2068 2070
f 1662 2076 2068
f 2076 2073 2061 2068
f 1669 2074 2077
f 2074 1669 2080
f 1676 2086 2080
f 2077 2076 1669
f 2070 2064 1662
f 1641 1648 2051
f 2014 2011 2120
f 2011 2119 2120
f 2119 1608 2118
f 2118 1608 2117
f 2011 2014 2012
f 2021 2010 2016
f 2019 2021 2027
f 1608 2011 1607
f 2119 2011 1608
f 2987 2117 1608
f 2988 2116 2987
f 2117 2987 2116
f 2115 2116 2988 2920
f 2920 2918 2115
f 2920 2986 2918
f 1610 2917 2986
f 2925 2916 2985
f 2970 2977 2925
f 2985 2917 1610
f 1609 2987 1608
f 2022 2029 2034
f 2034 2040 2032
f 2047 2035 2042
f 2047 2053 2045
f 1683 2093 2084
f 1683 2094 2093
f 2093 2081 2083 2084
f 1690 2107 2091
f 2104 2100 2107
f 2091 2094 1683
f 2084 2087 1676
f 2060 2048 2055
f 2060 2066 2058
f 2080 2071 2074
f 2080 2086 2078
f 1624 2962 2936
f 2591 2108 2590
f 2112 2098 2591
f 2108 2591 2098
f 2592 2112 2591
f 2590 2108 2110
f 2615 2616 1730
f 2615 1730 1736
f 2592 2095 2112
f 2111 2112 2095
f 2592 2114 2095
f 2593 2621 2620
f 2620 2113 2114
f 2113 2620 1703
f 2593 2620 2114
f 2618 2593 2627
f 2594 2627 2593
f 1709 2626 2594
f 2627 2594 2626
f 2594 2595 1709
f 2593 2618 2621
f 2593 2114 2592
f 2614 2615 1736
f 1748 2613 1742
f 1748 1753 2676 2675
f 2613 2614 1742
f 1748 2675 2613
f 2676 1753 2673
f 1736 1742 2614
f 1758 2682 2673 1753
f 1763 2680 1758
f 1758 2683 2682
f 1758 2680 2683
f 2680 1763 2686
f 2612 2673 2682
f 2612 2672 2674
f 2612 2613 2672
f 2671 2673 2612
f 2677 2612 2682
f 2677 2611 2612
f 2674 2671 2612
f 2613 2675 2672
f 1763 2684 2686
f 2679 2611 2681
f 2685 2611 2679
f 2681 2611 2677
f 2678 1764 2685
f 2688 2678 2684
f 2595 1715 2622
f 1709 2595 2622
f 2630 1715 2595
f 1710 2622 1715
f 2630 1720 1715
f 2631 2630 2595
f 2628 2596 2597
f 2597 2632 2628
f 2631 2596 2628
f 2600 1743 2599
f 2634 2598 2599
f 2633 2597 2598
f 2595 2596 2631
f 2628 2632 1725
f 2597 2633 1731
f 2598 1737 2633
f 1731 2632 2597
f 2599 1743 2634
f 2644 2638 2600
f 2638 1743 2600
f 1743 2638 2637
f 2644 2635 2638
f 2634 1737 2598
f 2644 2600 2645
f 2602 2651 2601
f 2651 2642 2601
f 2645 2601 2642
f 2602 2603 2652
f 2603 2604 2655
f 2600 2601 2645
f 2610 2611 1764
f 1764 2670 2610
f 2662 2606 2607
f 2664 2605 2606
f 2605 2661 2604
f 2602 2652 2651
f 2603 2649 2652
f 2651 2639 2641 2642
f 2655 2649 2603
f 2604 2661 2653
f 2605 2659 2661
f 2606 2662 2664
f 2662 2668 2656
f 2664 2659 2605
f 2653 2655 2604
f 2685 1764 2611
f 2688 2684 1763
f 2917 2918 2986
f 2903 1611 2902
f 2931 2926 2903
f 2977 2915 2916
f 2985 2916 2917
f 2916 2925 2977
f 2979 2915 2977
f 2905 2906 2941
f 2932 2931 2904
f 2903 2904 2931
f 2905 2929 2904
f 2919 2900 2901
f 2919 2901 2902
f 2990 2900 2919 2922
f 2583 2990 2922
f 2902 2923 2919
f 2904 2929 2932
f 2905 2943 2929
f 2903 2926 1611
f 2941 2943 2905
f 1611 2923 2902
f 2974 2915 2979
f 2914 2974 2975
f 2914 2975 2963
f 2914 2963 2913
f 2984 2913 2963
f 2965 2913 2984
f 2912 2965 2962
f 2911 2912 2962
f 2913 2965 2912
f 2956 2910 2911
f 2962 2956 2911
f 1624 2956 2962
f 1624 2934 2956
f 2906 2949 2951
f 2906 2951 2941
f 2907 2949 2906
f 1618 2949 2953
f 2907 2953 2949
f 2953 2907 2908
f 2952 2909 2910
f 2952 2908 2909
f 2910 2957 2952
f 2908 2952 2935
f 2957 2910 2956
f 2953 2908 2935
f 2914 2915 2974
f 2588 2989 2583
f 2990 2583 2989
f 2584 2588 2583
f 2589 2989 2588
f 2281 2589 2585
f 1605 2989 2589
f 2280 2587 2580
f 2280 2580 2582
f 2279 2577 2579
f 2278 2579 2571
f 2279 2582 2577
f 2281 2585 2587
f 1605 2589 2281
f 2571 2573 2277 2278
f 2281 2587 2280
f 2279 2280 2582
f 2278 2279 2579
f 2276 2568 2570
f 2276 2570 2562
f 2277 2568 2276
f 2275 2276 2562 2564
f 2573 2568 2277
f 2274 2559 2561
f 2274 2561 2553
f 2273 2555 2550
f 2272 2550 2552
f 2273 2553 2555
f 2271 2544 2546
f 2271 2546 2541
f 2270 2543 2535
f 2269 2535 2537
f 2270 2541 2543
f 2272 2552 2544
f 2274 2275 2559
f 2273 2274 2553
f 2271 2272 2544
f 2270 2271 2541
f 2273 2550 2272
f 2268 2532 2534
f 2268 2534 2526
f 2268 2269 2537 2532
f 2526 2267 2268
f 2267 2526 2528
f 2535 2269 2270
f 2564 2559 2275
f 2266 2267 2528 2523
f 2525 2517 2265 2266
f 2265 2517 2519
f 2266 2523 2525
f 2264 2514 2516
f 2263 2516 2508
f 2262 2510 2505
f 2262 2505 2507
f 2263 2508 2510
f 2264 2519 2514
f 2261 2499 2501
f 2260 2501 2496
f 2259 2498 2490
f 2259 2490 2492
f 2260 2496 2498
f 2258 2487 2489
f 2257 2489 2481
f 2256 2483 2478
f 2478 2480 2255 2256
f 2257 2481 2483
f 2258 2492 2487
f 2261 2507 2499
f 2455 2459 2453
f 2450 2452 2247 2248
f 2452 2447 2246 2247
f 2455 2450 2248 2249
f 2449 2444 2244 2245
f 2444 2446 2243 2244
f 2441 2443 2241 2242
f 2443 2438 2240 2241
f 2446 2441 2242 2243
f 2447 2449 2245 2246
f 2440 2435 2238 2239
f 2435 2437 2237 2238
f 2432 2434 2235 2236
f 2437 2432 2236 2237
f 2434 2429 2234 2235
f 2438 2440 2239 2240
f 2429 2431 2233 2234
f 2431 2426 2232 2233
f 2428 2423 2230 2231
f 2423 2425 2229 2230
f 2426 2428 2231 2232
f 2425 2420 2227 2228
f 2255 2480 2472
f 2472 2474 2254
f 2262 2263 2510
f 2264 2265 2519
f 2263 2264 2516
f 2469 2254 2474
f 2471 2253 2469
f 2463 2253 2471
f 2460 2252 2465
f 2462 2251 2460
f 2465 2252 2463
f 2459 2251 2462
f 2261 2262 2507
f 2260 2261 2501
f 2258 2259 2492
f 2257 2258 2489
f 2260 2498 2259
f 2254 2255 2472
f 2463 2252 2253
f 2460 2251 2252
f 2253 2254 2469
f 2257 2483 2256
f 2251 2459 2250
f 2455 2250 2459
f 2249 2250 2455
f 2228 2229 2425
f 2420 2422 2226 2227
f 2662 2607 2668
f 1776 2691 2687 1769
f 1790 2695 1783
f 1790 2702 2701
f 2692 1776 1783
f 2695 1790 2701
f 1797 2699 1790
f 1797 2708 2703
f 1811 1818 2714 2709
f 1825 2718 1818
f 1804 1811 2711
f 1832 2725 1825
f 1790 2699 2702
f 1797 2705 2699
f 2714 1818 2720
f 2708 1797 1804
f 1818 2721 2720
f 2703 2705 1797
f 2727 2715 2717 2718
f 1825 2727 2718
f 1825 2728 2727
f 2734 2722 2724 2725
f 1832 2734 2725
f 1832 2735 2734
f 2725 2728 1825
f 2718 2721 1818
f 2735 1832 2732
f 2744 2736 1839
f 1839 1846 2745 2744
f 1839 2738 2732
f 1839 2736 2738
f 1846 1853 2748
f 1832 1839 2732
f 1860 2752 1853
f 1860 1867 2759 2762
f 1874 2775 2774
f 1874 1881 2772
f 1867 1874 2768
f 1881 1888 2779
f 1846 2742 2745
f 1853 2755 2754
f 1853 2752 2755
f 1846 2748 2742
f 1853 2754 2748
f 1860 2762 2761
f 1867 2763 2765
f 2763 1867 2768
f 1874 2774 2768
f 2765 2759 1867
f 2761 2752 1860
f 2761 2749 2751 2752
f 2791 1888 1895
f 2744 2741 2729 2736
f 2687 2688 1769
f 2691 1777 1770 2687
f 2689 2692 1783
f 2695 2689 1783
f 2691 1776 2692
f 2708 2696 2703
f 2711 2706 1804
f 2709 2711 1811
f 2708 1804 2706
f 2695 2701 2693
f 2712 2714 2720
f 2670 1770 2669
f 2609 2670 2669
f 2748 2754 2746
f 1874 2772 2775
f 1881 2781 2772
f 2742 2748 2739
f 2781 2769 2771 2772
f 2782 2781 1881
f 1888 2785 2779
f 1888 2783 2785
f 2791 2788 2776 2783
f 1895 2792 2791
f 1895 2789 2792
f 2791 2783 1888
f 2779 2782 1881
f 2768 2756 2763
f 2766 2768 2774
f 2789 2795 2786
f 2795 2789 1895
f 2795 1895 1902
f 1763 1769 2688
f 2799 1902 1909
f 1902 2802 2801
f 1902 2799 2802
f 2799 1909 2808
f 2795 1902 2801
f 1909 1916 2806 2809
f 1916 1923 2818 2810
f 1909 2809 2808
f 1923 1930 2825 2816
f 1937 2832 1930
f 2808 2796 2798 2799
f 1916 2812 2806
f 1916 2810 2812
f 1923 2819 2818
f 1923 2816 2819
f 2818 2815 2803 2810
f 1930 2826 2825
f 1930 2823 2826
f 1937 2833 2832
f 1937 2830 2833
f 2832 2823 1930
f 2832 2829 2820 2823
f 2825 2822 2813 2816
f 2836 2830 1937
f 2840 2843 1944
f 1944 1951 2849 2840
f 2842 1944 2843
f 1951 1958 2847
f 1958 1965 2860 2854
f 1944 2836 1937
f 1965 1972 2866 2858
f 1972 2873 2864
f 1979 1986 2881 2880
f 1986 1993 2884
f 1972 1979 2873
f 1993 2000 2888
f 2849 2837 2839 2840
f 1951 2850 2849
f 2856 2844 2846 2847
f 1958 2856 2847
f 1958 2857 2856
f 2847 2850 1951
f 1965 2858 2860
f 1972 2867 2866
f 1972 2864 2867
f 2866 2863 2851 2858
f 2854 2857 1958
f 2894 2000 2007
f 2842 2836 1944
f 1979 2874 2873
f 1979 2871 2874
f 2861 2864 2873 2870
f 2836 2827 2830
f 2834 2836 2842
f 2868 2871 2880 2877
f 1986 2878 2881
f 1986 2884 2878
f 1993 2891 2890
f 2884 1993 2890
f 2896 2885 2887 2888
f 2000 2896 2888
f 2000 2897 2896
f 2007 2899 2894
f 2007 2121 2899
f 2894 2897 2000
f 2888 2891 1993
f 2899 2121 2898
f 2878 2884 2875
f 2890 2882 2884
f 2898 2892 2893
f 2121 2122 2898
f 2122 2892 2898
f 2124 2892 2123
f 2122 2123 2892
f 2002 2001 2892
f 2880 2871 1979
f 2795 2801 2793
f 2125 2892 2124
f 2608 1771 2667
f 2607 2608 2667
f 2607 2667 2668
f 2609 1771 2608
f 2417 2419 2224 2225
f 2414 2416 2222 2223
f 2416 2411 2221 2222
f 2419 2414 2223 2224
f 2422 2417 2225 2226
f 2413 2408 2219 2220
f 2408 2410 2218 2219
f 2405 2407 2216 2217
f 2407 2402 2215 2216
f 2410 2405 2217 2218
f 2404 2399 2213 2214
f 2399 2401 2212 2213
f 2396 2398 2210 2211
f 2398 2393 2209 2210
f 2401 2396 2211 2212
f 2402 2404 2214 2215
f 1771 2609 2669
f 2411 2413 2220 2221
f 2395 2390 2206 2207
f 2390 2392 2205 2206
f 2387 2389 2203 2204
f 2389 2384 2202 2203
f 2392 2387 2204 2205
f 2386 2381 2200 2201
f 2381 2383 2199 2200
f 2378 2380 2197 2198
f 2380 2375 2196 2197
f 2383 2378 2198 2199
f 2384 2386 2201 2202
f 2377 2372 2194 2195
f 2372 2374 2193 2194
f 2369 2371 2191 2192
f 2371 2366 2190 2191
f 2374 2369 2192 2193
f 2368 2363 2188 2189
f 2363 2365 2187 2188
f 2360 2362 2184 2185
f 2362 2357 2183 2184
f 2365 2360 2186 2187
f 2366 2368 2189 2190
f 2375 2377 2195 2196
f 2393 2395 2208 2209
f 2207 2208 2395
f 2359 2354 2181 2182
f 2185 2186 2360
f 2182 2183 2357 2359
f 2354 2356 2180 2181
f 2356 2351 2179 2180
f 2353 2348 2177 2178
f 2348 2350 2176 2177
f 2351 2353 2178 2179
f 2345 2347 2174 2175
f 2347 2342 2173 2174
f 2339 2344 2333
f 2342 2344 2172 2173
f 2350 2345 2175 2176
f 2344 2339 2171
f 2170 2341 2336
f 2169 2336 2338
f 2168 2330 2332
f 2168 2332 2327
f 2169 2338 2330
f 2329 2321 2166 2167
f 2166 2321 2323
f 2165 2318 2320
f 2164 2320 2312
f 2165 2323 2318
f 2167 2327 2329
f 2339 2341 2170 2171
f 2126 2002 2125
f 2127 2002 2126
f 2004 2003 2130 2131
f 2003 2002 2127 2128
f 2003 2128 2129
f 2003 2129 2130
f 2004 2131 2132
f 2004 2132 2133
f 2005 2004 2133 2134
f 2144 2006 2005
f 2005 2136 2144
f 2145 2144 2147
f 2144 2139 2147
f 2134 2135 2005
f 2005 2135 2136
f 2144 2136 2137
f 2144 2138 2139
f 2139 2140 2148 2147
f 2144 2137 2138
f 2309 2163 2314
f 2309 2311 2162 2163
f 2303 2162 2311
f 2164 2312 2314
f 2171 2172 2344
f 2168 2169 2330
f 2167 2168 2327
f 2170 2336 2169
f 2165 2166 2323
f 2164 2165 2320
f 2161 2162 2303 2305
f 2163 2164 2314
f 2160 2161 2305 2300
f 2160 2300 2302
f 2159 2294 2296
f 2158 2296 2291
f 2302 2294 2159 2160
f 2157 2293 2285
f 2157 2285 2287
f 2282 2284 2155 2156
f 2155 2284 2149
f 2156 2287 2282
f 2158 2291 2293
f 2158 2159 2296
f 2156 2157 2287
f 2158 2293 2157
f 2151 2146 2141 2142
f 2141 2146 2148
f 2148 2008 2141
f 2008 2148 2140
f 2142 2155 2149 2151
f 2002 2892 2125
f 2670 2609 2610
f 2994 3021 3022 3020
f 3022 3024 3025 3023
f 3029 3027 3026
f 2994 3020 3029
f 3026 2994 3029
f 3027 3029 3031 3028
f 3029 3020 3030 3031
f 3032 3027 3028 3033
f 3019 2991 3025 3024
f 3025 2991 3023
f 3021 3018 3019
f 3018 3021 3017
f 3016 3050 3015
f 3050 3016 3017
f 3021 3019 3024
f 3022 3023 3030 3020
f 3023 2993 3030
f 3031 3030 2993
f 2993 3023 2991
f 2994 3050 3017
f 3050 2994 3035 3036
f 3051 3050 2996 3037
f 3050 3051 3015
f 2994 3017 3021
f 3024 3022 3021
f 3014 3015 3051
f 3013 3014 3051 3052
f 3053 3011 3012
f 3012 3013 3052 3053
f 3009 3010 3054 3055
f 3008 3056 3007
f 3006 3007 3056 3057
f 3055 3008 3009
f 3054 3010 3011
f 3005 3058 3004
f 3005 3006 3057 3058
f 3053 3052 3039 2997
f 3059 3003 3004
f 3002 3003 3059 3060
f 3001 3061 3000
f 3000 3061 2992
f 3060 3001 3002
f 3011 3053 3054
f 3052 3051 3037 3038
f 3028 3031 2993
f 3032 3033 2995
f 3028 2995 3033
f 3028 2993 2995
f 3026 3035 2994
f 3027 3032 3026
f 3026 3032 3034
f 3034 3032 2995
f 3026 3034 3035
f 3036 2996 3050
f 3038 3039 3052
f 2997 3040 3054 3053
f 3041 3054 3040
f 3008 3055 3056
f 3056 3055 3042 3043
f 3055 3041 3042
f 3041 3055 3054
f 3057 3056 3043 3044
f 3058 3057 3044 3045
f 3060 3059 2998 3047
f 3060 3048 3061
f 3001 3060 3061
f 3059 3058 3046 2998
f 3004 3058 3059
f 3058 3045 3046
f 3061 3048 3049
f 3061 3049 2999
f 3060 3047 3048
f 2992 3061 2999
f 3141 3134 3068
f 3135 3136 3141
f 3068 3135 3141
f 3136 3138 3139 3137
f 3134 3141 3142 3140
f 3141 3136 3137 3142
f 3285 3283 3133 3284
f 3280 3285 3284 3131
f 3284 3133 3132
f 3071 3131 3284
f 3132 3071 3284
f 3073 3144 3145 3143
f 3144 3068 3134 3145
f 3144 3073 3074
f 3069 3068 3144
f 3074 3069 3144
f 3075 3070 3069 3074
f 3275 3071 3070
f 3075 3076 3275
f 3070 3075 3275
f 3279 3277 3276 3278
f 3272 3279 3278 3266
f 3282 3280 3131 3281
f 3277 3282 3281 3276
f 3281 3131 3071
f 3275 3276 3281
f 3071 3275 3281
f 3278 3276 3275
f 3076 3266 3278
f 3275 3076 3278
f 3078 3147 3148 3146
f 3150 3148 3147
f 3073 3143 3150
f 3147 3073 3150
f 3148 3150 3152 3149
f 3150 3143 3151 3152
f 3147 3078 3079
f 3074 3073 3147
f 3079 3074 3147
f 3080 3075 3074 3079
f 3267 3076 3075
f 3080 3081 3267
f 3075 3080 3267
f 3271 3269 3268 3270
f 3263 3271 3270 3257
f 3274 3272 3266 3273
f 3269 3274 3273 3268
f 3273 3266 3076
f 3267 3268 3273
f 3076 3267 3273
f 3270 3268 3267
f 3081 3257 3270
f 3267 3081 3270
f 3161 3153 3083
f 3154 3155 3161
f 3083 3154 3161
f 3157 3155 3154
f 3078 3146 3157
f 3154 3078 3157
f 3155 3157 3159 3156
f 3157 3146 3158 3159
f 3153 3161 3162 3160
f 3161 3155 3156 3162
f 3154 3083 3084
f 3079 3078 3154
f 3084 3079 3154
f 3085 3080 3079 3084
f 3258 3081 3080
f 3085 3086 3258
f 3080 3085 3258
f 3262 3260 3259 3261
f 3254 3262 3261 3248
f 3265 3263 3257 3264
f 3260 3265 3264 3259
f 3264 3257 3081
f 3258 3259 3264
f 3081 3258 3264
f 3261 3259 3258
f 3086 3248 3261
f 3258 3086 3261
f 3088 3164 3165 3163
f 3164 3083 3153 3165
f 3164 3088 3089
f 3084 3083 3164
f 3089 3084 3164
f 3362 3090 3085
f 3084 3089 3362
f 3085 3084 3362
f 3297 3091 3249
f 3249 3086 3085
f 3085 3090 3297
f 3297 3249 3085
f 3253 3251 3250 3252
f 3245 3253 3252 3239
f 3256 3254 3248 3255
f 3251 3256 3255 3250
f 3255 3248 3086
f 3249 3250 3255
f 3086 3249 3255
f 3252 3250 3249
f 3091 3239 3252
f 3249 3091 3252
f 3093 3167 3168 3166
f 3170 3168 3167
f 3088 3163 3170
f 3167 3088 3170
f 3168 3170 3172 3169
f 3170 3163 3171 3172
f 3363 3089 3088 3167
f 3167 3093 3094 3363
f 3359 3095 3298
f 3364 3301 3359
f 3298 3364 3359
f 3298 3090 3362 3364
f 3364 3362 3089 3363
f 3301 3364 3363 3094
f 3309 3096 3240
f 3299 3290 3309
f 3240 3299 3309
f 3240 3091 3297 3299
f 3299 3297 3090 3298
f 3294 3290 3299
f 3298 3095 3294
f 3299 3298 3294
f 3244 3242 3241 3243
f 3236 3244 3243 3230
f 3247 3245 3239 3246
f 3242 3247 3246 3241
f 3246 3239 3091
f 3240 3241 3246
f 3091 3240 3246
f 3243 3241 3240
f 3096 3230 3243
f 3240 3096 3243
f 3098 3174 3175 3173
f 3177 3175 3174
f 3093 3166 3177
f 3174 3093 3177
f 3175 3177 3179 3176
f 3177 3166 3178 3179
f 3302 3094 3093 3174
f 3174 3098 3099 3302
f 3350 3306 3353
f 3347 3100 3350
f 3353 3347 3350
f 3355 3291 3351
f 3353 3306 3355
f 3351 3353 3355
f 3353 3351 3303 3352
f 3347 3353 3352 3300
f 3357 3295 3361
f 3351 3291 3357
f 3361 3351 3357
f 3295 3095 3359 3361
f 3361 3359 3301 3360
f 3351 3361 3360 3303
f 3360 3301 3094
f 3302 3303 3360
f 3094 3302 3360
f 3352 3303 3302
f 3099 3300 3352
f 3302 3099 3352
f 3101 3313 3314 3312
f 3313 3231 3307 3314
f 3311 3305 3314
f 3307 3292 3311
f 3314 3307 3311
f 3231 3308 3310 3307
f 3308 3096 3309 3310
f 3310 3309 3290 3293
f 3304 3292 3307
f 3310 3293 3304
f 3307 3310 3304
f 3293 3290 3294
f 3356 3296 3294
f 3095 3295 3356
f 3294 3095 3356
f 3358 3356 3295 3357
f 3354 3358 3357 3291
f 3235 3233 3232 3234
f 3227 3235 3234 3221
f 3238 3236 3230 3237
f 3233 3238 3237 3232
f 3237 3230 3096 3308
f 3308 3231 3232 3237
f 3234 3232 3231 3313
f 3313 3101 3221 3234
f 3188 3180 3103
f 3181 3182 3188
f 3103 3181 3188
f 3184 3182 3181
f 3098 3173 3184
f 3181 3098 3184
f 3182 3184 3186 3183
f 3184 3173 3185 3186
f 3180 3188 3189 3187
f 3188 3182 3183 3189
f 3316 3099 3098 3181
f 3181 3103 3104 3316
f 3346 3344 3317 3345
f 3341 3346 3345 3315
f 3349 3347 3300 3348
f 3344 3349 3348 3317
f 3348 3300 3099
f 3316 3317 3348
f 3099 3316 3348
f 3345 3317 3316
f 3104 3315 3345
f 3316 3104 3345
f 3105 3372 3374 3371
f 3372 3222 3373 3374
f 3226 3224 3223 3225
f 3218 3226 3225 3212
f 3229 3227 3221 3228
f 3224 3229 3228 3223
f 3228 3221 3101
f 3222 3223 3228
f 3101 3222 3228
f 3225 3223 3222 3372
f 3372 3105 3212 3225
f 3190 3103 3180 3191
f 3192 3191 3193 3194
f 3337 3334 3333
f 3335 3336 3337
f 3333 3335 3337
f 3340 3338 3331 3339
f 3334 3340 3339 3333
f 3339 3331 3330
f 3332 3333 3339
f 3330 3332 3339
f 3343 3341 3315 3342
f 3331 3343 3342 3330
f 3342 3315 3104
f 3329 3330 3342
f 3104 3329 3342
f 3381 3379 3378
f 3213 3375 3381
f 3378 3213 3381
f 3379 3381 3383 3380
f 3381 3375 3382 3383
f 3213 3376 3377 3375
f 3376 3105 3371 3377
f 3217 3215 3214 3216
f 3220 3218 3212 3219
f 3215 3220 3219 3214
f 3219 3212 3105 3376
f 3376 3213 3214 3219
f 3129 3062 3139
f 3137 3139 3062
f 3139 3138 3128 3129
f 3127 3128 3138
f 3138 3135 3127
f 3142 3137 3067
f 3062 3067 3137
f 3140 3142 3067
f 3140 3145 3134
f 3145 3140 3067
f 3136 3135 3138
f 3145 3067 3072
f 3135 3125 3126
f 3135 3124 3125
f 3069 3063 3123
f 3069 3122 3063
f 3123 3124 3069
f 3069 3135 3068
f 3127 3135 3126
f 3122 3069 3121
f 3070 3120 3121
f 3070 3119 3064
f 3120 3070 3064
f 3070 3121 3069
f 3135 3069 3124
f 3152 3151 3072
f 3072 3077 3149 3152
f 3145 3072 3151
f 3077 3158 3149
f 3158 3146 3148 3149
f 3158 3077 3159
f 3165 3160 3082
f 3087 3165 3082
f 3156 3159 3077
f 3082 3160 3162
f 3162 3156 3082
f 3169 3087 3092
f 3082 3156 3077
f 3171 3165 3087
f 3171 3163 3165
f 3153 3160 3165
f 3087 3169 3172
f 3092 3178 3169
f 3178 3166 3168 3169
f 3356 3327 3328
f 3179 3178 3092
f 3172 3171 3087
f 3179 3092 3176
f 3145 3151 3143
f 3118 3119 3070
f 3132 3117 3118
f 3132 3116 3065
f 3133 3115 3116
f 3065 3117 3132
f 3132 3118 3070
f 3114 3115 3133 3283
f 3114 3283 3130 3066
f 3211 3285 3280
f 3130 3283 3285
f 3132 3133 3116
f 3211 3282 3277
f 3210 3277 3279
f 3277 3210 3211
f 3130 3285 3211
f 3279 3272 3209 3210
f 3211 3280 3282
f 3209 3272 3274
f 3208 3274 3269
f 3208 3209 3274
f 3207 3208 3271 3263
f 3208 3269 3271
f 3132 3070 3071
f 3206 3207 3263 3265
f 3206 3265 3260
f 3205 3262 3254
f 3204 3254 3256
f 3260 3262 3205 3206
f 3296 3386 3294
f 3356 3328 3296
f 3328 3386 3296
f 3293 3386 3286
f 3293 3294 3386
f 3204 3256 3251
f 3203 3253 3245
f 3202 3203 3245 3247
f 3203 3204 3251
f 3205 3254 3204
f 3251 3253 3203
f 3201 3242 3244
f 3201 3244 3236
f 3201 3202 3242
f 3200 3201 3236 3238
f 3238 3233 3200
f 3247 3242 3202
f 3286 3304 3293
f 3185 3176 3097
f 3092 3097 3176
f 3186 3185 3097
f 3185 3173 3175 3176
f 3186 3097 3183
f 3189 3183 3102
f 3097 3102 3183
f 3187 3189 3102
f 3180 3187 3193 3191
f 3104 3103 3190 3329
f 3187 3102 3193
f 3355 3354 3291
f 3350 3324 3306
f 3350 3100 3323
f 3324 3355 3306
f 3324 3350 3323
f 3321 3349 3344
f 3321 3344 3346
f 3323 3100 3322
f 3100 3347 3322
f 3321 3322 3349
f 3321 3346 3320
f 3341 3320 3346
f 3349 3322 3347
f 3106 3194 3193
f 3192 3190 3191
f 3329 3190 3110 3111
f 3330 3329 3332
f 3192 3194 3108
f 3106 3108 3194
f 3109 3192 3108
f 3109 3110 3190
f 3329 3111 3332
f 3190 3192 3109
f 3106 3193 3102
f 3111 3112 3332
f 3320 3343 3319
f 3338 3319 3331
f 3343 3331 3319
f 3338 3340 3319
f 3318 3319 3340
f 3341 3343 3320
f 3332 3335 3333
f 3334 3337 3318
f 3336 3318 3337
f 3318 3336 3113
f 3335 3113 3336
f 3335 3332 3112
f 3340 3334 3318
f 3335 3112 3113
f 3326 3358 3354
f 3327 3358 3326
f 3292 3304 3287
f 3286 3287 3304
f 3325 3326 3354
f 3358 3327 3356
f 3355 3325 3354
f 3288 3305 3311
f 3287 3288 3311
f 3289 3305 3288
f 3365 3312 3289
f 3292 3287 3311
f 3355 3324 3325
f 3305 3289 3314
f 3314 3289 3312
f 3199 3200 3233 3235
f 3198 3199 3235 3227
f 3101 3312 3373 3222
f 3197 3198 3229 3224
f 3227 3229 3198
f 3224 3226 3197
f 3312 3365 3373
f 3373 3365 3366
f 3367 3371 3366
f 3368 3382 3367
f 3382 3377 3367
f 3366 3371 3374
f 3367 3377 3371
f 3377 3382 3375
f 3380 3369 3370
f 3383 3368 3369
f 3370 3379 3380
f 3380 3383 3369
f 3379 3370 3384
f 3368 3383 3382
f 3214 3213 3378 3216
f 3226 3218 3196
f 3220 3196 3218
f 3195 3196 3220 3215
f 3197 3226 3196
f 3384 3385 3216 3378
f 3107 3195 3215 3217
f 3385 3217 3216
f 3217 3385 3107
f 3378 3379 3384
f 3366 3374 3373
f 3422 3421 3419 3420
f 3420 3419 3423 3424
f 3419 3425 3426 3423
f 3421 3427 3425 3419
f 3426 3399 3398
f 3398 3397 3426
f 3423 3397 3396
f 3399 3426 3400
f 3425 3402 3401
f 3401 3426 3425
f 3397 3423 3426
f 3425 3403 3402
f 3400 3426 3401
f 3395 3423 3396
f 3393 3423 3394
f 3391 3424 3392
f 3392 3424 3393
f 3423 3395 3394
f 3389 3420 3424
f 3393 3424 3423
f 3390 3389 3424
f 3388 3420 3389
f 3388 3387 3420
f 3391 3390 3424
f 3404 3425 3405
f 3427 3406 3405
f 3407 3406 3427
f 3405 3425 3427
f 3427 3409 3408
f 3410 3409 3421
f 3409 3427 3421
f 3408 3407 3427
f 3411 3410 3421
f 3417 3422 3420
f 3413 3421 3422
f 3420 3387 3418
f 3418 3417 3420
f 3417 3416 3422
f 3413 3422 3414
f 3416 3415 3422
f 3415 3414 3422
f 3412 3421 3413
f 3412 3411 3421
f 3425 3404 3403
f 3435 3428 3433
f 3435 3430 3429
f 3430 3435 3433
f 3433 3434 3430
f 3434 3432 3430
f 3431 3434 3433
f 3502 3436 3504
f 3438 3504 3505
f 3439 3506 3507
f 3439 3507 3508
f 3438 3505 3506
f 3440 3509 3510
f 3441 3510 3511
f 3442 3512 3513
f 3443 3514 3515
f 3443 3513 3514
f 3511 3512 3442 3441
f 3440 3508 3509
f 3444 3516 3517
f 3517 3518 3445 3444
f 3446 3519 3520
f 3446 3520 3521
f 3445 3518 3519
f 3447 3522 3523
f 3448 3523 3524
f 3448 3525 3526
f 3449 3527 3528
f 3449 3526 3527
f 3448 3524 3525
f 3447 3521 3522
f 3444 3515 3516
f 3450 3529 3530
f 3451 3530 3531
f 3451 3532 3533
f 3452 3533 3534
f 3451 3531 3532
f 3453 3535 3536
f 3453 3536 3537
f 3454 3538 3539
f 3455 3540 3541
f 3454 3539 3540
f 3453 3537 3538
f 3452 3534 3535
f 3456 3542 3543
f 3456 3543 3544
f 3457 3545 3546
f 3458 3547 3548
f 3457 3546 3547
f 3456 3544 3545
f 3458 3549 3550
f 3459 3550 3551
f 3460 3552 3553
f 3461 3554 3555
f 3460 3553 3554
f 3459 3551 3552
f 3458 3548 3549
f 3455 3541 3542
f 3450 3528 3529
f 3437 3502 3438
f 3438 3502 3504
f 3439 3438 3506
f 3440 3439 3508
f 3510 3441 3440
f 3443 3442 3513
f 3523 3448 3447
f 3447 3446 3521
f 3443 3515 3444
f 3448 3526 3449
f 3528 3450 3449
f 3530 3451 3450
f 3535 3453 3452
f 3538 3454 3453
f 3452 3451 3533
f 3542 3456 3455
f 3545 3457 3456
f 3550 3459 3458
f 3554 3461 3460
f 3460 3459 3552
f 3458 3457 3547
f 3455 3454 3540
f 3519 3446 3445
f 3462 3461 3556 3557
f 3462 3557 3558
f 3463 3559 3560
f 3463 3560 3561
f 3462 3558 3559
f 3464 3562 3563
f 3464 3563 3564
f 3465 3565 3566
f 3466 3567 3568
f 3466 3566 3567
f 3465 3564 3565
f 3464 3561 3562
f 3462 3559 3463
f 3467 3568 3569
f 3463 3561 3464
f 3465 3464 3564
f 3467 3466 3568
f 3465 3566 3466
f 3467 3569 3570
f 3468 3467 3570 3571
f 3468 3571 3572
f 3469 3468 3573 3574
f 3572 3573 3468
f 3575 3469 3574
f 3461 3555 3556
f 3470 3575 3576
f 3470 3576 3577
f 3471 3578 3579
f 3471 3579 3580
f 3470 3577 3578
f 3472 3581 3582
f 3472 3582 3583
f 3473 3584 3585
f 3474 3586 3587
f 3474 3585 3586
f 3473 3583 3584
f 3472 3580 3581
f 3475 3588 3589
f 3475 3589 3590
f 3476 3591 3592
f 3477 3592 3593
f 3476 3590 3591
f 3478 3594 3595
f 3478 3595 3596
f 3479 3597 3598
f 3480 3599 3600
f 3479 3598 3599
f 3478 3596 3597
f 3477 3593 3594
f 3475 3587 3588
f 3481 3601 3602
f 3481 3602 3603
f 3482 3604 3605
f 3482 3605 3606
f 3481 3603 3604
f 3483 3607 3608
f 3484 3608 3609
f 3484 3610 3611
f 3485 3612 3613
f 3485 3611 3612
f 3484 3609 3610
f 3483 3606 3607
f 3486 3614 3615
f 3486 3615 3616
f 3487 3617 3618
f 3488 3619 3620
f 3488 3618 3619
f 3487 3616 3617
f 3489 3621 3622
f 3489 3622 3623
f 3490 3624 3625
f 3491 3626 3627
f 3491 3625 3626
f 3490 3623 3624
f 3489 3620 3621
f 3486 3613 3614
f 3480 3600 3601
f 3471 3470 3578
f 3472 3471 3580
f 3474 3473 3585
f 3475 3474 3587
f 3472 3583 3473
f 3479 3599 3480
f 3629 3492 3628
f 3477 3476 3592
f 3479 3478 3597
f 3477 3594 3478
f 3492 3629 3630
f 3590 3476 3475
f 3492 3627 3628
f 3481 3480 3601
f 3482 3481 3604
f 3484 3483 3608
f 3486 3485 3613
f 3484 3611 3485
f 3482 3606 3483
f 3488 3487 3618
f 3489 3488 3620
f 3491 3490 3625
f 3630 3493 3492
f 3491 3627 3492
f 3489 3623 3490
f 3486 3616 3487
f 3493 3630 3631
f 3494 3493 3632 3633
f 3494 3634 3635
f 3495 3635 3636
f 3494 3633 3634
f 3496 3637 3638
f 3496 3638 3639
f 3497 3640 3641
f 3498 3642 3643
f 3497 3641 3642
f 3496 3639 3640
f 3495 3636 3637
f 3495 3494 3635
f 3644 3498 3643
f 3645 3498 3644
f 3496 3495 3637
f 3498 3497 3642
f 3496 3640 3497
f 3499 3498 3645 3646
f 3499 3646 3647
f 3503 3647 3648
f 3499 3647 3503
f 3500 3503 3648
f 3499 3503 3501
f 3631 3632 3493
f 3469 3575 3470
f 3658 3913 3916 3914
f 3914 3916 3915 3650
f 3914 3659 3658
f 3651 3914 3650
f 3659 3914 3651
f 3660 3659 3651 3652
f 3661 3660 3652 3653
f 3662 3661 3653 3654
f 4069 3654 3655
f 3662 4069 3663
f 3654 4069 3662
f 4070 4069 3655 4068
f 4065 3663 4069 4070
f 3666 3917 3919 3918
f 3918 3919 3913 3658
f 3918 3667 3666
f 3659 3918 3658
f 3667 3918 3659
f 3668 3667 3659 3660
f 3669 3668 3660 3661
f 3670 3669 3661 3662
f 4066 3662 3663
f 3670 4066 3671
f 3662 4066 3670
f 4067 4066 3663 4065
f 4064 3671 4066 4067
f 3674 3920 3922 3921
f 3921 3922 3917 3666
f 3921 3675 3674
f 3667 3921 3666
f 3675 3921 3667
f 3676 3675 3667 3668
f 3677 3676 3668 3669
f 3678 3677 3669 3670
f 3679 3678 3670 3671
f 3683 3682 3674 3675
f 3684 3683 3675 3676
f 3685 3684 3676 3677
f 3686 3685 3677 3678
f 4062 3678 3679
f 3686 4062 3687
f 3678 4062 3686
f 4063 4062 3679 4061
f 4060 3687 4062 4063
f 3690 3923 3926 3924
f 3924 3926 3925 3682
f 3924 3691 3690
f 3683 3924 3682
f 3691 3924 3683
f 3692 3691 3683 3684
f 3693 3692 3684 3685
f 3694 3693 3685 3686
f 3695 3694 3686 3687
f 3698 3927 3929 3928
f 3928 3929 3923 3690
f 3928 3699 3698
f 3691 3928 3690
f 3699 3928 3691
f 3700 3699 3691 3692
f 3701 3700 3692 3693
f 3702 3701 3693 3694
f 4058 3694 3695
f 3702 4058 3703
f 3694 4058 3702
f 4059 4058 3695 4057
f 4054 3703 4058 4059
f 3706 3930 3932 3931
f 3931 3932 3927 3698
f 3931 3707 3706
f 3699 3931 3698
f 3707 3931 3699
f 3708 3707 3699 3700
f 3709 3708 3700 3701
f 3710 3709 3701 3702
f 4055 3702 3703
f 3710 4055 3711
f 3702 4055 3710
f 4056 4055 3703 4054
f 4053 3711 4055 4056
f 3715 3714 3706 3707
f 3716 3715 3707 3708
f 3717 3716 3708 3709
f 3718 3717 3709 3710
f 3719 3718 3710 3711
f 3722 3933 3936 3934
f 3934 3936 3935 3714
f 3934 3723 3722
f 3715 3934 3714
f 3723 3934 3715
f 3724 3723 3715 3716
f 3725 3724 3716 3717
f 3726 3725 3717 3718
f 4051 3718 3719
f 3726 4051 3727
f 3718 4051 3726
f 4052 4051 3719 4050
f 4047 3727 4051 4052
f 3730 3937 3939 3938
f 3938 3939 3933 3722
f 3938 3731 3730
f 3723 3938 3722
f 3731 3938 3723
f 3732 3731 3723 3724
f 3733 3732 3724 3725
f 3734 3733 3725 3726
f 4048 3726 3727
f 3734 4048 3735
f 3726 4048 3734
f 4049 4048 3727 4047
f 4044 3735 4048 4049
f 3739 3738 3730 3731
f 3740 3739 3731 3732
f 3741 3740 3732 3733
f 3742 3741 3733 3734
f 4045 3734 3735
f 3742 4045 3743
f 3734 4045 3742
f 4046 4045 3735 4044
f 4043 3743 4045 4046
f 3746 3940 3943 3941
f 3941 3943 3942 3738
f 3941 3747 3746
f 3739 3941 3738
f 3747 3941 3739
f 3748 3747 3739 3740
f 3749 3748 3740 3741
f 3750 3749 3741 3742
f 3751 3750 3742 3743
f 3754 3944 3946 3945
f 3945 3946 3940 3746
f 3945 3755 3754
f 3747 3945 3746
f 3755 3945 3747
f 3756 3755 3747 3748
f 3757 3756 3748 3749
f 3758 3757 3749 3750
f 4041 3750 3751
f 3758 4041 3759
f 3750 4041 3758
f 4042 4041 3751 4040
f 4037 3759 4041 4042
f 3763 3762 3754 3755
f 3764 3763 3755 3756
f 3765 3764 3756 3757
f 3766 3765 3757 3758
f 4038 3758 3759
f 3766 4038 3767
f 3758 4038 3766
f 4039 4038 3759 4037
f 4034 3767 4038 4039
f 3770 3947 3950 3948
f 3948 3950 3949 3762
f 3948 3771 3770
f 3763 3948 3762
f 3771 3948 3763
f 3772 3771 3763 3764
f 3773 3772 3764 3765
f 3774 3773 3765 3766
f 4035 3766 3767
f 3774 4035 3775
f 3766 4035 3774
f 4036 4035 3767 4034
f 4033 3775 4035 4036
f 3778 3951 3953 3952
f 3952 3953 3947 3770
f 3952 3779 3778
f 3771 3952 3770
f 3779 3952 3771
f 3780 3779 3771 3772
f 3781 3780 3772 3773
f 3782 3781 3773 3774
f 3783 3782 3774 3775
f 3787 3786 3778 3779
f 3788 3787 3779 3780
f 3789 3788 3780 3781
f 3790 3789 3781 3782
f 4031 3782 3783
f 3790 4031 3791
f 3782 4031 3790
f 4032 4031 3783 4030
f 4027 3791 4031 4032
f 3794 3954 3957 3955
f 3955 3957 3956 3786
f 3955 3795 3794
f 3787 3955 3786
f 3795 3955 3787
f 3796 3795 3787 3788
f 3797 3796 3788 3789
f 3798 3797 3789 3790
f 4028 3790 3791
f 3798 4028 3799
f 3790 4028 3798
f 4029 4028 3791 4027
f 4024 3799 4028 4029
f 3802 3958 3960 3959
f 3959 3960 3954 3794
f 3959 3803 3802
f 3795 3959 3794
f 3803 3959 3795
f 3804 3803 3795 3796
f 3805 3804 3796 3797
f 3806 3805 3797 3798
f 4025 3798 3799
f 3806 4025 3807
f 3798 4025 3806
f 4026 4025 3799 4024
f 4023 3807 4025 4026
f 3811 3810 3802 3803
f 3812 3811 3803 3804
f 3813 3812 3804 3805
f 3814 3813 3805 3806
f 3815 3814 3806 3807
f 3818 3961 3964 3962
f 3962 3964 3963 3810
f 3962 3819 3818
f 3811 3962 3810
f 3819 3962 3811
f 3820 3819 3811 3812
f 3821 3820 3812 3813
f 3822 3821 3813 3814
f 4021 3814 3815
f 3822 4021 3823
f 3814 4021 3822
f 4022 4021 3815 4020
f 4019 3823 4021 4022
f 3826 3965 3967 3966
f 3966 3967 3961 3818
f 3966 3827 3826
f 3819 3966 3818
f 3827 3966 3819
f 3828 3827 3819 3820
f 3829 3828 3820 3821
f 3830 3829 3821 3822
f 3831 3830 3822 3823
f 3834 3968 3970 3969
f 3969 3970 3965 3826
f 3969 3835 3834
f 3827 3969 3826
f 3835 3969 3827
f 3836 3835 3827 3828
f 3837 3836 3828 3829
f 3838 3837 3829 3830
f 4017 3830 3831
f 3838 4017 3839
f 3830 4017 3838
f 4018 4017 3831 4016
f 4015 3839 4017 4018
f 3843 3842 3834 3835
f 3844 3843 3835 3836
f 3845 3844 3836 3837
f 3846 3845 3837 3838
f 3847 3846 3838 3839
f 3850 3971 3974 3972
f 3972 3974 3973 3842
f 3972 3851 3850
f 3843 3972 3842
f 3851 3972 3843
f 3852 3851 3843 3844
f 3853 3852 3844 3845
f 3854 3853 3845 3846
f 4013 3846 3847
f 3854 4013 3855
f 3846 4013 3854
f 4014 4013 3847 4012
f 4011 3855 4013 4014
f 3858 3975 3977 3976
f 3976 3977 3971 3850
f 3976 3859 3858
f 3851 3976 3850
f 3859 3976 3851
f 3860 3859 3851 3852
f 3861 3860 3852 3853
f 3862 3861 3853 3854
f 3863 3862 3854 3855
f 3867 3866 3858 3859
f 3868 3867 3859 3860
f 3869 3868 3860 3861
f 3870 3869 3861 3862
f 4009 3862 3863
f 3870 4009 3871
f 3862 4009 3870
f 4010 4009 3863 4008
f 4005 3871 4009 4010
f 3874 3978 3981 3979
f 3979 3981 3980 3866
f 3979 3875 3874
f 3867 3979 3866
f 3875 3979 3867
f 3876 3875 3867 3868
f 3877 3876 3868 3869
f 3878 3877 3869 3870
f 4006 3870 3871
f 3878 4006 3879
f 3870 4006 3878
f 4007 4006 3871 4005
f 4004 3879 4006 4007
f 3882 3982 3984 3983
f 3983 3984 3978 3874
f 3983 3883 3882
f 3875 3983 3874
f 3883 3983 3875
f 3884 3883 3875 3876
f 3885 3884 3876 3877
f 3886 3885 3877 3878
f 3887 3886 3878 3879
f 3890 3985 3987 3986
f 3986 3987 3982 3882
f 3986 3891 3890
f 3883 3986 3882
f 3891 3986 3883
f 3892 3891 3883 3884
f 3893 3892 3884 3885
f 3894 3893 3885 3886
f 4002 3886 3887
f 3894 4002 3895
f 3886 4002 3894
f 4003 4002 3887 4001
f 3998 3895 4002 4003
f 3898 3988 3990 3989
f 3989 3990 3985 3890
f 3989 3899 3898
f 3891 3989 3890
f 3899 3989 3891
f 3900 3899 3891 3892
f 3901 3900 3892 3893
f 3902 3901 3893 3894
f 3999 3894 3895
f 3902 3999 3903
f 3894 3999 3902
f 4000 3999 3895 3998
f 3995 3903 3999 4000
f 3906 3991 3993 3992
f 3992 3993 3988 3898
f 3992 3907 3906
f 3899 3992 3898
f 3907 3992 3899
f 3908 3907 3899 3900
f 3909 3908 3900 3901
f 3910 3909 3901 3902
f 3996 3902 3903
f 3910 3996 3911
f 3902 3996 3910
f 3997 3996 3903 3995
f 3994 3911 3996 3997
f 3916 3649 3915
f 3657 3649 3916
f 3657 3916 3913
f 3657 3913 3919
f 3919 3665 3657
f 3917 3665 3919
f 3665 3922 3920 3673
f 3689 3681 3926
f 3697 3932 3930 3705
f 3697 3689 3929
f 3681 3673 3920 3925
f 3930 3935 3713 3705
f 3665 3917 3922
f 3925 3920 3674 3682
f 3689 3926 3923
f 3689 3923 3929
f 3697 3927 3932
f 3706 3714 3935 3930
f 3927 3697 3929
f 3926 3681 3925
f 3936 3713 3935
f 3721 3713 3936
f 3729 3721 3939
f 3721 3936 3933
f 3721 3933 3939
f 3939 3937 3729
f 3737 3729 3937 3942
f 3745 3737 3943
f 3761 3753 3944 3949
f 3946 3753 3745
f 3769 3761 3950
f 3769 3953 3951 3777
f 3737 3942 3943
f 3745 3943 3940
f 3942 3937 3730 3738
f 3946 3745 3940
f 3754 3762 3949 3944
f 3761 3949 3950
f 3953 3769 3947
f 3947 3769 3950
f 3944 3753 3946
f 3951 3956 3785 3777
f 3656 4070 4068
f 3664 4067 4065
f 3672 4064 4067
f 4064 4061 3679 3671
f 3664 4065 4070
f 3680 4063 4061
f 3695 3687 4060 4057
f 4053 4050 3719 3711
f 4061 4064 3672 3680
f 3664 4070 3656
f 4060 4063 3688
f 3688 3696 4057 4060
f 3672 4067 3664
f 3688 4063 3680
f 3704 4054 4059
f 3704 4056 4054
f 3704 4059 3696
f 3712 4053 4056 3704
f 3712 3720 4050 4053
f 4057 3696 4059
f 3720 4052 4050
f 3728 4047 4052
f 3736 4044 4049
f 3736 4046 4044
f 3728 4049 4047
f 3751 3743 4043 4040
f 4040 4043 3744 3752
f 4033 4030 3783 3775
f 3744 4043 4046
f 3728 4052 3720
f 4042 4040 3752
f 4042 3752 3760
f 3736 4049 3728
f 3736 3744 4046
f 3760 4037 4042
f 3768 4034 4039
f 3768 4036 4034
f 3768 4039 3760
f 4036 3768 3776
f 3776 3784 4030 4033
f 4036 3776 4033
f 4037 3760 4039
f 3778 3786 3956 3951
f 3957 3785 3956
f 3793 3785 3957
f 3793 3957 3954
f 3793 3954 3960
f 3960 3801 3793
f 3958 3963 3809 3801
f 3817 3967 3965 3825
f 3964 3817 3809
f 3833 3825 3970
f 3968 3973 3841 3833
f 3960 3958 3801
f 3802 3810 3963 3958
f 3817 3964 3961
f 3817 3961 3967
f 3825 3965 3970
f 3834 3842 3973 3968
f 3968 3833 3970
f 3964 3809 3963
f 3974 3841 3973
f 3849 3841 3974
f 3857 3849 3977
f 3849 3974 3971
f 3849 3971 3977
f 3977 3975 3857
f 3865 3857 3975 3980
f 3873 3865 3981
f 3881 3987 3889
f 3984 3881 3873
f 3889 3985 3990 3897
f 3897 3988 3993 3905
f 3865 3980 3981
f 3873 3981 3978
f 3980 3975 3858 3866
f 3984 3873 3978
f 3881 3982 3987
f 3889 3987 3985
f 3897 3990 3988
f 3905 3993 3991
f 3982 3881 3984
f 3784 4032 4030
f 3792 4027 4032
f 3800 4024 4029
f 3800 4026 4024
f 3792 4029 4027
f 4020 4023 3808 3816
f 3815 3807 4023 4020
f 3831 3823 4019 4016
f 3847 3839 4015 4012
f 3808 4023 4026
f 3792 4032 3784
f 4022 4020 3816
f 4022 3816 3824
f 3800 4029 3792
f 3800 3808 4026
f 3824 4019 4022
f 3832 4018 4016
f 3840 4015 4018
f 4016 4019 3824 3832
f 4012 4015 3840 3848
f 4018 3832 3840
f 4012 3848 4014
f 3863 3855 4011 4008
f 4008 4011 3856 3864
f 3864 4010 4008
f 3856 4011 4014
f 3887 3879 4004 4001
f 3880 4004 4007
f 3888 4003 4001
f 4001 4004 3880 3888
f 3872 4007 4005
f 3872 4005 4010
f 3848 3856 4014
f 4003 3896 3998
f 3872 4010 3864
f 3872 3880 4007
f 4003 3888 3896
f 3904 3995 4000
f 3904 3997 3995
f 3904 4000 3998 3896
f 3997 3904 3912
f 3997 3912 3994
f 4111 4104 4103 4109
f 4104 4106 4105 4103
f 4103 4105 4108 4107
f 4109 4103 4107 4110
f 4108 4074 4075
f 4072 4073 4105
f 4073 4074 4108
f 4076 4108 4075
f 4107 4078 4079
f 4108 4077 4078
f 4076 4077 4108
f 4107 4108 4078
f 4108 4105 4073
f 4107 4079 4080
f 4102 4106 4101
f 4100 4101 4106
f 4106 4099 4100
f 4071 4105 4102
f 4102 4105 4106
f 4098 4106 4097
f 4104 4096 4097
f 4104 4097 4106
f 4099 4106 4098
f 4105 4071 4072
f 4107 4081 4110
f 4083 4110 4082
f 4086 4109 4110
f 4082 4110 4081
f 4110 4084 4085
f 4109 4086 4087
f 4086 4110 4085
f 4084 4110 4083
f 4088 4109 4087
f 4094 4104 4111
f 4095 4104 4094
f 4093 4094 4111
f 4093 4111 4092
f 4096 4104 4095
f 4089 4090 4111
f 4092 4111 4091
f 4091 4111 4090
f 4089 4111 4109
f 4109 4088 4089
f 4081 4107 4080
f 4112 4297 4114 4113
f 4114 4297 4298
f 4115 4299 4300
f 4116 4300 4301
f 4115 4298 4299
f 4117 4302 4303
f 4117 4303 4304
f 4118 4305 4306
f 4119 4306 4307
f 4118 4304 4305
f 4301 4302 4117 4116
f 4120 4308 4309
f 4120 4309 4310
f 4121 4311 4312
f 4122 4312 4313
f 4121 4310 4311
f 4123 4314 4187
f 4187 4188 4124 4123
f 4125 4189 4190
f 4126 4191 4192
f 4125 4190 4191
f 4124 4188 4189
f 4122 4313 4314
f 4119 4307 4308
f 4127 4193 4194
f 4194 4195 4128 4127
f 4129 4196 4197
f 4129 4197 4198
f 4128 4195 4196
f 4130 4199 4200
f 4131 4200 4201
f 4132 4202 4203
f 4203 4204 4133 4132
f 4131 4201 4202
f 4130 4198 4199
f 4205 4206 4134 4133
f 4134 4206 4207
f 4135 4208 4209
f 4136 4209 4210
f 4135 4207 4208
f 4137 4211 4212
f 4212 4213 4138 4137
f 4139 4214 4215
f 4140 4216 4217
f 4139 4215 4216
f 4138 4213 4214
f 4136 4210 4211
f 4133 4204 4205
f 4126 4192 4193
f 4115 4114 4298
f 4118 4117 4304
f 4115 4300 4116
f 4120 4119 4308
f 4121 4120 4310
f 4123 4122 4314
f 4121 4312 4122
f 4118 4306 4119
f 4126 4125 4191
f 4127 4126 4193
f 4129 4128 4196
f 4130 4129 4198
f 4132 4131 4202
f 4135 4134 4207
f 4137 4136 4211
f 4135 4209 4136
f 4130 4200 4131
f 4124 4189 4125
f 4141 4218 4219
f 4219 4220 4142 4141
f 4143 4221 4222
f 4143 4222 4223
f 4142 4220 4221
f 4144 4224 4225
f 4145 4225 4226
f 4146 4227 4228
f 4147 4229 4230
f 4228 4229 4147 4146
f 4145 4226 4227
f 4144 4223 4224
f 4138 4214 4139
f 4139 4216 4140
f 4143 4142 4221
f 4141 4140 4217 4218
f 4145 4144 4225
f 4223 4144 4143
f 4232 4148 4231
f 4146 4145 4227
f 4148 4147 4230 4231
f 4148 4232 4149
f 4149 4233 4234
f 4150 4234 4235
f 4151 4236 4237
f 4152 4237 4238
f 4235 4236 4151 4150
f 4153 4239 4240
f 4153 4240 4241
f 4154 4242 4243
f 4155 4243 4244
f 4154 4241 4242
f 4152 4238 4239
f 4156 4245 4246
f 4157 4246 4247
f 4158 4248 4249
f 4158 4249 4250
f 4157 4247 4248
f 4251 4252 4160 4159
f 4160 4252 4253
f 4161 4254 4255
f 4162 4256 4257
f 4162 4255 4256
f 4161 4253 4254
f 4159 4250 4251
f 4244 4245 4156 4155
f 4163 4258 4259
f 4164 4259 4260
f 4165 4261 4262
f 4166 4262 4263
f 4260 4261 4165 4164
f 4167 4264 4265
f 4167 4265 4266
f 4267 4268 4169 4168
f 4170 4269 4270
f 4169 4268 4269
f 4168 4266 4267
f 4166 4263 4264
f 4171 4271 4272
f 4171 4272 4273
f 4172 4274 4275
f 4173 4275 4276
f 4172 4273 4274
f 4174 4277 4278
f 4175 4278 4279
f 4176 4280 4281
f 4177 4282 4283
f 4176 4281 4282
f 4175 4279 4280
f 4276 4277 4174 4173
f 4170 4270 4271
f 4163 4257 4258
f 4150 4149 4234
f 4153 4152 4239
f 4154 4153 4241
f 4151 4237 4152
f 4157 4156 4246
f 4159 4158 4250
f 4157 4248 4158
f 4154 4243 4155
f 4162 4161 4255
f 4163 4162 4257
f 4166 4165 4262
f 4163 4259 4164
f 4168 4167 4266
f 4171 4170 4271
f 4173 4172 4275
f 4171 4273 4172
f 4169 4269 4170
f 4166 4264 4167
f 4160 4253 4161
f 4178 4284 4285
f 4179 4285 4286
f 4180 4287 4288
f 4180 4288 4289
f 4179 4286 4287
f 4181 4290 4291
f 4182 4291 4292
f 4183 4293 4294
f 4184 4295 4296
f 4184 4294 4295
f 4292 4293 4183 4182
f 4181 4289 4290
f 4174 4278 4175
f 4175 4280 4176
f 4178 4177 4283 4284
f 4179 4178 4285
f 4282 4177 4176
f 4180 4289 4181
f 4287 4180 4179
f 4181 4291 4182
f 4186 4184 4296 4185
f 4183 4294 4184
f 4232 4233 4149
f 4370 4377 4376
f 4377 4374 4373 4376
f 4376 4316 4370
f 4371 4376 4373
f 4316 4376 4371
f 4375 4371 4373
f 4315 4375 4372
f 4371 4375 4315
f 4378 4380 4379 4317
f 4380 4370 4316 4379
f 4417 4423 4418
f 4418 4423 4419
f 4421 4423 4424
f 4421 4420 4423
f 4420 4419 4423
f 4422 4421 4424
f 4425 4423 4414
f 4423 4415 4414
f 4423 4318 4349
f 4417 4416 4423
f 4318 4423 4425
f 4348 4423 4349
f 4423 4416 4415
f 4414 4413 4425
f 4350 4422 4424
f 4352 4351 4424
f 4352 4424 4353
f 4426 4354 4424
f 4354 4426 4355
f 4424 4343 4426
f 4426 4356 4355
f 4347 4346 4424
f 4345 4424 4346
f 4347 4423 4348
f 4347 4424 4423
f 4344 4343 4424
f 4424 4345 4344
f 4354 4353 4424
f 4342 4426 4343
f 4351 4350 4424
f 4410 4425 4411
f 4412 4411 4425
f 4425 4320 4319
f 4425 4409 4427
f 4410 4409 4425
f 4321 4425 4427
f 4413 4412 4425
f 4425 4319 4318
f 4406 4427 4407
f 4408 4407 4427
f 4406 4405 4427
f 4428 4405 4404
f 4404 4403 4428
f 4405 4428 4427
f 4427 4409 4408
f 4320 4425 4321
f 4427 4428 4323
f 4322 4427 4323
f 4428 4325 4324
f 4398 4429 4399
f 4429 4326 4428
f 4428 4324 4323
f 4401 4428 4402
f 4428 4403 4402
f 4428 4401 4400
f 4326 4325 4428
f 4428 4400 4399
f 4428 4399 4429
f 4429 4398 4397
f 4396 4429 4397
f 4326 4429 4327
f 4322 4321 4427
f 4356 4426 4357
f 4359 4358 4426
f 4357 4426 4358
f 4359 4426 4430
f 4361 4360 4430
f 4430 4362 4361
f 4359 4430 4360
f 4363 4362 4430
f 4340 4426 4341
f 4430 4340 4339
f 4338 4315 4339
f 4430 4339 4315
f 4315 4338 4337
f 4336 4371 4337
f 4340 4430 4426
f 4430 4364 4363
f 4365 4364 4315
f 4430 4315 4364
f 4366 4365 4315
f 4367 4366 4372
f 4368 4367 4375
f 4372 4375 4367
f 4366 4315 4372
f 4335 4316 4336
f 4336 4316 4371
f 4374 4369 4368
f 4369 4374 4377
f 4373 4374 4368
f 4373 4368 4375
f 4381 4377 4370
f 4337 4371 4315
f 4431 4331 4330
f 4431 4330 4329
f 4379 4335 4334
f 4332 4331 4432
f 4432 4333 4332
f 4331 4431 4432
f 4393 4429 4394
f 4328 4327 4429
f 4429 4395 4394
f 4429 4329 4328
f 4396 4395 4429
f 4392 4391 4431
f 4431 4391 4390
f 4431 4393 4392
f 4429 4393 4431
f 4429 4431 4329
f 4317 4334 4333
f 4317 4333 4432
f 4380 4378 4382
f 4432 4378 4317
f 4382 4378 4383
f 4381 4380 4382
f 4379 4316 4335
f 4383 4378 4384
f 4389 4388 4432
f 4387 4432 4388
f 4389 4431 4390
f 4389 4432 4431
f 4385 4432 4386
f 4386 4432 4387
f 4384 4432 4385
f 4384 4378 4432
f 4379 4334 4317
f 4370 4380 4381
f 4426 4342 4341
f 4439 5296 5298 5295
f 5300 5298 5296
f 4434 5297 5300
f 5296 4434 5300
f 5298 5300 5302 5299
f 5300 5297 5301 5302
f 5811 5779 5815
f 5813 4440 5811
f 5815 5813 5811
f 5825 4435 5814
f 5815 5779 5825
f 5814 5815 5825
f 5815 5814 4434 5296
f 5813 5815 5296 4439
f 4441 6015 6016 6004
f 5818 5816 5780 5817
f 5806 5818 5817 5791
f 5772 5804 5808 5805
f 5808 5806 5791 5807
f 5805 5808 5807 5767
f 5832 5834 5833 5827
f 5823 5819 5843
f 5843 5826 5810
f 5810 5780 5823
f 5823 5843 5810
f 5819 5827 5846 5843
f 5846 5844 5824 5845
f 5843 5846 5845 5826
f 5845 5824 4435
f 5825 5826 5845
f 4435 5825 5845
f 5810 5826 5825 5779
f 5807 5791 5812
f 5809 5767 5807
f 5812 5809 5807
f 5817 5780 5810
f 5812 5791 5817
f 5810 5812 5817
f 5812 5810 5779 5811
f 5809 5812 5811 4440
f 5800 5776 4442
f 5198 5790 5800
f 4442 5198 5800
f 5999 5790 5198
f 4436 5789 5999
f 5198 4436 5999
f 5790 5999 6001 5801
f 6011 5787 5776
f 5800 5802 6011
f 5776 5800 6011
f 5800 5790 5801 5802
f 6017 5798 5787
f 6011 6013 6017
f 5787 6011 6017
f 6011 5802 6012 6013
f 5798 6017 6019 6009
f 6017 6013 6018 6019
f 6019 6018 5803 6014
f 6015 4441 6009
f 6019 6014 6015
f 6009 6019 6015
f 5202 5200 5199 5201
f 5194 5202 5201 5188
f 5205 5203 5197 5204
f 5200 5205 5204 5199
f 5204 5197 4436
f 5198 5199 5204
f 4436 5198 5204
f 5201 5199 5198
f 4442 5188 5201
f 5198 4442 5201
f 5315 5307 4444
f 5308 5309 5315
f 4444 5308 5315
f 5311 5309 5308
f 4439 5295 5311
f 5308 4439 5311
f 5309 5311 5313 5310
f 5311 5295 5312 5313
f 5307 5315 5316 5314
f 5315 5309 5310 5316
f 5308 5768 5813
f 5768 4440 5813
f 5813 4439 5308
f 5308 4444 4445 5768
f 5770 5769 5765
f 4446 5766 5770
f 5765 4446 5770
f 5781 5774 5770
f 5766 5771 5781
f 5770 5766 5781
f 5792 5784 5781
f 5771 5782 5792
f 5781 5771 5792
f 6002 5795 5792
f 5782 5793 6002
f 5792 5782 6002
f 5793 6003 6006 6002
f 6003 4441 6004 6006
f 6002 6006 6005 5795
f 5792 5795 5794 5784
f 5781 5784 5783 5774
f 5783 5772 5805
f 5805 5767 5773
f 5773 5774 5783
f 5783 5805 5773
f 5770 5774 5773 5769
f 5773 5767 5809
f 5809 4440 5768
f 5768 5769 5773
f 5773 5809 5768
f 5765 5769 5768 4445
f 4447 5189 5777 5775
f 5786 5777 5189
f 4442 5776 5786
f 5189 4442 5786
f 5777 5786 5788 5785
f 5797 5788 5786
f 5776 5787 5797
f 5786 5776 5797
f 5788 5797 5799 5796
f 6008 5799 5797
f 5787 5798 6008
f 5797 5787 6008
f 5799 6008 6010 6007
f 6008 5798 6009 6010
f 6003 5793 6010
f 6009 4441 6003
f 6010 6009 6003
f 6007 6010 5793 5782
f 6007 5782 5771
f 5796 5799 6007
f 5771 5796 6007
f 5796 5771 5766
f 5785 5788 5796
f 5766 5785 5796
f 5785 5766 4446
f 5775 5777 5785
f 4446 5775 5785
f 5193 5191 5190 5192
f 5185 5193 5192 5179
f 5196 5194 5188 5195
f 5191 5196 5195 5190
f 5195 5188 4442
f 5189 5190 5195
f 4442 5189 5195
f 5192 5190 5189
f 4447 5179 5192
f 5189 4447 5192
f 5321 5317 4449
f 5318 5319 5321
f 4449 5318 5321
f 5318 4444 5307 5319
f 5317 5321 5323 5320
f 5321 5319 5322 5323
f 5318 4449 4450
f 4445 4444 5318
f 4450 4445 5318
f 5765 4445 4450
f 4451 4446 5765
f 4450 4451 5765
f 5180 4447 5775
f 5775 4446 4451
f 4451 4452 5180
f 5180 5775 4451
f 5184 5182 5181 5183
f 5176 5184 5183 5170
f 5187 5185 5179 5186
f 5182 5187 5186 5181
f 5186 5179 4447
f 5180 5181 5186
f 4447 5180 5186
f 5183 5181 5180
f 4452 5170 5183
f 5180 4452 5183
f 5328 5324 4454
f 5325 5326 5328
f 4454 5325 5328
f 5325 4449 5317 5326
f 5324 5328 5330 5327
f 5328 5326 5329 5330
f 5325 4454 4455
f 4450 4449 5325
f 4455 4450 5325
f 4456 4451 4450 4455
f 5171 4452 4451
f 4456 4457 5171
f 4451 4456 5171
f 5175 5173 5172 5174
f 5167 5175 5174 5161
f 5178 5176 5170 5177
f 5173 5178 5177 5172
f 5177 5170 4452
f 5171 5172 5177
f 4452 5171 5177
f 5174 5172 5171
f 4457 5161 5174
f 5171 4457 5174
f 4459 5332 5333 5331
f 5332 4454 5324 5333
f 5332 4459 4460
f 4455 4454 5332
f 4460 4455 5332
f 4461 4456 4455 4460
f 5162 4457 4456
f 4461 4462 5162
f 4456 4461 5162
f 5166 5164 5163 5165
f 5158 5166 5165 5152
f 5169 5167 5161 5168
f 5164 5169 5168 5163
f 5168 5161 4457
f 5162 5163 5168
f 4457 5162 5168
f 5165 5163 5162
f 4462 5152 5165
f 5162 4462 5165
f 5342 5334 4464
f 5335 5336 5342
f 4464 5335 5342
f 5338 5336 5335
f 4459 5331 5338
f 5335 4459 5338
f 5336 5338 5340 5337
f 5338 5331 5339 5340
f 5334 5342 5343 5341
f 5342 5336 5337 5343
f 5335 4464 4465
f 4460 4459 5335
f 4465 4460 5335
f 4466 4461 4460 4465
f 5153 4462 4461
f 4466 4467 5153
f 4461 4466 5153
f 5157 5155 5154 5156
f 5149 5157 5156 5143
f 5160 5158 5152 5159
f 5155 5160 5159 5154
f 5159 5152 4462
f 5153 5154 5159
f 4462 5153 5159
f 5156 5154 5153
f 4467 5143 5156
f 5153 4467 5156
f 4469 5345 5346 5344
f 5345 4464 5334 5346
f 5345 4469 4470
f 4465 4464 5345
f 4470 4465 5345
f 4471 4466 4465 4470
f 5144 4467 4466
f 4471 4472 5144
f 4466 4471 5144
f 5148 5146 5145 5147
f 5140 5148 5147 5134
f 5151 5149 5143 5150
f 5146 5151 5150 5145
f 5150 5143 4467
f 5144 5145 5150
f 4467 5144 5150
f 5147 5145 5144
f 4472 5134 5147
f 5144 4472 5147
f 5355 5347 4474
f 5348 5349 5355
f 4474 5348 5355
f 5351 5349 5348
f 4469 5344 5351
f 5348 4469 5351
f 5349 5351 5353 5350
f 5351 5344 5352 5353
f 5347 5355 5356 5354
f 5355 5349 5350 5356
f 5348 4474 4475
f 4470 4469 5348
f 4475 4470 5348
f 4476 4471 4470 4475
f 5135 4472 4471
f 4476 4477 5135
f 4471 4476 5135
f 5139 5137 5136 5138
f 5131 5139 5138 5125
f 5142 5140 5134 5141
f 5137 5142 5141 5136
f 5141 5134 4472
f 5135 5136 5141
f 4472 5135 5141
f 5138 5136 5135
f 4477 5125 5138
f 5135 4477 5138
f 4479 5358 5359 5357
f 5358 4474 5347 5359
f 5358 4479 4480
f 4475 4474 5358
f 4480 4475 5358
f 4481 4476 4475 4480
f 5126 4477 4476
f 4481 4482 5126
f 4476 4481 5126
f 5130 5128 5127 5129
f 5122 5130 5129 5116
f 5133 5131 5125 5132
f 5128 5133 5132 5127
f 5132 5125 4477
f 5126 5127 5132
f 4477 5126 5132
f 5129 5127 5126
f 4482 5116 5129
f 5126 4482 5129
f 5368 5360 4484
f 5361 5362 5368
f 4484 5361 5368
f 5364 5362 5361
f 4479 5357 5364
f 5361 4479 5364
f 5362 5364 5366 5363
f 5364 5357 5365 5366
f 5360 5368 5369 5367
f 5368 5362 5363 5369
f 5361 4484 4485
f 4480 4479 5361
f 4485 4480 5361
f 4486 4481 4480 4485
f 5117 4482 4481
f 4486 4487 5117
f 4481 4486 5117
f 5121 5119 5118 5120
f 5113 5121 5120 5107
f 5124 5122 5116 5123
f 5119 5124 5123 5118
f 5123 5116 4482
f 5117 5118 5123
f 4482 5117 5123
f 5120 5118 5117
f 4487 5107 5120
f 5117 4487 5120
f 4489 5371 5372 5370
f 5371 4484 5360 5372
f 5371 4489 4490
f 4485 4484 5371
f 4490 4485 5371
f 4491 4486 4485 4490
f 5108 4487 4486
f 4491 4492 5108
f 4486 4491 5108
f 5112 5110 5109 5111
f 5104 5112 5111 5098
f 5115 5113 5107 5114
f 5110 5115 5114 5109
f 5114 5107 4487
f 5108 5109 5114
f 4487 5108 5114
f 5111 5109 5108
f 4492 5098 5111
f 5108 4492 5111
f 5381 5373 4494
f 5374 5375 5381
f 4494 5374 5381
f 5377 5375 5374
f 4489 5370 5377
f 5374 4489 5377
f 5375 5377 5379 5376
f 5377 5370 5378 5379
f 5373 5381 5382 5380
f 5381 5375 5376 5382
f 5374 4494 4495
f 4490 4489 5374
f 4495 4490 5374
f 4496 4491 4490 4495
f 5099 4492 4491
f 4496 4497 5099
f 4491 4496 5099
f 5103 5101 5100 5102
f 5095 5103 5102 5089
f 5106 5104 5098 5105
f 5101 5106 5105 5100
f 5105 5098 4492
f 5099 5100 5105
f 4492 5099 5105
f 5102 5100 5099
f 4497 5089 5102
f 5099 4497 5102
f 4499 5384 5385 5383
f 5384 4494 5373 5385
f 5384 4499 4500
f 4495 4494 5384
f 4500 4495 5384
f 4501 4496 4495 4500
f 5090 4497 4496
f 4501 4502 5090
f 4496 4501 5090
f 5094 5092 5091 5093
f 5086 5094 5093 5080
f 5097 5095 5089 5096
f 5092 5097 5096 5091
f 5096 5089 4497
f 5090 5091 5096
f 4497 5090 5096
f 5093 5091 5090
f 4502 5080 5093
f 5090 4502 5093
f 4504 5387 5388 5386
f 5390 5388 5387
f 4499 5383 5390
f 5387 4499 5390
f 5388 5390 5392 5389
f 5390 5383 5391 5392
f 5387 4504 4505
f 4500 4499 5387
f 4505 4500 5387
f 4506 4501 4500 4505
f 5081 4502 4501
f 4506 4507 5081
f 4501 4506 5081
f 5085 5083 5082 5084
f 5077 5085 5084 5071
f 5088 5086 5080 5087
f 5083 5088 5087 5082
f 5087 5080 4502
f 5081 5082 5087
f 4502 5081 5087
f 5084 5082 5081
f 4507 5071 5084
f 5081 4507 5084
f 4509 5394 5395 5393
f 5397 5395 5394
f 4504 5386 5397
f 5394 4504 5397
f 5395 5397 5399 5396
f 5397 5386 5398 5399
f 5394 4509 4510
f 4505 4504 5394
f 4510 4505 5394
f 4511 4506 4505 4510
f 5072 4507 4506
f 4511 4512 5072
f 4506 4511 5072
f 5076 5074 5073 5075
f 5068 5076 5075 5061
f 5079 5077 5071 5078
f 5074 5079 5078 5073
f 5078 5071 4507
f 5072 5073 5078
f 4507 5072 5078
f 5075 5073 5072
f 4512 5061 5075
f 5072 4512 5075
f 5408 5400 4514
f 5401 5402 5408
f 4514 5401 5408
f 5404 5402 5401
f 4509 5393 5404
f 5401 4509 5404
f 5402 5404 5406 5403
f 5404 5393 5405 5406
f 5400 5408 5409 5407
f 5408 5402 5403 5409
f 5401 4514 4515
f 4510 4509 5401
f 4515 4510 5401
f 4516 4511 4510 4515
f 5062 4512 4511
f 4516 4517 5062
f 4511 4516 5062
f 5067 5065 5063 5066
f 5064 5067 5066 5055
f 5070 5068 5061 5069
f 5065 5070 5069 5063
f 5069 5061 4512
f 5062 5063 5069
f 4512 5062 5069
f 5066 5063 5062
f 4517 5055 5066
f 5062 4517 5066
f 5414 5410 4519
f 5411 5412 5414
f 4519 5411 5414
f 5411 4514 5400 5412
f 5410 5414 5416 5413
f 5414 5412 5415 5416
f 5411 4519 4520
f 4515 4514 5411
f 4520 4515 5411
f 4521 4516 4515 4520
f 5056 4517 4516
f 4521 4522 5056
f 4516 4521 5056
f 5060 5058 5057 5059
f 5052 5060 5059 5046
f 5057 5055 4517 5056
f 5059 5057 5056
f 4522 5046 5059
f 5056 4522 5059
f 5431 5417 4524
f 5418 5419 5431
f 4524 5418 5431
f 5418 4519 5410 5419
f 5438 5425 5417
f 5431 5433 5438
f 5417 5431 5438
f 5431 5419 5432 5433
f 5425 5438 5440 5429
f 5438 5433 5439 5440
f 5418 4524 4525
f 4520 4519 5418
f 4525 4520 5418
f 4526 4521 4520 4525
f 5047 4522 4521
f 4526 4527 5047
f 4521 4526 5047
f 5051 5049 5048 5050
f 5043 5051 5050 5037
f 5054 5052 5046 5053
f 5049 5054 5053 5048
f 5053 5046 4522
f 5047 5048 5053
f 4522 5047 5053
f 5050 5048 5047
f 4527 5037 5050
f 5047 4527 5050
f 5444 5420 4528
f 5421 5422 5444
f 4528 5421 5444
f 5424 5422 5421
f 4524 5417 5424
f 5421 4524 5424
f 5443 5423 5422
f 5424 5426 5443
f 5422 5424 5443
f 5428 5426 5424
f 5417 5425 5428
f 5424 5417 5428
f 5441 5427 5426
f 5428 5430 5441
f 5426 5428 5441
f 5435 5430 5428
f 5425 5429 5435
f 5428 5425 5435
f 5430 5435 5437 5434
f 5435 5429 5436 5437
f 5441 5430 5434 5442
f 5421 4528 4529
f 4525 4524 5421
f 4529 4525 5421
f 4530 4526 4525 4529
f 5038 4527 4526
f 4530 4531 5038
f 4526 4530 5038
f 5042 5040 5039 5041
f 5034 5042 5041 5030
f 5045 5043 5037 5044
f 5040 5045 5044 5039
f 5044 5037 4527
f 5038 5039 5044
f 4527 5038 5044
f 5041 5039 5038
f 4531 5030 5041
f 5038 4531 5041
f 5445 4528 5420 5446
f 5445 4532 4533
f 4529 4528 5445
f 4533 4529 5445
f 4534 4530 4529 4533
f 5031 4531 4530
f 4534 4535 5031
f 4530 4534 5031
f 5036 5034 5030 5035
f 5033 5036 5035 5032
f 5035 5030 4531
f 5031 5032 5035
f 4531 5031 5035
f 5027 5032 5031 4535
f 5474 4536 4537
f 4533 4532 5474
f 4537 4533 5474
f 4538 4534 4533 4537
f 5028 4535 4534
f 4538 4539 5028
f 4534 4538 5028
f 5029 5027 4535 5028
f 5024 5029 5028 4539
f 5475 4540 4541
f 4537 4536 5475
f 4541 4537 5475
f 4542 4538 4537 4541
f 5025 4539 4538
f 4542 4543 5025
f 4538 4542 5025
f 5026 5024 4539 5025
f 5021 5026 5025 4543
f 4545 4542 4541 4544
f 5022 4543 4542
f 4545 4546 5022
f 4542 4545 5022
f 5023 5021 4543 5022
f 5018 5023 5022 4546
f 4547 5477 5479 5476
f 5477 4544 5478 5479
f 5477 4547 4548
f 4545 4544 5477
f 4548 4545 5477
f 5019 4546 4545
f 4548 4549 5019
f 4545 4548 5019
f 5020 5018 4546 5019
f 5015 5020 5019 4549
f 4552 5481 5482 5480
f 5481 4547 5476 5482
f 5481 4552 4553
f 4548 4547 5481
f 4553 4548 5481
f 5016 4549 4548
f 4553 4554 5016
f 4548 4553 5016
f 5017 5015 4549 5016
f 5012 5017 5016 4554
f 4556 5483 5484
f 5483 4552 5480 5484
f 5483 4556 4557
f 4553 4552 5483
f 4557 4553 5483
f 5013 4554 4553
f 4557 4558 5013
f 4553 4557 5013
f 5014 5012 4554 5013
f 5009 5014 5013 4558
f 5485 4560 5493
f 5493 4561 4557
f 4557 4556 5485
f 5485 5493 4557
f 5010 4558 4557
f 4561 4562 5010
f 4557 4561 5010
f 5011 5009 4558 5010
f 5006 5011 5010 4562
f 5486 5488 5490 5487
f 5488 4560 5489 5490
f 4565 5492 5494 5491
f 5492 4561 5493 5494
f 5488 5486 5494
f 5493 4560 5488
f 5494 5493 5488
f 5491 5494 5486 4564
f 5007 4562 4561 5492
f 5492 4565 4566 5007
f 5008 5006 4562 5007
f 5003 5008 5007 4566
f 5525 5526 5529 5527
f 5528 5529 5526
f 5510 5531 5532 5530
f 5531 5525 5527 5532
f 4568 5504 5505 5503
f 5504 5495 5496 5505
f 5495 5497 5499 5496
f 5497 4564 5498 5499
f 4569 5501 5502 5500
f 5501 4565 5491 5502
f 5497 5495 5502
f 5491 4564 5497
f 5502 5491 5497
f 5504 4568 5500
f 5502 5495 5504
f 5500 5502 5504
f 5004 4566 4565 5501
f 5501 4569 4570 5004
f 5005 5003 4566 5004
f 5000 5005 5004 4570
f 4572 5514 5522 5519
f 5522 5520 5511 5521
f 5519 5522 5521 5509
f 5509 5521 5535 5533
f 5521 5511 5534 5535
f 5513 5506 4573
f 5507 5508 5513
f 4573 5507 5513
f 5512 5506 5513
f 5514 4572 5512
f 5500 4568 5507
f 5507 4573 4574
f 4574 4569 5500
f 5500 5507 4574
f 5001 4570 4569
f 4574 4575 5001
f 4569 4574 5001
f 5002 5000 4570 5001
f 4997 5002 5001 4575
f 5537 5523 4577
f 5517 5524 5537
f 4577 5517 5537
f 5519 5509 5524
f 5517 4572 5519
f 5524 5517 5519
f 5523 5537 5539 5536
f 5537 5524 5538 5539
f 4578 5516 5518 5515
f 5516 4573 5506 5518
f 5512 4572 5517
f 5518 5506 5512
f 5517 5518 5512
f 5515 5518 5517 4577
f 5516 4578 4579
f 4574 4573 5516
f 4579 4574 5516
f 4998 4575 4574
f 4579 4580 4998
f 4574 4579 4998
f 4999 4997 4575 4998
f 4988 4999 4998 4580
f 4582 5541 5542 5540
f 5541 4577 5523 5542
f 5515 4577 5541
f 5541 4582 4583
f 4583 4578 5515
f 5515 5541 4583
f 4584 4579 4578 4583
f 4989 4580 4579
f 4584 4585 4989
f 4579 4584 4989
f 4993 4991 4990 4992
f 4985 4993 4992 4978
f 4996 4994 4988 4995
f 4991 4996 4995 4990
f 4995 4988 4580
f 4989 4990 4995
f 4580 4989 4995
f 4992 4990 4989
f 4585 4978 4992
f 4989 4585 4992
f 5551 5543 4587
f 5544 5545 5551
f 4587 5544 5551
f 5547 5545 5544
f 4582 5540 5547
f 5544 4582 5547
f 5545 5547 5549 5546
f 5547 5540 5548 5549
f 5543 5551 5552 5550
f 5551 5545 5546 5552
f 5544 4587 4588
f 4583 4582 5544
f 4588 4583 5544
f 4589 4584 4583 4588
f 4979 4585 4584
f 4589 4590 4979
f 4584 4589 4979
f 4984 4982 4980 4983
f 4981 4984 4983 4975
f 4987 4985 4978 4986
f 4982 4987 4986 4980
f 4986 4978 4585
f 4979 4980 4986
f 4585 4979 4986
f 4983 4980 4979
f 4590 4975 4983
f 4979 4590 4983
f 5557 5553 4592
f 5554 5555 5557
f 4592 5554 5557
f 5554 4587 5543 5555
f 5553 5557 5559 5556
f 5557 5555 5558 5559
f 5554 4592 4593
f 4588 4587 5554
f 4593 4588 5554
f 4594 4589 4588 4593
f 4976 4590 4589
f 4594 4595 4976
f 4589 4594 4976
f 4977 4975 4590 4976
f 4972 4977 4976 4595
f 5564 5560 4597
f 5561 5562 5564
f 4597 5561 5564
f 5561 4592 5553 5562
f 5560 5564 5566 5563
f 5564 5562 5565 5566
f 5561 4597 4598
f 4593 4592 5561
f 4598 4593 5561
f 4599 4594 4593 4598
f 4973 4595 4594
f 4599 4600 4973
f 4594 4599 4973
f 4974 4972 4595 4973
f 4969 4974 4973 4600
f 4602 5568 5569 5567
f 5568 4597 5560 5569
f 5568 4602 4603
f 4598 4597 5568
f 4603 4598 5568
f 4604 4599 4598 4603
f 4970 4600 4599
f 4604 4605 4970
f 4599 4604 4970
f 4971 4969 4600 4970
f 4966 4971 4970 4605
f 5578 5570 4607
f 5571 5572 5578
f 4607 5571 5578
f 5574 5572 5571
f 4602 5567 5574
f 5571 4602 5574
f 5572 5574 5576 5573
f 5574 5567 5575 5576
f 5570 5578 5579 5577
f 5578 5572 5573 5579
f 5571 4607 4608
f 4603 4602 5571
f 4608 4603 5571
f 4609 4604 4603 4608
f 4967 4605 4604
f 4609 4610 4967
f 4604 4609 4967
f 4968 4966 4605 4967
f 4963 4968 4967 4610
f 5584 5580 4612
f 5581 5582 5584
f 4612 5581 5584
f 5581 4607 5570 5582
f 5580 5584 5586 5583
f 5584 5582 5585 5586
f 5581 4612 4613
f 4608 4607 5581
f 4613 4608 5581
f 4614 4609 4608 4613
f 4964 4610 4609
f 4614 4615 4964
f 4609 4614 4964
f 4965 4963 4610 4964
f 4960 4965 4964 4615
f 5591 5587 4617
f 5588 5589 5591
f 4617 5588 5591
f 5588 4612 5580 5589
f 5587 5591 5593 5590
f 5591 5589 5592 5593
f 5588 4617 4618
f 4613 4612 5588
f 4618 4613 5588
f 4619 4614 4613 4618
f 4961 4615 4614
f 4619 4620 4961
f 4614 4619 4961
f 4962 4960 4615 4961
f 4957 4962 4961 4620
f 4622 5595 5596 5594
f 5595 4617 5587 5596
f 5595 4622 4623
f 4618 4617 5595
f 4623 4618 5595
f 4624 4619 4618 4623
f 4958 4620 4619
f 4624 4625 4958
f 4619 4624 4958
f 4959 4957 4620 4958
f 4954 4959 4958 4625
f 5605 5597 4627
f 5598 5599 5605
f 4627 5598 5605
f 5601 5599 5598
f 4622 5594 5601
f 5598 4622 5601
f 5599 5601 5603 5600
f 5601 5594 5602 5603
f 5597 5605 5606 5604
f 5605 5599 5600 5606
f 5598 4627 4628
f 4623 4622 5598
f 4628 4623 5598
f 4629 4624 4623 4628
f 4955 4625 4624
f 4629 4630 4955
f 4624 4629 4955
f 4956 4954 4625 4955
f 4951 4956 4955 4630
f 4632 5608 5609 5607
f 5608 4627 5597 5609
f 5608 4632 4633
f 4628 4627 5608
f 4633 4628 5608
f 4634 4629 4628 4633
f 4952 4630 4629
f 4634 4635 4952
f 4629 4634 4952
f 4953 4951 4630 4952
f 4948 4953 4952 4635
f 5618 5610 4637
f 5611 5612 5618
f 4637 5611 5618
f 5614 5612 5611
f 4632 5607 5614
f 5611 4632 5614
f 5612 5614 5616 5613
f 5614 5607 5615 5616
f 5610 5618 5619 5617
f 5618 5612 5613 5619
f 5611 4637 4638
f 4633 4632 5611
f 4638 4633 5611
f 4639 4634 4633 4638
f 4949 4635 4634
f 4639 4640 4949
f 4634 4639 4949
f 4950 4948 4635 4949
f 4945 4950 4949 4640
f 5624 5620 4642
f 5621 5622 5624
f 4642 5621 5624
f 5621 4637 5610 5622
f 5620 5624 5626 5623
f 5624 5622 5625 5626
f 5621 4642 4643
f 4638 4637 5621
f 4643 4638 5621
f 4644 4639 4638 4643
f 4946 4640 4639
f 4644 4645 4946
f 4639 4644 4946
f 4947 4945 4640 4946
f 4942 4947 4946 4645
f 5631 5627 4647
f 5628 5629 5631
f 4647 5628 5631
f 5628 4642 5620 5629
f 5627 5631 5633 5630
f 5631 5629 5632 5633
f 5628 4647 4648
f 4643 4642 5628
f 4648 4643 5628
f 4649 4644 4643 4648
f 4943 4645 4644
f 4649 4650 4943
f 4644 4649 4943
f 4944 4942 4645 4943
f 4933 4944 4943 4650
f 4652 5635 5636 5634
f 5635 4647 5627 5636
f 5635 4652 4653
f 4648 4647 5635
f 4653 4648 5635
f 4654 4649 4648 4653
f 4934 4650 4649
f 4654 4655 4934
f 4649 4654 4934
f 4938 4936 4935 4937
f 4930 4938 4937 4924
f 4941 4939 4933 4940
f 4936 4941 4940 4935
f 4940 4933 4650
f 4934 4935 4940
f 4650 4934 4940
f 4937 4935 4934
f 4655 4924 4937
f 4934 4655 4937
f 5645 5637 4657
f 5638 5639 5645
f 4657 5638 5645
f 5641 5639 5638
f 4652 5634 5641
f 5638 4652 5641
f 5639 5641 5643 5640
f 5641 5634 5642 5643
f 5637 5645 5646 5644
f 5645 5639 5640 5646
f 5638 4657 4658
f 4653 4652 5638
f 4658 4653 5638
f 4659 4654 4653 4658
f 4925 4655 4654
f 4659 4660 4925
f 4654 4659 4925
f 4929 4927 4926 4928
f 4921 4929 4928 4914
f 4932 4930 4924 4931
f 4927 4932 4931 4926
f 4931 4924 4655
f 4925 4926 4931
f 4655 4925 4931
f 4928 4926 4925
f 4660 4914 4928
f 4925 4660 4928
f 4662 5648 5649 5647
f 5648 4657 5637 5649
f 5648 4662 4663
f 4658 4657 5648
f 4663 4658 5648
f 4664 4659 4658 4663
f 4915 4660 4659
f 4664 4665 4915
f 4659 4664 4915
f 4920 4918 4916 4919
f 4917 4920 4919 4908
f 4923 4921 4914 4922
f 4918 4923 4922 4916
f 4922 4914 4660
f 4915 4916 4922
f 4660 4915 4922
f 4919 4916 4915
f 4665 4908 4919
f 4915 4665 4919
f 5658 5650 4667
f 5651 5652 5658
f 4667 5651 5658
f 5654 5652 5651
f 4662 5647 5654
f 5651 4662 5654
f 5652 5654 5656 5653
f 5654 5647 5655 5656
f 5650 5658 5659 5657
f 5658 5652 5653 5659
f 5651 4667 4668
f 4663 4662 5651
f 4668 4663 5651
f 4669 4664 4663 4668
f 4909 4665 4664
f 4669 4670 4909
f 4664 4669 4909
f 4913 4911 4910 4912
f 4905 4913 4912 4899
f 4910 4908 4665 4909
f 4912 4910 4909
f 4670 4899 4912
f 4909 4670 4912
f 4672 5661 5662 5660
f 5661 4667 5650 5662
f 5661 4672 4673
f 4668 4667 5661
f 4673 4668 5661
f 4674 4669 4668 4673
f 4900 4670 4669
f 4674 4675 4900
f 4669 4674 4900
f 4904 4902 4901 4903
f 4896 4904 4903 4890
f 4907 4905 4899 4906
f 4902 4907 4906 4901
f 4906 4899 4670
f 4900 4901 4906
f 4670 4900 4906
f 4903 4901 4900
f 4675 4890 4903
f 4900 4675 4903
f 5671 5663 4677
f 5664 5665 5671
f 4677 5664 5671
f 5667 5665 5664
f 4672 5660 5667
f 5664 4672 5667
f 5665 5667 5669 5666
f 5667 5660 5668 5669
f 5663 5671 5672 5670
f 5671 5665 5666 5672
f 5664 4677 4678
f 4673 4672 5664
f 4678 4673 5664
f 4679 4674 4673 4678
f 4891 4675 4674
f 4679 4680 4891
f 4674 4679 4891
f 4895 4893 4892 4894
f 4887 4895 4894 4880
f 4898 4896 4890 4897
f 4893 4898 4897 4892
f 4897 4890 4675
f 4891 4892 4897
f 4675 4891 4897
f 4894 4892 4891
f 4680 4880 4894
f 4891 4680 4894
f 4682 5674 5675 5673
f 5674 4677 5663 5675
f 5674 4682 4683
f 4678 4677 5674
f 4683 4678 5674
f 4684 4679 4678 4683
f 4881 4680 4679
f 4684 4685 4881
f 4679 4684 4881
f 4886 4884 4882 4885
f 4883 4886 4885 4874
f 4889 4887 4880 4888
f 4884 4889 4888 4882
f 4888 4880 4680
f 4881 4882 4888
f 4680 4881 4888
f 4885 4882 4881
f 4685 4874 4885
f 4881 4685 4885
f 5684 5676 4687
f 5677 5678 5684
f 4687 5677 5684
f 5680 5678 5677
f 4682 5673 5680
f 5677 4682 5680
f 5678 5680 5682 5679
f 5680 5673 5681 5682
f 5676 5684 5685 5683
f 5684 5678 5679 5685
f 5677 4687 4688
f 4683 4682 5677
f 4688 4683 5677
f 4689 4684 4683 4688
f 4875 4685 4684
f 4689 4690 4875
f 4684 4689 4875
f 4879 4877 4876 4878
f 4871 4879 4878 4865
f 4876 4874 4685 4875
f 4878 4876 4875
f 4690 4865 4878
f 4875 4690 4878
f 4692 5687 5688 5686
f 5687 4687 5676 5688
f 5687 4692 4693
f 4688 4687 5687
f 4693 4688 5687
f 4694 4689 4688 4693
f 4866 4690 4689
f 4694 4695 4866
f 4689 4694 4866
f 4870 4868 4867 4869
f 4862 4870 4869 4852
f 4873 4871 4865 4872
f 4868 4873 4872 4867
f 4872 4865 4690
f 4866 4867 4872
f 4690 4866 4872
f 4869 4867 4866
f 4695 4852 4869
f 4866 4695 4869
f 5697 5689 4698
f 5690 5691 5697
f 4698 5690 5697
f 5693 5691 5690
f 4692 5686 5693
f 5690 4692 5693
f 5691 5693 5695 5692
f 5693 5686 5694 5695
f 5689 5697 5698 5696
f 5697 5691 5692 5698
f 5690 4698 4699
f 4693 4692 5690
f 4699 4693 5690
f 4700 4694 4693 4699
f 4853 4695 4694
f 4700 4701 4853
f 4694 4700 4853
f 4858 4856 4854 4857
f 4855 4858 4857 4851
f 4864 4862 4852 4863
f 4856 4864 4863 4854
f 4863 4852 4695
f 4853 4854 4863
f 4695 4853 4863
f 4857 4854 4853
f 4701 4851 4857
f 4853 4701 4857
f 4703 5700 5701 5699
f 5700 4698 5689 5701
f 5700 4703 4704
f 4699 4698 5700
f 4704 4699 5700
f 4705 4700 4699 4704
f 4860 4701 4700
f 4705 4706 4860
f 4700 4705 4860
f 4861 4851 4701 4860
f 4859 4861 4860 4706
f 5710 5702 4708
f 5703 5704 5710
f 4708 5703 5710
f 5706 5704 5703
f 4703 5699 5706
f 5703 4703 5706
f 5704 5706 5708 5705
f 5706 5699 5707 5708
f 5702 5710 5711 5709
f 5710 5704 5705 5711
f 5703 4708 4709
f 4704 4703 5703
f 4709 4704 5703
f 4710 4705 4704 4709
f 5289 4706 4705
f 4710 4711 5289
f 4705 4710 5289
f 5293 5291 5290 5292
f 5286 5293 5292 5280
f 5290 4859 4706 5289
f 5292 5290 5289
f 4711 5280 5292
f 5289 4711 5292
f 4713 5713 5714 5712
f 5713 4708 5702 5714
f 5713 4713 4714
f 4709 4708 5713
f 4714 4709 5713
f 4715 4710 4709 4714
f 5281 4711 4710
f 4715 4716 5281
f 4710 4715 5281
f 5285 5283 5282 5284
f 5277 5285 5284 5271
f 5288 5286 5280 5287
f 5283 5288 5287 5282
f 5287 5280 4711
f 5281 5282 5287
f 4711 5281 5287
f 5284 5282 5281
f 4716 5271 5284
f 5281 4716 5284
f 5723 5715 4718
f 5716 5717 5723
f 4718 5716 5723
f 5719 5717 5716
f 4713 5712 5719
f 5716 4713 5719
f 5717 5719 5721 5718
f 5719 5712 5720 5721
f 5715 5723 5724 5722
f 5723 5717 5718 5724
f 5716 4718 6034
f 6034 4719 4714
f 4714 4713 5716
f 5716 6034 4714
f 5924 4720 4715
f 4714 4719 5924
f 4715 4714 5924
f 5940 4721 5272
f 5272 4716 4715
f 4715 4720 5940
f 5940 5272 4715
f 5276 5274 5273 5275
f 5268 5276 5275 5262
f 5279 5277 5271 5278
f 5274 5279 5278 5273
f 5278 5271 4716
f 5272 5273 5278
f 4716 5272 5278
f 5275 5273 5272
f 4721 5262 5275
f 5272 4721 5275
f 4723 5726 5727 5725
f 5726 4718 5715 5727
f 6032 5925 6035
f 5919 4724 6032
f 6035 5919 6032
f 5925 4719 6034 6035
f 6035 6034 4718 5726
f 5919 6035 5726 4723
f 6036 5936 5923
f 5937 5939 6036
f 5923 5937 6036
f 6028 5939 5937
f 5926 5938 6028
f 5937 5926 6028
f 6042 6040 6030 6041
f 6022 6042 6041 5933
f 5939 6028 6030
f 6030 6028 5938 6029
f 6041 6030 6029
f 5893 5933 6041
f 6029 5893 6041
f 5937 5923 4720
f 5924 5926 5937
f 4720 5924 5937
f 6031 5926 5924
f 4719 5925 6031
f 5924 4719 6031
f 6029 5938 6033
f 5930 5893 6029
f 6033 5930 6029
f 5938 5926 6031 6033
f 6033 6031 5925 6032
f 5930 6033 6032 4724
f 6037 5913 4725
f 5263 5941 6037
f 4725 5263 6037
f 5263 4721 5940 5941
f 6038 5941 5940
f 4720 5923 6038
f 5940 4720 6038
f 6057 6026 5913
f 6037 6039 6057
f 5913 6037 6057
f 6037 5941 6038 6039
f 6058 6039 6038
f 5923 5936 6058
f 6038 5923 6058
f 6026 6057 6059 6056
f 6057 6039 6058 6059
f 5267 5265 5264 5266
f 5259 5267 5266 5253
f 5270 5268 5262 5269
f 5265 5270 5269 5264
f 5269 5262 4721
f 5263 5264 5269
f 4721 5263 5269
f 5266 5264 5263
f 4725 5253 5266
f 5263 4725 5266
f 5736 5728 4727
f 5729 5730 5736
f 4727 5729 5736
f 5732 5730 5729
f 4723 5725 5732
f 5729 4723 5732
f 5730 5732 5734 5731
f 5732 5725 5733 5734
f 5728 5736 5737 5735
f 5736 5730 5731 5737
f 5917 5894 5920
f 5877 4728 5917
f 5920 5877 5917
f 5931 4724 5919
f 5920 5894 5931
f 5919 5920 5931
f 5920 5919 4723 5729
f 5877 5920 5729 4727
f 6023 5933 5893
f 5934 5935 6023
f 5893 5934 6023
f 5927 5935 5934 5922
f 5929 5927 5922 5928
f 5928 5922 5932
f 5916 5895 5928
f 5932 5916 5928
f 5934 5893 5930
f 5932 5922 5934
f 5930 5932 5934
f 5932 5930 4724 5931
f 5916 5932 5931 5894
f 5915 5912 5918
f 5908 5867 5915
f 5918 5908 5915
f 5921 5895 5916
f 5918 5912 5921
f 5916 5918 5921
f 5918 5916 5894 5917
f 5908 5918 5917 4728
f 6060 5872 4729
f 5254 5914 6060
f 4729 5254 6060
f 6025 5914 5254
f 4725 5913 6025
f 5254 4725 6025
f 5914 6025 6027 6024
f 6025 5913 6026 6027
f 6060 5914 6024 6061
f 5258 5256 5255 5257
f 5250 5258 5257 5244
f 5261 5259 5253 5260
f 5256 5261 5260 5255
f 5260 5253 4725
f 5254 5255 5260
f 4725 5254 5260
f 5257 5255 5254
f 4729 5244 5257
f 5254 4729 5257
f 5742 5738 4731
f 5739 5740 5742
f 4731 5739 5742
f 5739 4727 5728 5740
f 5738 5742 5744 5741
f 5742 5740 5743 5744
f 5875 5868 5878
f 5856 4732 5875
f 5878 5856 5875
f 5909 4728 5877
f 5878 5868 5909
f 5877 5878 5909
f 5878 5877 4727 5739
f 5856 5878 5739 4731
f 5911 5867 5908
f 5910 5892 5911
f 5908 5910 5911
f 5910 5908 4728 5909
f 5874 5910 5909 5868
f 5886 5884 5882 5885
f 5883 5886 5885 5879
f 5882 5880 5876 5881
f 5885 5882 5881
f 5864 5879 5885
f 5881 5864 5885
f 5876 5874 5868 5875
f 5881 5876 5875
f 4732 5864 5881
f 5875 4732 5881
f 6064 5862 4733
f 5245 5873 6064
f 4733 5245 6064
f 6062 5873 5245
f 4729 5872 6062
f 5245 4729 6062
f 5249 5247 5246 5248
f 5241 5249 5248 5235
f 5252 5250 5244 5251
f 5247 5252 5251 5246
f 5251 5244 4729
f 5245 5246 5251
f 4729 5245 5251
f 5248 5246 5245
f 4733 5235 5248
f 5245 4733 5248
f 4735 5745 5746 5305
f 5745 4731 5738 5746
f 5854 5851 5857
f 5841 4736 5854
f 5857 5841 5854
f 5865 4732 5856
f 5857 5851 5865
f 5856 5857 5865
f 5857 5856 4731 5745
f 5841 5857 5745 4735
f 5871 5869 5866 5870
f 5859 5871 5870 5853
f 5891 5883 5879 5890
f 5889 5891 5890 5888
f 5890 5879 5864
f 5887 5888 5890
f 5864 5887 5890
f 5869 5888 5887 5866
f 5887 5864 4732
f 5865 5866 5887
f 4732 5865 5887
f 5870 5866 5865
f 5851 5853 5870
f 5865 5851 5870
f 5861 5859 5853 5860
f 5858 5861 5860 5855
f 5860 5853 5851
f 5854 5855 5860
f 5851 5854 5860
f 5852 5855 5854 4736
f 6065 5830 4737
f 5236 5863 6065
f 4737 5236 6065
f 6063 5863 5236
f 4733 5862 6063
f 5236 4733 6063
f 5240 5238 5237 5239
f 5232 5240 5239 5207
f 5243 5241 5235 5242
f 5238 5243 5242 5237
f 5242 5235 4733
f 5236 5237 5242
f 4733 5236 5242
f 5239 5237 5236
f 4737 5207 5239
f 5236 4737 5239
f 5752 5303 4739
f 5304 5306 5752
f 4739 5304 5752
f 5748 5306 5304
f 4735 5305 5748
f 5304 4735 5748
f 5306 5748 5750 5747
f 5748 5305 5749 5750
f 5303 5752 5753 5751
f 5752 5306 5747 5753
f 5838 5821 5842
f 5840 4740 5838
f 5842 5840 5838
f 5946 4736 5841
f 5842 5821 5946
f 5841 5842 5946
f 5842 5841 4735 5304
f 5840 5842 5304 4739
f 5983 5981 5822 5982
f 5980 5983 5982 5961
f 5990 5988 5974 5989
f 5981 5990 5989 5822
f 5989 5974 5993
f 5985 5822 5989
f 5993 5985 5989
f 5974 5962 5991 5993
f 5993 5991 5977 5992
f 5985 5993 5992 5967
f 5991 5962 5953
f 5975 5977 5991
f 5953 5975 5991
f 5977 5975 5965 5976
f 5992 5977 5976
f 5958 5967 5992
f 5976 5958 5992
f 5975 5953 5945
f 5963 5965 5975
f 5945 5963 5975
f 5965 5963 5956 5964
f 5976 5965 5964
f 5949 5958 5976
f 5964 5949 5976
f 5956 5954 5947 5955
f 5964 5956 5955
f 5837 5949 5964
f 5955 5837 5964
f 5947 5852 4736 5946
f 5955 5947 5946
f 5821 5837 5955
f 5946 5821 5955
f 6066 5835 6069
f 6067 5820 6066
f 6069 6067 6066
f 5835 5828 5948 6069
f 6069 5948 5839 6068
f 6067 6069 6068 5836
f 5957 5951 5948
f 5828 5899 5957
f 5948 5828 5957
f 5966 5960 5957
f 5899 5944 5966
f 5957 5899 5966
f 5984 5969 5966
f 5944 5952 5984
f 5966 5944 5984
f 5952 5961 5987 5984
f 5982 5822 5985
f 5987 5961 5982
f 5985 5987 5982
f 5987 5985 5967 5986
f 5984 5987 5986 5969
f 5986 5967 5958
f 5968 5969 5986
f 5958 5968 5986
f 5966 5969 5968 5960
f 5968 5958 5949
f 5959 5960 5968
f 5949 5959 5968
f 5957 5960 5959 5951
f 5959 5949 5837
f 5950 5951 5959
f 5837 5950 5959
f 5948 5951 5950 5839
f 5950 5837 5821
f 5838 5839 5950
f 5821 5838 5950
f 6068 5839 5838
f 4740 5836 6068
f 5838 4740 6068
f 5971 5829 4741
f 5208 5831 5971
f 4741 5208 5971
f 5978 5831 5208
f 4737 5830 5978
f 5208 4737 5978
f 5831 5978 5979 5972
f 5979 5978 5830
f 6070 5970 5829
f 5971 5973 6070
f 5829 5971 6070
f 5971 5831 5972 5973
f 5231 5229 5209 5230
f 5228 5231 5230 5206
f 5234 5232 5207 5233
f 5229 5234 5233 5209
f 5233 5207 4737
f 5208 5209 5233
f 4737 5208 5233
f 5230 5209 5208
f 4741 5206 5230
f 5208 4741 5230
f 5302 5301 4433
f 4438 5299 4433
f 4433 5299 5302
f 4438 5312 5299
f 5312 5295 5298 5299
f 5312 4438 5313
f 4438 4443 5310 5313
f 4448 5322 4443
f 5333 4453 4458
f 5329 4448 4453
f 4458 4463 5337 5340
f 4463 5346 5341
f 4443 5316 5310
f 4443 5314 5316
f 4448 5323 5322
f 5329 5326 5317 5320
f 4448 5329 5320
f 5320 5323 4448
f 5322 5314 4443
f 5322 5319 5307 5314
f 4453 5327 5330
f 5327 4453 5333
f 4458 5339 5333
f 4463 5341 5343
f 5343 5337 4463
f 5340 5339 4458
f 5330 5329 4453
f 4468 5346 4463
f 5352 4468 5353
f 4473 4478 5359
f 5372 4483 4488
f 4478 4483 5369 5363
f 4493 5376 4488
f 5380 4493 5385
f 5350 4468 4473
f 4498 4503 5398 5389
f 4513 5403 4508
f 4513 4518 5415 5407
f 4523 5439 4518
f 5436 5440 4523
f 5439 4523 5440
f 4503 4508 5405 5396
f 4498 5385 4493
f 5439 5432 4518
f 5350 5353 4468
f 4473 5356 5350
f 4478 5365 5359
f 5354 4473 5359
f 4478 5363 5366
f 5366 5365 4478
f 5354 5356 4473
f 4483 5367 5369
f 5367 4483 5372
f 4488 5378 5372
f 4488 5376 5379
f 4493 5380 5382
f 5382 5376 4493
f 5379 5378 4488
f 5352 5346 4468
f 5333 5324 5327
f 5331 5333 5339
f 5346 5334 5341
f 5346 5352 5344
f 5833 5778 5844
f 5846 5833 5844
f 5833 5834 5764 5778
f 5819 5832 5827
f 5827 5833 5846
f 5763 5834 5832
f 5357 5359 5365
f 5762 5832 5819
f 5823 5762 5819
f 5360 5367 5372
f 5816 5823 5780
f 5347 5354 5359
f 4498 5392 5391
f 4498 5389 5392
f 4503 5399 5398
f 5405 5393 5395 5396
f 5396 5399 4503
f 5398 5386 5388 5389
f 4508 5403 5406
f 4513 5409 5403
f 5415 5412 5400 5407
f 4518 5413 5416
f 5416 5415 4518
f 5407 5409 4513
f 5406 5405 4508
f 5373 5380 5385
f 5385 5391 5383
f 5439 5433 5432
f 5432 5419 5410 5413
f 5432 5413 4518
f 5378 5370 5372
f 5385 4498 5391
f 5437 5436 4523
f 5434 5437 4523
f 5294 5447 5442
f 5441 5442 5447
f 5442 5434 5294
f 5440 5436 5429
f 5472 5473 4551
f 4551 4555 5470
f 5472 4551 5471
f 4559 5470 4555
f 4523 5294 5434
f 4559 4563 5469
f 5447 5427 5441
f 5427 5447 5448
f 5448 5426 5427
f 5448 5443 5426
f 5444 5422 5423
f 5423 5443 5448
f 5450 5446 5449
f 5448 5449 5423
f 4551 5470 5471
f 5420 5444 5449
f 5449 5446 5420
f 5469 5470 4559
f 5423 5449 5444
f 5469 4563 5528
f 5528 4563 5529
f 5527 4563 4567
f 5529 4563 5527
f 4567 5532 5527
f 5534 5511 5510 5530
f 4567 5534 5530
f 5530 5532 4567
f 5534 4567 4571
f 5538 4571 4576
f 5539 5538 4576
f 5533 5535 4571
f 4581 4586 5552 5546
f 4571 5538 5533
f 4581 5542 4576
f 5538 5524 5509 5533
f 5534 4571 5535
f 5526 5525 5467
f 5467 5525 5531
f 5520 5510 5511
f 5467 5531 5510
f 4576 5536 5539
f 5536 4576 5542
f 5542 5523 5536
f 4581 5548 5542
f 5546 5549 4581
f 5549 5548 4581
f 5468 5469 5528
f 5528 5526 5468
f 5450 4532 5445
f 5446 5450 5445
f 5451 5452 4540
f 5451 5474 5450
f 5450 5474 4532
f 5451 5475 4536
f 4536 5474 5451
f 5475 5451 4540
f 4540 5452 4541
f 5455 5484 5454
f 5452 5479 5478
f 5453 5454 5482
f 5456 5485 5455
f 5479 5452 5453
f 4541 5452 5478
f 5453 5476 5479
f 5453 5482 5476
f 4541 5478 4544
f 5454 5484 5480
f 5480 5482 5454
f 5489 5456 5490
f 4556 5455 5485
f 5487 5490 5457
f 5484 5455 4556
f 5489 4560 5485
f 5487 5457 5458
f 5485 5456 5489
f 5456 5457 5490
f 5467 5510 5520
f 5466 5467 5520
f 5503 5461 5462
f 5463 5508 5462
f 5522 5466 5520
f 5548 5540 5542
f 5514 5464 5465
f 5464 5514 5512
f 5465 5466 5514
f 5513 5463 5464
f 5522 5514 5466
f 5464 5512 5513
f 5458 5499 5498
f 5486 5487 5498 4564
f 5468 5526 5467
f 5459 5499 5458
f 5459 5496 5499
f 5496 5459 5460
f 5498 5487 5458
f 5503 5460 5461
f 5508 5503 5462
f 5463 5513 5508
f 5460 5503 5505
f 5503 5507 4568
f 5507 5503 5508
f 5496 5460 5505
f 5762 5763 5832
f 5761 5816 5818
f 5816 5762 5823
f 5760 5761 5818
f 5762 5816 5761
f 5763 5764 5834
f 5806 5759 5760
f 5818 5806 5760
f 5808 5759 5806
f 5804 5758 5759
f 5804 5759 5808
f 6018 6012 5997
f 6000 5994 5995
f 6001 6000 5995
f 6001 5999 5789 6000
f 6001 5995 5996
f 5801 5996 6012 5802
f 5997 6012 5996
f 4850 5205 5200
f 4850 5200 5202
f 5996 5801 6001
f 4437 5203 5205
f 5997 5803 6018
f 5757 5758 5772
f 5804 5772 5758
f 6004 6016 5998
f 6016 5803 5998
f 5754 6006 6004
f 5998 5754 6004
f 5783 5757 5772
f 5803 6016 6014
f 5784 5794 5783
f 5757 5794 5756
f 5755 5756 5794
f 6005 6006 5754
f 5755 5795 6005
f 5755 5794 5795
f 5754 5755 6005
f 5783 5794 5757
f 6014 6016 6015
f 6012 6018 6013
f 4849 5194 5196
f 4848 5191 5193
f 4847 5193 5185
f 4846 5187 5182
f 4845 5184 5176
f 4846 5182 5184
f 4847 5185 5187
f 4848 5196 5191
f 5997 5998 5803
f 4849 5202 5194
f 4844 5178 5173
f 4844 5173 5175
f 4843 5167 5169
f 4842 5169 5164
f 4843 5175 5167
f 4841 5166 5158
f 4841 5158 5160
f 4840 5155 5157
f 4839 5149 5151
f 4839 5157 5149
f 4840 5160 5155
f 4842 5164 5166
f 4850 4437 5205
f 4849 4850 5202
f 4847 4848 5193
f 4845 4846 5184
f 4847 5187 4846
f 4849 5196 4848
f 5175 4843 4844
f 5169 4842 4843
f 5160 4840 4841
f 5151 4838 4839
f 4839 4840 5157
f 4841 4842 5166
f 4844 4845 5176 5178
f 4838 5151 5146
f 4837 4838 5146 5148
f 4837 5148 5140
f 4836 5142 5137
f 4835 5139 5131
f 4836 5137 5139
f 4837 5140 5142
f 4834 5133 5128
f 4834 5128 5130
f 4833 5122 5124
f 4832 5119 5121
f 4832 5124 5119
f 4833 5130 5122
f 4835 5131 5133
f 4836 4837 5142
f 4835 4836 5139
f 4833 4834 5130
f 4831 4832 5121
f 4833 5124 4832
f 4835 5133 4834
f 4830 4831 5113 5115
f 4830 5115 5110
f 4829 4830 5110 5112
f 5106 4829 5104
f 5112 5104 4829
f 5113 4831 5121
f 4828 5106 5101
f 4828 5101 5103
f 4827 5095 5097
f 4826 5097 5092
f 4827 5103 5095
f 4825 5086 5088
f 4824 5083 5085
f 4824 5088 5083
f 5057 5058 5064 5055
f 4825 5094 5086
f 4826 5092 5094
f 4823 5077 5079
f 4822 5079 5074
f 4821 5076 5068
f 4820 5070 5065
f 4821 5068 5070
f 4822 5074 5076
f 4819 5067 5064
f 5064 5058 4818 4819
f 4817 5060 5052
f 4816 5054 5049
f 4817 5052 5054
f 4818 5058 5060
f 4820 5065 5067
f 4823 5085 5077
f 5027 5033 5032
f 5029 5024 4809 4810
f 5026 5021 4807 4808
f 5024 5026 4808 4809
f 5027 5029 4810 4811
f 5023 5018 4805 4806
f 5018 5020 4804 4805
f 5015 5017 4803 4550
f 5012 5014 4801 4802
f 5017 5012 4802 4803
f 5020 5015 4550 4804
f 5021 5023 4806 4807
f 5009 5011 4799 4800
f 5011 5006 4798 4799
f 4815 5051 5043
f 4814 5045 5040
f 4815 5043 5045
f 5006 5008 4797 4798
f 5014 5009 4800 4801
f 5008 5003 4796 4797
f 5003 5005 4795 4796
f 5000 5002 4793 4794
f 4997 4999 4791 4792
f 5002 4997 4792 4793
f 5005 5000 4794 4795
f 4988 4994 4999
f 4816 5049 5051
f 4827 4828 5103
f 4826 4827 5097
f 4824 4825 5088
f 4822 4823 5079
f 4824 5085 4823
f 4826 5094 4825
f 5034 4813 5042
f 4821 5070 4820
f 5033 4812 5036
f 4819 4820 5067
f 4813 5034 5036
f 5076 4821 4822
f 5040 5042 4814
f 4817 4818 5060
f 4816 4817 5054
f 4814 4815 5045
f 5036 4812 4813
f 4813 4814 5042
f 4816 5051 4815
f 5027 4811 5033
f 4811 4812 5033
f 4996 4790 4994
f 4991 4789 4996
f 4985 4788 4993
f 4982 4787 4987
f 4987 4788 4985
f 4993 4789 4991
f 4984 4787 4982
f 4994 4790 4791
f 4993 4788 4789
f 4984 4786 4787
f 4787 4788 4987
f 4789 4790 4996
f 4981 4786 4984
f 4994 4791 4999
f 4829 5106 4828
f 4586 5550 5552
f 5550 4586 5558
f 4591 5558 4586
f 5559 5558 4591
f 5558 5555 5543 5550
f 4591 5556 5559
f 4591 5565 5556
f 5565 5562 5553 5556
f 5565 4591 4596
f 5563 5566 4596
f 4596 4601 5569
f 4606 4611 5585
f 5573 4601 4606
f 4616 5592 4611
f 4616 4621 5596
f 5565 4596 5566
f 4601 5575 5569
f 5563 4596 5569
f 4601 5576 5575
f 4606 5579 5573
f 5585 5582 5570 5577
f 4606 5585 5577
f 5577 5579 4606
f 5573 5576 4601
f 4611 5583 5586
f 4611 5592 5583
f 5592 5589 5580 5583
f 4616 5590 5593
f 4621 5603 5602
f 4616 5596 5590
f 4621 5602 5596
f 5593 5592 4616
f 5586 5585 4611
f 5603 4621 5600
f 4631 5609 4626
f 5613 4631 4636
f 5632 4641 4646
f 4651 5636 4646
f 5636 5630 4646
f 4636 4641 5626 5625
f 4661 5649 4656
f 4666 5653 4661
f 4676 5666 4671
f 4686 5679 4681
f 4681 5675 4676
f 4671 5662 4666
f 4651 4656 5646 5640
f 4626 5606 5600
f 4626 5604 5606
f 4631 5616 5615
f 4636 5619 5613
f 5613 5616 4631
f 4626 5609 5604
f 4631 5615 5609
f 5625 5622 5610 5617
f 4636 5625 5617
f 5632 5629 5620 5623
f 4641 5632 5623
f 4646 5630 5633
f 5633 5632 4646
f 5623 5626 4641
f 5617 5619 4636
f 5688 4686 4691
f 4621 4626 5600
f 5569 5560 5563
f 4651 5643 5642
f 4651 5640 5643
f 5575 5567 5569
f 5636 4651 5642
f 5596 5587 5590
f 5607 5609 5615
f 5597 5604 5609
f 5596 5602 5594
f 5642 5634 5636
f 5627 5630 5636
f 4656 5644 5646
f 5655 5649 4661
f 5644 4656 5649
f 4661 5653 5656
f 4666 5657 5659
f 5659 5653 4666
f 5656 5655 4661
f 4671 5669 5668
f 4671 5666 5669
f 4676 5670 5672
f 4681 5682 5681
f 5675 4681 5681
f 5670 4676 5675
f 5672 5666 4676
f 5662 4671 5668
f 5657 4666 5662
f 5649 5637 5644
f 5647 5649 5655
f 5662 5650 5657
f 5662 5668 5660
f 4686 5685 5679
f 4686 5683 5685
f 5673 5675 5681
f 5683 5688 5676
f 5688 5683 4686
f 5670 5675 5663
f 5679 5682 4681
f 5688 4691 5694
f 5694 4691 5695
f 4691 4697 5698 5692
f 5695 4691 5692
f 4697 5696 5698
f 5701 5696 4697
f 4702 4707 5705 5708
f 5711 5705 4707
f 5708 5707 4702
f 4712 4717 5718 5721
f 5714 4707 4712
f 4702 5701 4697
f 5707 5701 4702
f 4707 5709 5711
f 5701 5689 5696
f 5701 5707 5699
f 5702 5709 5714
f 4712 5721 5720
f 5712 5714 5720
f 4717 5722 5724
f 5724 5718 4717
f 4707 5714 5709
f 5714 4712 5720
f 5722 4717 5727
f 5688 5694 5686
f 5734 5733 4722
f 4726 5731 4722
f 5727 4722 5733
f 4722 5731 5734
f 4726 5735 5737
f 5737 5731 4726
f 5735 4726 5743
f 4734 5746 4730
f 5750 5749 4734
f 4730 5744 5743
f 4734 5749 5746
f 5741 4730 5746
f 5741 5744 4730
f 5747 4734 4738
f 4726 4730 5743
f 5743 5740 5728 5735
f 5715 5722 5727
f 5725 5727 5733
f 5901 5910 5874
f 4734 5747 5750
f 4738 5753 5747
f 5738 5741 5746
f 5305 5746 5749
f 5751 5753 4738
f 4722 5727 4717
f 5884 5880 5882
f 5874 5880 5900
f 5886 5850 5884
f 5891 5849 5883
f 5883 5849 5886
f 5900 5880 5884
f 5889 5888 5869
f 5848 5889 5869
f 5871 5848 5869
f 5871 5859 5848
f 5859 5861 5847
f 5858 5847 5861
f 5849 5891 5889
f 5848 5859 5847
f 5895 5905 5928
f 5921 5904 5895
f 5915 5903 5912
f 5903 5915 5867
f 5911 5902 5867
f 5904 5921 5912
f 5886 5849 5850
f 5902 5892 5901
f 5901 5892 5910
f 5850 5900 5884
f 5874 5900 5901
f 5911 5892 5902
f 5889 5848 5849
f 5876 5880 5874
f 5858 5855 5852
f 5954 5852 5947
f 5943 5852 5954
f 5858 5852 5943
f 5954 5956 5963
f 5963 5945 5954
f 5942 5945 5953
f 5988 5953 5962
f 5898 5952 5944
f 5980 5961 5952
f 5988 5962 5974
f 5945 5943 5954
f 5942 5988 5990
f 5942 5990 5981
f 5979 6053 6054
f 5943 5945 5942
f 5980 5898 5983
f 5981 5898 5942
f 5981 5983 5898
f 5942 5953 5988
f 5897 5899 5828
f 5897 5828 5835
f 5952 5898 5980
f 5898 5899 5897
f 6066 5896 5835
f 5896 5897 5835
f 5820 5896 6066
f 5899 5898 5944
f 5847 5858 5943
f 5903 5867 5902
f 4981 4975 4977
f 4785 4981 4977
f 4972 4974 4783 4784
f 4974 4969 4782 4783
f 4977 4972 4784 4785
f 4971 4966 4780 4781
f 4966 4968 4779 4780
f 4963 4965 4777 4778
f 4960 4962 4775 4776
f 4965 4960 4776 4777
f 4968 4963 4778 4779
f 4969 4971 4781 4782
f 4962 4957 4774 4775
f 4959 4954 4772 4773
f 4956 4951 4770 4771
f 4954 4956 4771 4772
f 4951 4953 4769 4770
f 4953 4948 4768 4769
f 4957 4959 4773 4774
f 4950 4945 4766 4767
f 4945 4947 4765 4766
f 4942 4944 4763 4764
f 4944 4933 4939
f 4947 4942 4764 4765
f 4948 4950 4767 4768
f 4763 4944 4939
f 4761 4941 4936
f 4761 4936 4938
f 4760 4930 4932
f 4759 4927 4929
f 4759 4932 4927
f 4760 4938 4930
f 4910 4911 4917 4908
f 4758 4921 4923
f 4757 4923 4918
f 4758 4929 4921
f 4756 4920 4917
f 4917 4911 4755 4756
f 4754 4913 4905
f 4753 4907 4902
f 4754 4905 4907
f 4755 4911 4913
f 4752 4904 4896
f 4752 4896 4898
f 4751 4893 4895
f 4750 4887 4889
f 4750 4895 4887
f 4751 4898 4893
f 4753 4902 4904
f 4876 4877 4883 4874
f 4757 4918 4920
f 4762 4939 4941
f 4762 4763 4939
f 4760 4761 4938
f 4758 4759 4929
f 4760 4932 4759
f 4762 4941 4761
f 4757 4920 4756
f 4886 4749 4884
f 4883 4877 4747 4748
f 4748 4886 4883
f 4879 4747 4877
f 4879 4871 4746
f 4923 4757 4758
f 4873 4746 4871
f 4868 4745 4873
f 4862 4696 4870
f 4856 4744 4864
f 4864 4696 4862
f 4870 4745 4868
f 4858 4744 4856
f 4754 4755 4913
f 4752 4753 4904
f 4750 4751 4895
f 4752 4898 4751
f 4754 4907 4753
f 4886 4748 4749
f 4873 4745 4746
f 4864 4744 4696
f 4696 4745 4870
f 4746 4747 4879
f 4749 4750 4889 4884
f 4744 4858 4743
f 4786 4981 4785
f 5939 6030 6040
f 6021 6040 6042
f 6021 5939 6040
f 6022 6020 6042
f 6022 5933 6023
f 5907 6023 5935
f 5906 5935 5927
f 5907 6020 6022
f 5935 5906 5907
f 5906 5927 5929
f 6023 5907 6022
f 6042 6020 6021
f 6044 6036 6043
f 5939 6043 6036
f 5936 6036 6044
f 6059 6058 5936
f 5936 6045 6059
f 6045 6046 6059
f 6045 5936 6044
f 6056 6046 6047
f 6027 6026 6056
f 6024 6027 6048
f 6047 6027 6056
f 6027 6047 6048
f 6046 6056 6059
f 6021 6043 5939
f 5905 5906 5929
f 5928 5905 5929
f 5905 5895 5904
f 6049 6061 6024
f 5872 6061 6049
f 6024 6048 6049
f 6049 6050 5872
f 5972 5979 6054
f 6052 6063 6051
f 6065 6052 6053
f 6051 6064 6050
f 6054 6055 5973
f 5830 6053 5979
f 5872 6060 6061
f 6062 5872 6050
f 6064 5873 6050
f 6063 5862 6051
f 6064 6051 5862
f 6062 6050 5873
f 6054 5973 5972
f 6055 6070 5973
f 5863 6052 6065
f 5830 6065 6053
f 5970 6070 6055
f 6052 5863 6063
f 5912 5903 5904
f 4855 4851 4861
f 4861 4859 5226 5227
f 5227 4855 4861
f 5290 5291 4859
f 5225 5291 5293
f 4859 5291 5226
f 4858 4855 4743
f 5224 5286 5288
f 5224 5288 5283
f 5223 5285 5277
f 5222 5279 5274
f 5222 5277 5279
f 5223 5283 5285
f 5225 5293 5286
f 5227 4743 4855
f 5224 5225 5286
f 5222 5223 5277
f 5224 5283 5223
f 5226 5291 5225
f 5221 5276 5268
f 5220 5268 5270
f 5220 5221 5268
f 5219 5220 5270 5265
f 5267 5219 5265
f 5221 5222 5274 5276
f 5218 5267 5259
f 5259 5261 5217 5218
f 5216 5256 5258
f 5215 5250 5252
f 5216 5258 5250
f 5261 5256 5216 5217
f 5214 5247 5249
f 5214 5249 5241
f 5243 5238 5212 5213
f 5211 5240 5232
f 5212 5238 5240
f 5213 5241 5243
f 5215 5252 5247
f 5214 5215 5247
f 5214 5241 5213
f 5216 5250 5215
f 5234 5229 5210 5211
f 5210 5229 5231
f 4742 5210 5231 5228
f 5240 5211 5212
f 5211 5232 5234
f 5219 5267 5218
f 6098 6072 6099 6100
f 6094 6093 6073 6092
f 6089 6074 6093 6094
f 6091 6090 6074 6089
f 6078 6103 6071
f 6078 6099 6103
f 6072 6103 6099
f 6077 6099 6078
f 6072 6104 6103
f 6073 6105 6104 6072
f 6093 6107 6106 6073
f 6105 6073 6106
f 6095 6073 6072
f 6097 6100 6077
f 6100 6099 6077
f 6076 6097 6077
f 6096 6100 6097
f 6096 6098 6100
f 6098 6095 6072
f 6095 6092 6073
f 6101 6094 6092
f 6095 6102 6092
f 6101 6092 6102
f 6101 6088 6094
f 6096 6095 6098
f 6107 6074 6090 6108
f 6110 6109 6084
f 6111 6110 6083
f 6109 6108 6090
f 6081 6113 6112
f 6079 6075 6113
f 6113 6081 6080
f 6113 6080 6079
f 6082 6112 6111
f 6112 6082 6081
f 6087 6089 6088
f 6089 6094 6088
f 6089 6087 6091
f 6085 6109 6090
f 6085 6084 6109
f 6091 6086 6090
f 6086 6085 6090
f 6087 6086 6091
f 6084 6083 6110
f 6111 6083 6082
f 6107 6093 6074
f 6117 6116 6114
f 6114 6115 6117
f 6123 6284 6287 6285
f 6285 6287 6286 6118
f 6285 6124 6123
f 6119 6285 6118
f 6124 6285 6119
f 6125 6124 6119 6120
f 6199 6120 6121
f 6125 6199 6126
f 6120 6199 6125
f 6324 6323 6206 6322
f 6321 6208 6323 6324
f 6323 6198 6206
f 6207 6323 6208
f 6198 6323 6207
f 6205 6200 6207 6208
f 6207 6121 6198
f 6199 6207 6200
f 6121 6207 6199
f 6197 6126 6199 6200
f 6127 6288 6290 6289
f 6289 6290 6284 6123
f 6289 6128 6127
f 6124 6289 6123
f 6128 6289 6124
f 6129 6128 6124 6125
f 6265 6125 6126
f 6129 6265 6130
f 6125 6265 6129
f 6266 6265 6126 6197
f 6262 6130 6265 6266
f 6131 6291 6293 6292
f 6292 6293 6288 6127
f 6292 6132 6131
f 6128 6292 6127
f 6132 6292 6128
f 6133 6132 6128 6129
f 6263 6129 6130
f 6133 6263 6134
f 6129 6263 6133
f 6264 6263 6130 6262
f 6259 6134 6263 6264
f 6135 6294 6296 6295
f 6295 6296 6291 6131
f 6295 6136 6135
f 6132 6295 6131
f 6136 6295 6132
f 6137 6136 6132 6133
f 6260 6133 6134
f 6137 6260 6138
f 6133 6260 6137
f 6261 6260 6134 6259
f 6256 6138 6260 6261
f 6139 6297 6299 6298
f 6298 6299 6294 6135
f 6298 6140 6139
f 6136 6298 6135
f 6140 6298 6136
f 6141 6140 6136 6137
f 6257 6137 6138
f 6141 6257 6142
f 6137 6257 6141
f 6258 6257 6138 6256
f 6253 6142 6257 6258
f 6143 6300 6302 6301
f 6301 6302 6297 6139
f 6301 6144 6143
f 6140 6301 6139
f 6144 6301 6140
f 6145 6144 6140 6141
f 6254 6141 6142
f 6145 6254 6146
f 6141 6254 6145
f 6255 6254 6142 6253
f 6250 6146 6254 6255
f 6147 6304 6303
f 6303 6304 6300 6143
f 6303 6148 6147
f 6144 6303 6143
f 6148 6303 6144
f 6149 6148 6144 6145
f 6251 6145 6146
f 6149 6251 6150
f 6145 6251 6149
f 6252 6251 6146 6250
f 6247 6150 6251 6252
f 6306 6152 6151
f 6148 6306 6147
f 6152 6306 6148
f 6153 6152 6148 6149
f 6248 6149 6150
f 6153 6248 6154
f 6149 6248 6153
f 6249 6248 6150 6247
f 6244 6154 6248 6249
f 6305 6156 6155
f 6152 6305 6151
f 6156 6305 6152
f 6157 6156 6152 6153
f 6245 6153 6154
f 6157 6245 6158
f 6153 6245 6157
f 6246 6245 6154 6244
f 6243 6158 6245 6246
f 6307 6160 6159
f 6156 6307 6155
f 6160 6307 6156
f 6161 6160 6156 6157
f 6162 6161 6157 6158
f 6308 6164 6163
f 6160 6308 6159
f 6164 6308 6160
f 6165 6164 6160 6161
f 6241 6161 6162
f 6165 6241 6166
f 6161 6241 6165
f 6242 6241 6162 6240
f 6237 6166 6241 6242
f 6309 6168 6167
f 6164 6309 6163
f 6168 6309 6164
f 6169 6168 6164 6165
f 6238 6165 6166
f 6169 6238 6170
f 6165 6238 6169
f 6239 6238 6166 6237
f 6234 6170 6238 6239
f 6171 6311 6310
f 6310 6172 6171
f 6168 6310 6167
f 6172 6310 6168
f 6173 6172 6168 6169
f 6235 6169 6170
f 6173 6235 6174
f 6169 6235 6173
f 6236 6235 6170 6234
f 6231 6174 6235 6236
f 6175 6312 6314 6313
f 6314 6171 6313
f 6313 6176 6175
f 6172 6313 6171
f 6176 6313 6172
f 6177 6176 6172 6173
f 6232 6173 6174
f 6177 6232 6178
f 6173 6232 6177
f 6233 6232 6174 6231
f 6215 6178 6232 6233
f 6179 6315 6317 6316
f 6316 6317 6312 6175
f 6316 6180 6179
f 6176 6316 6175
f 6180 6316 6176
f 6181 6180 6176 6177
f 6216 6177 6178
f 6181 6216 6182
f 6177 6216 6181
f 6217 6216 6178 6215
f 6190 6182 6216 6217
f 6183 6318 6320 6319
f 6319 6320 6315 6179
f 6319 6184 6183
f 6180 6319 6179
f 6184 6319 6180
f 6185 6184 6180 6181
f 6191 6181 6182
f 6185 6191 6186
f 6181 6191 6185
f 6204 6203 6196 6202
f 6201 6193 6203 6204
f 6211 6210 6194 6209
f 6202 6196 6210 6211
f 6210 6192 6194
f 6195 6210 6196
f 6192 6210 6195
f 6203 6195 6196
f 6189 6203 6193
f 6195 6203 6189
f 6214 6213 6190 6212
f 6194 6192 6213 6214
f 6213 6182 6190
f 6191 6213 6192
f 6182 6213 6191
f 6195 6191 6192
f 6186 6195 6189
f 6191 6195 6186
f 6286 6287 6267
f 6268 6267 6287
f 6269 6268 6290
f 6287 6284 6268
f 6270 6269 6293
f 6268 6284 6290
f 6269 6288 6293
f 6270 6291 6296
f 6291 6270 6293
f 6288 6269 6290
f 6296 6271 6270
f 6294 6299 6271
f 6272 6271 6299
f 6296 6294 6271
f 6302 6272 6297
f 6274 6273 6304
f 6302 6273 6272
f 6299 6297 6272
f 6273 6302 6300
f 6273 6300 6304
f 6304 6147 6274
f 6147 6306 6274
f 6275 6306 6151
f 6151 6305 6275
f 6306 6275 6274
f 6197 6200 6205
f 6197 6205 6230
f 6321 6205 6208
f 6266 6197 6230
f 6264 6262 6229
f 6262 6266 6229
f 6259 6264 6229
f 6122 6324 6322
f 6321 6324 6122
f 6122 6230 6321
f 6230 6205 6321
f 6229 6266 6230
f 6229 6228 6259
f 6228 6261 6259
f 6227 6256 6261 6228
f 6227 6258 6256
f 6226 6255 6253
f 6225 6252 6250
f 6226 6250 6255
f 6227 6253 6258
f 6226 6253 6227
f 6225 6250 6226
f 6224 6249 6247
f 6246 6244 6224
f 6249 6224 6244
f 6225 6224 6247
f 6252 6225 6247
f 6155 6276 6305
f 6275 6305 6276
f 6307 6276 6155
f 6278 6277 6308
f 6277 6307 6159
f 6276 6307 6277
f 6309 6279 6278
f 6278 6308 6163
f 6309 6278 6163
f 6308 6277 6159
f 6162 6158 6243 6240
f 6167 6279 6309
f 6280 6311 6171
f 6279 6311 6280
f 6281 6280 6314
f 6314 6280 6171
f 6282 6281 6317
f 6314 6312 6281
f 6281 6312 6317
f 6320 6283 6282
f 6167 6310 6311 6279
f 6282 6317 6315
f 6283 6320 6318
f 6320 6282 6315
f 6243 6223 6222 6240
f 6222 6242 6240
f 6221 6239 6237
f 6220 6236 6234
f 6220 6234 6239
f 6221 6237 6242
f 6221 6242 6222
f 6219 6233 6231
f 6219 6231 6236 6220
f 6219 6215 6233
f 6239 6221 6220
f 6246 6223 6243
f 6217 6215 6218
f 6212 6190 6217
f 6209 6214 6212
f 6214 6209 6194
f 6212 6217 6218
f 6209 6212 6188
f 6218 6188 6212
f 6211 6209 6188
f 6202 6211 6188
f 6187 6204 6202 6188
f 6204 6187 6201
f 6219 6218 6215
f 6224 6223 6246
f 6448 6447 6440 6446
f 6445 6442 6447 6448
f 6447 6391 6440
f 6441 6447 6442
f 6391 6447 6441
f 6439 6392 6441 6442
f 6441 6330 6391
f 6338 6441 6392
f 6330 6441 6338
f 6388 6328 6338 6392
f 6454 6453 6451 6452
f 6446 6440 6453 6454
f 6451 6450 6444 6449
f 6453 6450 6451
f 6391 6453 6440
f 6450 6453 6391
f 6444 6332 6329 6443
f 6450 6332 6444
f 6330 6450 6391
f 6332 6450 6330
f 6330 6331 6334 6332
f 6332 6334 6333 6329
f 6328 6337 6339 6338
f 6338 6339 6331 6330
f 6387 6386 6341 6385
f 6382 6340 6386 6387
f 6390 6389 6328 6388
f 6385 6341 6389 6390
f 6381 6380 6378 6379
f 6375 6370 6380 6381
f 6384 6383 6340 6382
f 6379 6378 6383 6384
f 6374 6373 6371 6372
f 6367 6364 6373 6374
f 6377 6376 6370 6375
f 6372 6371 6376 6377
f 6369 6368 6364 6367
f 6366 6365 6368 6369
f 6427 6426 6418 6425
f 6424 6420 6426 6427
f 6426 6415 6418
f 6419 6426 6420
f 6415 6426 6419
f 6417 6412 6419 6420
f 6436 6435 6430 6434
f 6425 6418 6435 6436
f 6430 6429 6413 6428
f 6435 6429 6430
f 6415 6435 6418
f 6429 6435 6415
f 6429 6411 6413
f 6414 6429 6415
f 6411 6429 6414
f 6419 6414 6415
f 6409 6419 6412
f 6414 6419 6409
f 6433 6432 6410 6431
f 6413 6411 6432 6433
f 6423 6422 6409 6412
f 6421 6416 6422 6423
f 6408 6407 6405 6406
f 6402 6399 6407 6408
f 6404 6403 6399 6402
f 6401 6400 6403 6404
f 6482 6481 6336 6480
f 6479 6335 6481 6482
f 6335 6483 6485 6481
f 6481 6485 6484 6336
f 6334 6325 6333
f 6334 6331 6327
f 6327 6325 6334
f 6331 6339 6327
f 6337 6327 6339
f 6389 6337 6328
f 6386 6342 6337
f 6444 6443 6438 6449
f 6439 6388 6392
f 6337 6389 6341
f 6361 6385 6390
f 6386 6337 6341
f 6362 6390 6388
f 6342 6327 6337
f 6342 6340 6383
f 6342 6378 6380
f 6378 6342 6383
f 6376 6342 6370
f 6365 6478 6343
f 6342 6373 6364 6343
f 6343 6476 6475 6344
f 6380 6370 6342
f 6342 6386 6340
f 6359 6384 6382
f 6360 6382 6387
f 6342 6371 6373
f 6343 6364 6368
f 6343 6368 6365
f 6371 6342 6376
f 6344 6473 6472 6345
f 6361 6387 6385
f 6452 6451 6449
f 6437 6452 6438
f 6449 6438 6452
f 6362 6361 6390
f 6442 6445 6439
f 6358 6381 6379 6359
f 6379 6384 6359
f 6437 6454 6452
f 6363 6448 6446
f 6446 6437 6363
f 6363 6445 6448
f 6454 6437 6446
f 6363 6362 6445
f 6362 6439 6445
f 6362 6388 6439
f 6361 6360 6387
f 6382 6360 6359
f 6357 6377 6375
f 6357 6375 6381 6358
f 6377 6357 6356 6372
f 6367 6374 6355
f 6369 6367 6355
f 6374 6372 6356
f 6366 6369 6355
f 6374 6356 6355
f 6365 6366 6478
f 6478 6366 6355
f 6476 6343 6477
f 6474 6344 6475
f 6473 6344 6474
f 6478 6477 6343
f 6472 6471 6345
f 6410 6346 6469
f 6432 6346 6410
f 6346 6432 6411
f 6411 6414 6346
f 6422 6347 6409
f 6346 6414 6409
f 6347 6405 6348
f 6348 6400 6467
f 6347 6346 6409
f 6347 6422 6416
f 6395 6405 6347
f 6347 6416 6396
f 6348 6407 6399
f 6348 6403 6400
f 6467 6349 6348
f 6403 6348 6399
f 6407 6348 6405
f 6349 6466 6465
f 6465 6350 6349
f 6431 6410 6469
f 6351 6350 6463
f 6353 6352 6461
f 6352 6351 6462
f 6484 6326 6354
f 6326 6484 6485
f 6326 6485 6483
f 6458 6354 6353
f 6484 6354 6457
f 6352 6462 6461
f 6350 6464 6463
f 6351 6463 6462
f 6460 6459 6353
f 6353 6461 6460
f 6458 6353 6459
f 6457 6354 6458
f 6456 6336 6484
f 6456 6484 6457
f 6465 6464 6350
f 6428 6413 6433
f 6434 6430 6428
f 6468 6428 6433
f 6417 6420 6424
f 6398 6436 6434
f 6417 6423 6412
f 6468 6434 6428
f 6345 6471 6470
f 6469 6468 6431
f 6346 6470 6469
f 6397 6427 6425
f 6398 6397 6425
f 6424 6427 6397
f 6417 6424 6397
f 6434 6468 6398
f 6398 6425 6436
f 6397 6396 6417
f 6431 6468 6433
f 6417 6396 6421
f 6394 6408 6406
f 6395 6406 6405
f 6347 6396 6395
f 6394 6404 6402
f 6349 6467 6466
f 6456 6480 6336
f 6455 6482 6480
f 6393 6401 6404
f 6394 6402 6408
f 6404 6394 6393
f 6396 6416 6421
f 6406 6395 6394
f 6455 6479 6482
f 6455 6480 6456
f 6401 6393 6467
f 6401 6467 6400
f 6423 6417 6421
f 6346 6345 6470
f 6504 6491 6486
f 6503 6493 6492
f 6504 6492 6491
f 6503 6492 6504
f 6501 6494 6502
f 6493 6503 6502
f 6495 6494 6501
f 6493 6502 6494
f 6496 6495 6500
f 6489 6487 6497
f 6496 6489 6497
f 6489 6496 6499
f 6499 6496 6500
f 6488 6490 6498
f 6499 6498 6490
f 6499 6490 6489
f 6501 6500 6495
f 6565 6508 6505
f 6509 6508 6563
f 6564 6508 6565
f 6510 6560 6511
f 6562 6510 6509
f 6512 6511 6559
f 6512 6558 6513
f 6514 6513 6557
f 6516 6515 6554
f 6515 6514 6555
f 6518 6517 6552
f 6520 6519 6549
f 6519 6518 6550
f 6517 6516 6553
f 6521 6520 6548
f 6563 6508 6564
f 6510 6561 6560
f 6561 6510 6562
f 6512 6559 6558
f 6513 6558 6557
f 6511 6560 6559
f 6562 6509 6563
f 6517 6553 6552
f 6519 6550 6549
f 6552 6551 6518
f 6555 6514 6556
f 6557 6556 6514
f 6554 6515 6555
f 6554 6553 6516
f 6518 6551 6550
f 6549 6548 6520
f 6548 6547 6521
f 6546 6523 6522
f 6524 6523 6544
f 6545 6523 6546
f 6525 6541 6526
f 6543 6525 6524
f 6527 6526 6540
f 6527 6538 6528
f 6547 6546 6522
f 6529 6528 6537
f 6531 6530 6569
f 6530 6529 6570
f 6533 6532 6568
f 6535 6534 6566
f 6534 6533 6567
f 6532 6531 6568
f 6506 6535 6507
f 6543 6524 6544
f 6545 6544 6523
f 6526 6541 6540
f 6527 6540 6539
f 6541 6525 6542
f 6543 6542 6525
f 6531 6569 6568
f 6568 6567 6533
f 6539 6538 6527
f 6537 6528 6538
f 6537 6536 6529
f 6529 6536 6570
f 6530 6570 6569
f 6534 6567 6566
f 6535 6566 6507
f 6521 6547 6522
f 6575 6734 6736 6735
f 6735 6736 6725 6724
f 6724 6725 6728 6726
f 6726 6728 6727 6571
f 6576 6729 6732 6730
f 6730 6732 6731 6572
f 6726 6732 6724
f 6731 6726 6571
f 6732 6726 6731
f 6735 6729 6575
f 6732 6735 6724
f 6729 6735 6732
f 6635 6730 6572 6573
f 6730 6635 6577 6576
f 6816 6815 6642 6814
f 6813 6644 6815 6816
f 6815 6634 6642
f 6643 6815 6644
f 6634 6815 6643
f 6641 6636 6643 6644
f 6643 6573 6634
f 6635 6643 6636
f 6573 6643 6635
f 6633 6577 6635 6636
f 6737 6738 6740 6739
f 6739 6740 6734 6575
f 6579 6741 6743 6742
f 6742 6743 6729 6576
f 6739 6743 6737
f 6729 6739 6575
f 6743 6739 6729
f 6741 6578 6737 6743
f 6701 6742 6576 6577
f 6742 6701 6580 6579
f 6702 6701 6577 6633
f 6698 6580 6701 6702
f 6581 6745 6744
f 6745 6578 6744
f 6741 6744 6578
f 6744 6582 6581
f 6582 6741 6579
f 6741 6582 6744
f 6699 6579 6580
f 6582 6699 6583
f 6579 6699 6582
f 6700 6699 6580 6698
f 6695 6583 6699 6700
f 6584 6746 6748 6747
f 6748 6581 6747
f 6747 6585 6584
f 6582 6747 6581
f 6585 6747 6582
f 6696 6582 6583
f 6585 6696 6586
f 6582 6696 6585
f 6697 6696 6583 6695
f 6692 6586 6696 6697
f 6587 6749 6751 6750
f 6750 6751 6746 6584
f 6750 6588 6587
f 6585 6750 6584
f 6588 6750 6585
f 6693 6585 6586
f 6588 6693 6589
f 6585 6693 6588
f 6694 6693 6586 6692
f 6689 6589 6693 6694
f 6590 6752 6754 6753
f 6753 6754 6749 6587
f 6753 6591 6590
f 6588 6753 6587
f 6591 6753 6588
f 6690 6588 6589
f 6591 6690 6592
f 6588 6690 6591
f 6691 6690 6589 6689
f 6686 6592 6690 6691
f 6759 6593 6755
f 6756 6759 6757
f 6593 6759 6756
f 6756 6757 6752 6590
f 6755 6758 6761 6759
f 6759 6761 6760 6757
f 6756 6594 6593
f 6591 6756 6590
f 6594 6756 6591
f 6687 6591 6592
f 6594 6687 6595
f 6591 6687 6594
f 6688 6687 6592 6686
f 6683 6595 6687 6688
f 6769 6596 6762
f 6763 6769 6764
f 6596 6769 6763
f 6766 6763 6764
f 6593 6766 6755
f 6763 6766 6593
f 6764 6765 6767 6766
f 6766 6767 6758 6755
f 6762 6768 6770 6769
f 6769 6770 6765 6764
f 6763 6597 6596
f 6594 6763 6593
f 6597 6763 6594
f 6684 6594 6595
f 6597 6684 6598
f 6594 6684 6597
f 6685 6684 6595 6683
f 6680 6598 6684 6685
f 6778 6599 6771
f 6772 6778 6773
f 6599 6778 6772
f 6775 6772 6773
f 6596 6775 6762
f 6772 6775 6596
f 6773 6774 6776 6775
f 6775 6776 6768 6762
f 6771 6777 6779 6778
f 6778 6779 6774 6773
f 6772 6600 6599
f 6597 6772 6596
f 6600 6772 6597
f 6681 6597 6598
f 6600 6681 6601
f 6597 6681 6600
f 6682 6681 6598 6680
f 6679 6601 6681 6682
f 6602 6780 6782 6781
f 6784 6781 6782
f 6599 6784 6771
f 6781 6784 6599
f 6782 6783 6785 6784
f 6784 6785 6777 6771
f 6781 6603 6602
f 6600 6781 6599
f 6603 6781 6600
f 6604 6603 6600 6601
f 6605 6786 6788 6787
f 6787 6788 6780 6602
f 6787 6606 6605
f 6603 6787 6602
f 6606 6787 6603
f 6677 6603 6604
f 6606 6677 6607
f 6603 6677 6606
f 6678 6677 6604 6676
f 6673 6607 6677 6678
f 6608 6789 6791 6790
f 6790 6791 6786 6605
f 6790 6609 6608
f 6606 6790 6605
f 6609 6790 6606
f 6674 6606 6607
f 6609 6674 6610
f 6606 6674 6609
f 6675 6674 6607 6673
f 6670 6610 6674 6675
f 6611 6793 6792
f 6792 6793 6789 6608
f 6792 6612 6611
f 6609 6792 6608
f 6612 6792 6609
f 6671 6609 6610
f 6612 6671 6613
f 6609 6671 6612
f 6672 6671 6610 6670
f 6667 6613 6671 6672
f 6794 6802 6614
f 6802 6612 6615
f 6612 6794 6611
f 6794 6612 6802
f 6668 6612 6613
f 6615 6668 6616
f 6612 6668 6615
f 6669 6668 6613 6667
f 6651 6616 6668 6669
f 6617 6796 6799 6797
f 6797 6799 6798 6795
f 6618 6800 6803 6801
f 6801 6803 6802 6615
f 6803 6795 6614 6802
f 6797 6800 6617
f 6803 6797 6795
f 6800 6797 6803
f 6652 6801 6615 6616
f 6801 6652 6619 6618
f 6653 6652 6616 6651
f 6626 6619 6652 6653
f 6620 6810 6812 6811
f 6811 6812 6804 6733
f 6733 6804 6806 6805
f 6805 6806 6796 6617
f 6621 6807 6809 6808
f 6808 6809 6800 6618
f 6805 6809 6733
f 6800 6805 6617
f 6809 6805 6800
f 6811 6807 6620
f 6809 6811 6733
f 6807 6811 6809
f 6627 6808 6618 6619
f 6808 6627 6622 6621
f 6640 6639 6632 6638
f 6637 6629 6639 6640
f 6647 6646 6630 6645
f 6638 6632 6646 6647
f 6646 6628 6630
f 6631 6646 6632
f 6628 6646 6631
f 6639 6631 6632
f 6625 6639 6629
f 6631 6639 6625
f 6650 6649 6626 6648
f 6630 6628 6649 6650
f 6649 6619 6626
f 6627 6649 6628
f 6619 6649 6627
f 6631 6627 6628
f 6622 6631 6625
f 6627 6631 6622
f 6745 6707 6706
f 6738 6706 6705
f 6740 6738 6705
f 6581 6707 6745
f 6746 6708 6748
f 6707 6748 6708
f 6581 6748 6707
f 6708 6746 6751
f 6751 6709 6708
f 6706 6578 6745
f 6728 6703 6727
f 6728 6725 6704
f 6704 6703 6728
f 6725 6736 6704
f 6736 6705 6704
f 6734 6705 6736
f 6734 6740 6705
f 6710 6709 6754
f 6760 6761 6711
f 6711 6710 6760
f 6760 6710 6752
f 6767 6712 6758
f 6761 6758 6711
f 6712 6711 6758
f 6770 6713 6712
f 6754 6709 6749
f 6757 6760 6752
f 6754 6752 6710
f 6712 6767 6765
f 6713 6770 6768
f 6770 6712 6765
f 6768 6776 6713
f 6751 6749 6709
f 6578 6738 6737
f 6641 6633 6636
f 6665 6700 6698
f 6665 6698 6702
f 6738 6578 6706
f 6666 6702 6633
f 6813 6816 6574
f 6814 6574 6816
f 6666 6641 6813
f 6644 6813 6641
f 6633 6641 6666
f 6666 6665 6702
f 6574 6666 6813
f 6665 6695 6700
f 6664 6692 6697
f 6664 6697 6695
f 6663 6689 6694
f 6662 6686 6691
f 6662 6691 6689
f 6663 6694 6692
f 6664 6663 6692
f 6686 6661 6688
f 6662 6689 6663
f 6686 6662 6661
f 6660 6685 6683
f 6661 6660 6683
f 6680 6685 6660
f 6682 6680 6660
f 6688 6661 6683
f 6665 6664 6695
f 6774 6714 6776
f 6713 6776 6714
f 6714 6774 6779
f 6779 6715 6714
f 6785 6715 6777
f 6717 6716 6788
f 6783 6716 6715
f 6779 6777 6715
f 6715 6785 6783
f 6783 6782 6780
f 6783 6780 6716
f 6716 6780 6788
f 6788 6786 6717
f 6791 6717 6786
f 6791 6789 6718
f 6717 6791 6718
f 6789 6793 6718
f 6719 6718 6793
f 6793 6611 6719
f 6794 6720 6719
f 6721 6796 6722
f 6798 6799 6721
f 6812 6723 6722
f 6720 6798 6721
f 6794 6614 6720
f 6721 6799 6796
f 6794 6719 6611
f 6720 6614 6798
f 6722 6806 6804
f 6723 6812 6810
f 6812 6722 6804
f 6806 6722 6796
f 6679 6676 6604 6601
f 6659 6679 6682
f 6658 6678 6676
f 6657 6675 6673
f 6657 6673 6678
f 6679 6659 6658 6676
f 6675 6656 6670
f 6657 6678 6658
f 6675 6657 6656
f 6656 6667 6672
f 6667 6656 6655
f 6655 6669 6667
f 6670 6656 6672
f 6660 6659 6682
f 6798 6614 6795
f 6654 6651 6669 6655
f 6648 6626 6653
f 6645 6650 6648
f 6654 6653 6651
f 6653 6654 6648
f 6645 6648 6624
f 6647 6645 6624
f 6648 6654 6624
f 6630 6650 6645
f 6624 6640 6638
f 6624 6623 6640
f 6637 6640 6623
f 6647 6624 6638
f 6847 6848 6851 6849
f 6849 6851 6850 6846
f 6845 6854 6856 6855
f 6855 6856 6848 6847
f 6852 6880 6883 6881
f 6881 6883 6882 6853
f 6851 6817 6850
f 6848 6844 6851
f 6817 6851 6844
f 6818 6849 6846
f 6875 6847 6849
f 6856 6844 6848
f 6857 6854 6872
f 6858 6877 6876 6859
f 6857 6871 6870 6858
f 6854 6844 6856
f 6859 6879 6843 6860
f 6860 6842 6841 6861
f 6857 6844 6854
f 6875 6855 6847
f 6875 6849 6818
f 6874 6845 6855 6875
f 6873 6845 6874
f 6854 6845 6873
f 6871 6857 6872
f 6873 6872 6854
f 6878 6858 6870
f 6878 6877 6858
f 6840 6861 6841
f 6843 6842 6860
f 6876 6879 6859
f 6840 6839 6861
f 6861 6839 6838 6862
f 6862 6837 6836 6863
f 6863 6835 6834 6864
f 6837 6862 6838
f 6865 6830 6829 6866
f 6864 6833 6832 6865
f 6866 6828 6827 6867
f 6868 6824 6823 6869
f 6883 6819 6882
f 6869 6882 6819
f 6869 6821 6882
f 6881 6853 6820
f 6880 6819 6883
f 6853 6882 6821
f 6867 6826 6825 6868
f 6852 6881 6820
f 6863 6836 6835
f 6864 6834 6833
f 6865 6832 6831
f 6830 6865 6831
f 6826 6867 6827
f 6869 6822 6821
f 6853 6821 6820
f 6822 6869 6823
f 6824 6868 6825
f 6828 6866 6829
f 6885 6888 6884
f 6889 6884 6888
f 6887 6890 6889
f 6890 6887 6886
f 6888 6887 6889
f 6916 6918 6917 6915
f 6912 6911 6913 6914
f 6895 6894 6913
f 6896 6895 6915
f 6897 6917 6898
f 6899 6898 6917
f 6896 6915 6897
f 6917 6897 6915
f 6895 6913 6911
f 6914 6893 6892
f 6894 6893 6913
f 6913 6893 6914
f 6892 6891 6914
f 6912 6891 6910
f 6910 6909 6912
f 6891 6912 6914
f 6915 6895 6905
f 6917 6901 6900
f 6918 6901 6917
f 6903 6902 6918
f 6901 6918 6902
f 6904 6903 6916
f 6918 6916 6903
f 6916 6915 6905
f 6908 6907 6912
f 6911 6912 6907
f 6909 6908 6912
f 6905 6911 6906
f 6906 6911 6907
f 6911 6905 6895
f 6905 6904 6916
f 6917 6900 6899
f 6925 6924 6923
f 6923 6926 6925
f 6922 6926 6923
f 6927 6922 6921
f 6927 6921 6920
f 6919 6928 6920
f 6922 6927 6926
f 6919 6929 6928
f 6929 6919 6930
f 6930 6919 6934
f 6931 6934 6933
f 6933 6932 6931
f 6931 6930 6934
f 6927 6920 6928
f 6935 6936 6937
f 6938 6940 6939
